ISO-10303-21;
HEADER;
FILE_DESCRIPTION( ( 'Unknown' ), '1' );
FILE_NAME( '//Ntcw022/edgesv/fsw/ユーザ提出用データ/ﾌﾟｯｼｭｽｲｯﾁ/ESE20/ese20d443-std-sk-r00.stp', 'Unknown', ( 'Unknown' ), ( 'Unknown' ), 'PSStep 10.0', 'Unknown', '  ' );
FILE_SCHEMA( ( 'AUTOMOTIVE_DESIGN { 1 0 10303 214 1 1 1 1 }' ) );
ENDSEC;
DATA;
#1 = MECHANICAL_DESIGN_GEOMETRIC_PRESENTATION_REPRESENTATION( ' ', ( #38, #39, #40, #41, #42, #43, #44, #45, #46, #47, #48, #49, #50, #51, #52, #53, #54, #55, #56, #57, #58, #59, #60, #61, #62, #63, #64, #65, #66, #67, #68, #69, #70, #71, #72, #73, #74, #75, #76, #77, #78, #79, #80, #81, #82, #83, #84, #85, #86, #87, #88, #89, #90, #91, #92, #93, #94, #95, #96, #97, #98, #99, #100, #101, #102, #103, #104, #105, #106, #107, #108, #109, #110, #111, #112, #113, #114, #115, #116, #117, #118, #119, #120, #121, #122, #123, #124, #125, #126, #127, #128, #129, #130, #131, #132, #133, #134, #135, #136, #137, #138, #139, #140, #141, #142, #143, #144, #145, #146, #147, #148, #149, #150, #151, #152, #153, #154, #155, #156, #157, #158, #159, #160, #161, #162, #163, #164, #165, #166, #167, #168, #169, #170, #171, #172, #173, #174, #175, #176, #177, #178, #179, #180, #181, #182, #183, #184, #185, #186, #187, #188, #189, #190, #191, #192, #193, #194, #195, #196, #197, #198, #199, #200, #201, #202, #203, #204, #205, #206, #207, #208, #209, #210, #211, #212, #213, #214, #215, #216, #217, #218, #219, #220, #221, #222, #223, #224, #225, #226, #227, #228, #229, #230, #231, #232, #233, #234, #235, #236, #237, #238, #239, #240, #241, #242, #243, #244, #245, #246, #247, #248, #249, #250, #251, #252, #253, #254, #255, #256, #257, #258, #259, #260, #261, #262, #263, #264, #265, #266, #267, #268, #269, #270, #271, #272, #273, #274, #275, #276, #277, #278, #279, #280, #281, #282, #283, #284, #285, #286, #287, #288, #289, #290, #291, #292, #293, #294, #295, #296, #297, #298, #299, #300, #301, #302, #303, #304, #305, #306, #307, #308, #309, #310, #311, #312, #313, #314, #315, #316, #317, #318, #319, #320, #321, #322, #323, #324, #325, #326, #327, #328, #329, #330, #331, #332, #333, #334, #335, #336, #337, #338, #339, #340, #341, #342, #343, #344, #345, #346, #347, #348, #349, #350, #351, #352, #353, #354, #355, #356, #357, #358, #359, #360, #361, #362, #363, #364, #365, #366, #367, #368, #369, #370, #371, #372, #373, #374 ), #34 );
#2 = PRODUCT_DEFINITION_CONTEXT( '', #375, 'design' );
#3 = APPLICATION_PROTOCOL_DEFINITION( 'INTERNATIONAL STANDARD', 'automotive_design', 2001, #375 );
#4 = PRODUCT_CATEGORY_RELATIONSHIP( 'NONE', 'NONE', #376, #377 );
#5 = SHAPE_DEFINITION_REPRESENTATION( #378, #379 );
#6 = PRODUCT_DEFINITION_CONTEXT( '', #380, 'design' );
#7 = APPLICATION_PROTOCOL_DEFINITION( 'INTERNATIONAL STANDARD', 'automotive_design', 2001, #380 );
#8 = PRODUCT_CATEGORY_RELATIONSHIP( 'NONE', 'NONE', #381, #382 );
#9 = SHAPE_DEFINITION_REPRESENTATION( #383, #384 );
#10 = PRODUCT_DEFINITION_CONTEXT( '', #385, 'design' );
#11 = APPLICATION_PROTOCOL_DEFINITION( 'INTERNATIONAL STANDARD', 'automotive_design', 2001, #385 );
#12 = PRODUCT_CATEGORY_RELATIONSHIP( 'NONE', 'NONE', #386, #387 );
#13 = SHAPE_DEFINITION_REPRESENTATION( #388, #389 );
#14 = PRODUCT_DEFINITION_CONTEXT( '', #390, 'design' );
#15 = APPLICATION_PROTOCOL_DEFINITION( 'INTERNATIONAL STANDARD', 'automotive_design', 2001, #390 );
#16 = PRODUCT_CATEGORY_RELATIONSHIP( 'NONE', 'NONE', #391, #392 );
#17 = SHAPE_DEFINITION_REPRESENTATION( #393, #394 );
#18 = PRODUCT_DEFINITION_CONTEXT( '', #395, 'design' );
#19 = APPLICATION_PROTOCOL_DEFINITION( 'INTERNATIONAL STANDARD', 'automotive_design', 2001, #395 );
#20 = PRODUCT_CATEGORY_RELATIONSHIP( 'NONE', 'NONE', #396, #397 );
#21 = SHAPE_DEFINITION_REPRESENTATION( #398, #399 );
#22 = PRODUCT_DEFINITION_CONTEXT( '', #400, 'design' );
#23 = APPLICATION_PROTOCOL_DEFINITION( 'INTERNATIONAL STANDARD', 'automotive_design', 2001, #400 );
#24 = PRODUCT_CATEGORY_RELATIONSHIP( 'NONE', 'NONE', #401, #402 );
#25 = SHAPE_DEFINITION_REPRESENTATION( #403, #404 );
#26 = PRODUCT_DEFINITION_CONTEXT( '', #405, 'design' );
#27 = APPLICATION_PROTOCOL_DEFINITION( 'INTERNATIONAL STANDARD', 'automotive_design', 2001, #405 );
#28 = PRODUCT_CATEGORY_RELATIONSHIP( 'NONE', 'NONE', #406, #407 );
#29 = SHAPE_DEFINITION_REPRESENTATION( #408, #409 );
#30 = PRODUCT_DEFINITION_CONTEXT( '', #410, 'design' );
#31 = APPLICATION_PROTOCOL_DEFINITION( 'INTERNATIONAL STANDARD', 'automotive_design', 2001, #410 );
#32 = PRODUCT_CATEGORY_RELATIONSHIP( 'NONE', 'NONE', #411, #412 );
#33 = SHAPE_DEFINITION_REPRESENTATION( #413, #414 );
#34 =  ( GEOMETRIC_REPRESENTATION_CONTEXT( 3 )GLOBAL_UNCERTAINTY_ASSIGNED_CONTEXT( ( #417 ) )GLOBAL_UNIT_ASSIGNED_CONTEXT( ( #419, #420, #421 ) )REPRESENTATION_CONTEXT( 'NONE', 'WORKSPACE' ) );
#38 = STYLED_ITEM( '', ( #423 ), #424 );
#39 = STYLED_ITEM( '', ( #425 ), #426 );
#40 = STYLED_ITEM( '', ( #427 ), #428 );
#41 = STYLED_ITEM( '', ( #429 ), #430 );
#42 = STYLED_ITEM( '', ( #431 ), #432 );
#43 = STYLED_ITEM( '', ( #433 ), #434 );
#44 = STYLED_ITEM( '', ( #435 ), #436 );
#45 = STYLED_ITEM( '', ( #437 ), #438 );
#46 = STYLED_ITEM( '', ( #439 ), #440 );
#47 = STYLED_ITEM( '', ( #441 ), #442 );
#48 = STYLED_ITEM( '', ( #443 ), #444 );
#49 = STYLED_ITEM( '', ( #445 ), #446 );
#50 = STYLED_ITEM( '', ( #447 ), #448 );
#51 = STYLED_ITEM( '', ( #449 ), #450 );
#52 = STYLED_ITEM( '', ( #451 ), #452 );
#53 = STYLED_ITEM( '', ( #453 ), #454 );
#54 = STYLED_ITEM( '', ( #455 ), #456 );
#55 = STYLED_ITEM( '', ( #457 ), #458 );
#56 = STYLED_ITEM( '', ( #459 ), #460 );
#57 = STYLED_ITEM( '', ( #461 ), #462 );
#58 = STYLED_ITEM( '', ( #463 ), #464 );
#59 = STYLED_ITEM( '', ( #465 ), #466 );
#60 = STYLED_ITEM( '', ( #467 ), #468 );
#61 = STYLED_ITEM( '', ( #469 ), #470 );
#62 = STYLED_ITEM( '', ( #471 ), #472 );
#63 = STYLED_ITEM( '', ( #473 ), #474 );
#64 = STYLED_ITEM( '', ( #475 ), #476 );
#65 = STYLED_ITEM( '', ( #477 ), #478 );
#66 = STYLED_ITEM( '', ( #479 ), #480 );
#67 = STYLED_ITEM( '', ( #481 ), #482 );
#68 = STYLED_ITEM( '', ( #483 ), #484 );
#69 = STYLED_ITEM( '', ( #485 ), #486 );
#70 = STYLED_ITEM( '', ( #487 ), #488 );
#71 = STYLED_ITEM( '', ( #489 ), #490 );
#72 = STYLED_ITEM( '', ( #491 ), #492 );
#73 = STYLED_ITEM( '', ( #493 ), #494 );
#74 = STYLED_ITEM( '', ( #495 ), #496 );
#75 = STYLED_ITEM( '', ( #497 ), #498 );
#76 = STYLED_ITEM( '', ( #499 ), #500 );
#77 = STYLED_ITEM( '', ( #501 ), #502 );
#78 = STYLED_ITEM( '', ( #503 ), #504 );
#79 = STYLED_ITEM( '', ( #505 ), #506 );
#80 = STYLED_ITEM( '', ( #507 ), #508 );
#81 = STYLED_ITEM( '', ( #509 ), #510 );
#82 = STYLED_ITEM( '', ( #511 ), #512 );
#83 = STYLED_ITEM( '', ( #513 ), #514 );
#84 = STYLED_ITEM( '', ( #515 ), #516 );
#85 = STYLED_ITEM( '', ( #517 ), #518 );
#86 = STYLED_ITEM( '', ( #519 ), #520 );
#87 = STYLED_ITEM( '', ( #521 ), #522 );
#88 = STYLED_ITEM( '', ( #523 ), #524 );
#89 = STYLED_ITEM( '', ( #525 ), #526 );
#90 = STYLED_ITEM( '', ( #527 ), #528 );
#91 = STYLED_ITEM( '', ( #529 ), #530 );
#92 = STYLED_ITEM( '', ( #531 ), #532 );
#93 = STYLED_ITEM( '', ( #533 ), #534 );
#94 = STYLED_ITEM( '', ( #535 ), #536 );
#95 = STYLED_ITEM( '', ( #537 ), #538 );
#96 = STYLED_ITEM( '', ( #539 ), #540 );
#97 = STYLED_ITEM( '', ( #541 ), #542 );
#98 = STYLED_ITEM( '', ( #543 ), #544 );
#99 = STYLED_ITEM( '', ( #545 ), #546 );
#100 = STYLED_ITEM( '', ( #547 ), #548 );
#101 = STYLED_ITEM( '', ( #549 ), #550 );
#102 = STYLED_ITEM( '', ( #551 ), #552 );
#103 = STYLED_ITEM( '', ( #553 ), #554 );
#104 = STYLED_ITEM( '', ( #555 ), #556 );
#105 = STYLED_ITEM( '', ( #557 ), #558 );
#106 = STYLED_ITEM( '', ( #559 ), #560 );
#107 = STYLED_ITEM( '', ( #561 ), #562 );
#108 = STYLED_ITEM( '', ( #563 ), #564 );
#109 = STYLED_ITEM( '', ( #565 ), #566 );
#110 = STYLED_ITEM( '', ( #567 ), #568 );
#111 = STYLED_ITEM( '', ( #569 ), #570 );
#112 = STYLED_ITEM( '', ( #571 ), #572 );
#113 = STYLED_ITEM( '', ( #573 ), #574 );
#114 = STYLED_ITEM( '', ( #575 ), #576 );
#115 = STYLED_ITEM( '', ( #577 ), #578 );
#116 = STYLED_ITEM( '', ( #579 ), #580 );
#117 = STYLED_ITEM( '', ( #581 ), #582 );
#118 = STYLED_ITEM( '', ( #583 ), #584 );
#119 = STYLED_ITEM( '', ( #585 ), #586 );
#120 = STYLED_ITEM( '', ( #587 ), #588 );
#121 = STYLED_ITEM( '', ( #589 ), #590 );
#122 = STYLED_ITEM( '', ( #591 ), #592 );
#123 = STYLED_ITEM( '', ( #593 ), #594 );
#124 = STYLED_ITEM( '', ( #595 ), #596 );
#125 = STYLED_ITEM( '', ( #597 ), #598 );
#126 = STYLED_ITEM( '', ( #599 ), #600 );
#127 = STYLED_ITEM( '', ( #601 ), #602 );
#128 = STYLED_ITEM( '', ( #603 ), #604 );
#129 = STYLED_ITEM( '', ( #605 ), #606 );
#130 = STYLED_ITEM( '', ( #607 ), #608 );
#131 = STYLED_ITEM( '', ( #609 ), #610 );
#132 = STYLED_ITEM( '', ( #611 ), #612 );
#133 = STYLED_ITEM( '', ( #613 ), #614 );
#134 = STYLED_ITEM( '', ( #615 ), #616 );
#135 = STYLED_ITEM( '', ( #617 ), #618 );
#136 = STYLED_ITEM( '', ( #619 ), #620 );
#137 = STYLED_ITEM( '', ( #621 ), #622 );
#138 = STYLED_ITEM( '', ( #623 ), #624 );
#139 = STYLED_ITEM( '', ( #625 ), #626 );
#140 = STYLED_ITEM( '', ( #627 ), #628 );
#141 = STYLED_ITEM( '', ( #629 ), #630 );
#142 = STYLED_ITEM( '', ( #631 ), #632 );
#143 = STYLED_ITEM( '', ( #633 ), #634 );
#144 = STYLED_ITEM( '', ( #635 ), #636 );
#145 = STYLED_ITEM( '', ( #637 ), #638 );
#146 = STYLED_ITEM( '', ( #639 ), #640 );
#147 = STYLED_ITEM( '', ( #641 ), #642 );
#148 = STYLED_ITEM( '', ( #643 ), #644 );
#149 = STYLED_ITEM( '', ( #645 ), #646 );
#150 = STYLED_ITEM( '', ( #647 ), #648 );
#151 = STYLED_ITEM( '', ( #649 ), #650 );
#152 = STYLED_ITEM( '', ( #651 ), #652 );
#153 = STYLED_ITEM( '', ( #653 ), #654 );
#154 = STYLED_ITEM( '', ( #655 ), #656 );
#155 = STYLED_ITEM( '', ( #657 ), #658 );
#156 = STYLED_ITEM( '', ( #659 ), #660 );
#157 = STYLED_ITEM( '', ( #661 ), #662 );
#158 = STYLED_ITEM( '', ( #663 ), #664 );
#159 = STYLED_ITEM( '', ( #665 ), #666 );
#160 = STYLED_ITEM( '', ( #667 ), #668 );
#161 = STYLED_ITEM( '', ( #669 ), #670 );
#162 = STYLED_ITEM( '', ( #671 ), #672 );
#163 = STYLED_ITEM( '', ( #673 ), #674 );
#164 = STYLED_ITEM( '', ( #675 ), #676 );
#165 = STYLED_ITEM( '', ( #677 ), #678 );
#166 = STYLED_ITEM( '', ( #679 ), #680 );
#167 = STYLED_ITEM( '', ( #681 ), #682 );
#168 = STYLED_ITEM( '', ( #683 ), #684 );
#169 = STYLED_ITEM( '', ( #685 ), #686 );
#170 = STYLED_ITEM( '', ( #687 ), #688 );
#171 = STYLED_ITEM( '', ( #689 ), #690 );
#172 = STYLED_ITEM( '', ( #691 ), #692 );
#173 = STYLED_ITEM( '', ( #693 ), #694 );
#174 = STYLED_ITEM( '', ( #695 ), #696 );
#175 = STYLED_ITEM( '', ( #697 ), #698 );
#176 = STYLED_ITEM( '', ( #699 ), #700 );
#177 = STYLED_ITEM( '', ( #701 ), #702 );
#178 = STYLED_ITEM( '', ( #703 ), #704 );
#179 = STYLED_ITEM( '', ( #705 ), #706 );
#180 = STYLED_ITEM( '', ( #707 ), #708 );
#181 = STYLED_ITEM( '', ( #709 ), #710 );
#182 = STYLED_ITEM( '', ( #711 ), #712 );
#183 = STYLED_ITEM( '', ( #713 ), #714 );
#184 = STYLED_ITEM( '', ( #715 ), #716 );
#185 = STYLED_ITEM( '', ( #717 ), #718 );
#186 = STYLED_ITEM( '', ( #719 ), #720 );
#187 = STYLED_ITEM( '', ( #721 ), #722 );
#188 = STYLED_ITEM( '', ( #723 ), #724 );
#189 = STYLED_ITEM( '', ( #725 ), #726 );
#190 = STYLED_ITEM( '', ( #727 ), #728 );
#191 = STYLED_ITEM( '', ( #729 ), #730 );
#192 = STYLED_ITEM( '', ( #731 ), #732 );
#193 = STYLED_ITEM( '', ( #733 ), #734 );
#194 = STYLED_ITEM( '', ( #735 ), #736 );
#195 = STYLED_ITEM( '', ( #737 ), #738 );
#196 = STYLED_ITEM( '', ( #739 ), #740 );
#197 = STYLED_ITEM( '', ( #741 ), #742 );
#198 = STYLED_ITEM( '', ( #743 ), #744 );
#199 = STYLED_ITEM( '', ( #745 ), #746 );
#200 = STYLED_ITEM( '', ( #747 ), #748 );
#201 = STYLED_ITEM( '', ( #749 ), #750 );
#202 = STYLED_ITEM( '', ( #751 ), #752 );
#203 = STYLED_ITEM( '', ( #753 ), #754 );
#204 = STYLED_ITEM( '', ( #755 ), #756 );
#205 = STYLED_ITEM( '', ( #757 ), #758 );
#206 = STYLED_ITEM( '', ( #759 ), #760 );
#207 = STYLED_ITEM( '', ( #761 ), #762 );
#208 = STYLED_ITEM( '', ( #763 ), #764 );
#209 = STYLED_ITEM( '', ( #765 ), #766 );
#210 = STYLED_ITEM( '', ( #767 ), #768 );
#211 = STYLED_ITEM( '', ( #769 ), #770 );
#212 = STYLED_ITEM( '', ( #771 ), #772 );
#213 = STYLED_ITEM( '', ( #773 ), #774 );
#214 = STYLED_ITEM( '', ( #775 ), #776 );
#215 = STYLED_ITEM( '', ( #777 ), #778 );
#216 = STYLED_ITEM( '', ( #779 ), #780 );
#217 = STYLED_ITEM( '', ( #781 ), #782 );
#218 = STYLED_ITEM( '', ( #783 ), #784 );
#219 = STYLED_ITEM( '', ( #785 ), #786 );
#220 = STYLED_ITEM( '', ( #787 ), #788 );
#221 = STYLED_ITEM( '', ( #789 ), #790 );
#222 = STYLED_ITEM( '', ( #791 ), #792 );
#223 = STYLED_ITEM( '', ( #793 ), #794 );
#224 = STYLED_ITEM( '', ( #795 ), #796 );
#225 = STYLED_ITEM( '', ( #797 ), #798 );
#226 = STYLED_ITEM( '', ( #799 ), #800 );
#227 = STYLED_ITEM( '', ( #801 ), #802 );
#228 = STYLED_ITEM( '', ( #803 ), #804 );
#229 = STYLED_ITEM( '', ( #805 ), #806 );
#230 = STYLED_ITEM( '', ( #807 ), #808 );
#231 = STYLED_ITEM( '', ( #809 ), #810 );
#232 = STYLED_ITEM( '', ( #811 ), #812 );
#233 = STYLED_ITEM( '', ( #813 ), #814 );
#234 = STYLED_ITEM( '', ( #815 ), #816 );
#235 = STYLED_ITEM( '', ( #817 ), #818 );
#236 = STYLED_ITEM( '', ( #819 ), #820 );
#237 = STYLED_ITEM( '', ( #821 ), #822 );
#238 = STYLED_ITEM( '', ( #823 ), #824 );
#239 = STYLED_ITEM( '', ( #825 ), #826 );
#240 = STYLED_ITEM( '', ( #827 ), #828 );
#241 = STYLED_ITEM( '', ( #829 ), #830 );
#242 = STYLED_ITEM( '', ( #831 ), #832 );
#243 = STYLED_ITEM( '', ( #833 ), #834 );
#244 = STYLED_ITEM( '', ( #835 ), #836 );
#245 = STYLED_ITEM( '', ( #837 ), #838 );
#246 = STYLED_ITEM( '', ( #839 ), #840 );
#247 = STYLED_ITEM( '', ( #841 ), #842 );
#248 = STYLED_ITEM( '', ( #843 ), #844 );
#249 = STYLED_ITEM( '', ( #845 ), #846 );
#250 = STYLED_ITEM( '', ( #847 ), #848 );
#251 = STYLED_ITEM( '', ( #849 ), #850 );
#252 = STYLED_ITEM( '', ( #851 ), #852 );
#253 = STYLED_ITEM( '', ( #853 ), #854 );
#254 = STYLED_ITEM( '', ( #855 ), #856 );
#255 = STYLED_ITEM( '', ( #857 ), #858 );
#256 = STYLED_ITEM( '', ( #859 ), #860 );
#257 = STYLED_ITEM( '', ( #861 ), #862 );
#258 = STYLED_ITEM( '', ( #863 ), #864 );
#259 = STYLED_ITEM( '', ( #865 ), #866 );
#260 = STYLED_ITEM( '', ( #867 ), #868 );
#261 = STYLED_ITEM( '', ( #869 ), #870 );
#262 = STYLED_ITEM( '', ( #871 ), #872 );
#263 = STYLED_ITEM( '', ( #873 ), #874 );
#264 = STYLED_ITEM( '', ( #875 ), #876 );
#265 = STYLED_ITEM( '', ( #877 ), #878 );
#266 = STYLED_ITEM( '', ( #879 ), #880 );
#267 = STYLED_ITEM( '', ( #881 ), #882 );
#268 = STYLED_ITEM( '', ( #883 ), #884 );
#269 = STYLED_ITEM( '', ( #885 ), #886 );
#270 = STYLED_ITEM( '', ( #887 ), #888 );
#271 = STYLED_ITEM( '', ( #889 ), #890 );
#272 = STYLED_ITEM( '', ( #891 ), #892 );
#273 = STYLED_ITEM( '', ( #893 ), #894 );
#274 = STYLED_ITEM( '', ( #895 ), #896 );
#275 = STYLED_ITEM( '', ( #897 ), #898 );
#276 = STYLED_ITEM( '', ( #899 ), #900 );
#277 = STYLED_ITEM( '', ( #901 ), #902 );
#278 = STYLED_ITEM( '', ( #903 ), #904 );
#279 = STYLED_ITEM( '', ( #905 ), #906 );
#280 = STYLED_ITEM( '', ( #907 ), #908 );
#281 = STYLED_ITEM( '', ( #909 ), #910 );
#282 = STYLED_ITEM( '', ( #911 ), #912 );
#283 = STYLED_ITEM( '', ( #913 ), #914 );
#284 = STYLED_ITEM( '', ( #915 ), #916 );
#285 = STYLED_ITEM( '', ( #917 ), #918 );
#286 = STYLED_ITEM( '', ( #919 ), #920 );
#287 = STYLED_ITEM( '', ( #921 ), #922 );
#288 = STYLED_ITEM( '', ( #923 ), #924 );
#289 = STYLED_ITEM( '', ( #925 ), #926 );
#290 = STYLED_ITEM( '', ( #927 ), #928 );
#291 = STYLED_ITEM( '', ( #929 ), #930 );
#292 = STYLED_ITEM( '', ( #931 ), #932 );
#293 = STYLED_ITEM( '', ( #933 ), #934 );
#294 = STYLED_ITEM( '', ( #935 ), #936 );
#295 = STYLED_ITEM( '', ( #937 ), #938 );
#296 = STYLED_ITEM( '', ( #939 ), #940 );
#297 = STYLED_ITEM( '', ( #941 ), #942 );
#298 = STYLED_ITEM( '', ( #943 ), #944 );
#299 = STYLED_ITEM( '', ( #945 ), #946 );
#300 = STYLED_ITEM( '', ( #947 ), #948 );
#301 = STYLED_ITEM( '', ( #949 ), #950 );
#302 = STYLED_ITEM( '', ( #951 ), #952 );
#303 = STYLED_ITEM( '', ( #953 ), #954 );
#304 = STYLED_ITEM( '', ( #955 ), #956 );
#305 = STYLED_ITEM( '', ( #957 ), #958 );
#306 = STYLED_ITEM( '', ( #959 ), #960 );
#307 = STYLED_ITEM( '', ( #961 ), #962 );
#308 = STYLED_ITEM( '', ( #963 ), #964 );
#309 = STYLED_ITEM( '', ( #965 ), #966 );
#310 = STYLED_ITEM( '', ( #967 ), #968 );
#311 = STYLED_ITEM( '', ( #969 ), #970 );
#312 = STYLED_ITEM( '', ( #971 ), #972 );
#313 = STYLED_ITEM( '', ( #973 ), #974 );
#314 = STYLED_ITEM( '', ( #975 ), #976 );
#315 = STYLED_ITEM( '', ( #977 ), #978 );
#316 = STYLED_ITEM( '', ( #979 ), #980 );
#317 = STYLED_ITEM( '', ( #981 ), #982 );
#318 = STYLED_ITEM( '', ( #983 ), #984 );
#319 = STYLED_ITEM( '', ( #985 ), #986 );
#320 = STYLED_ITEM( '', ( #987 ), #988 );
#321 = STYLED_ITEM( '', ( #989 ), #990 );
#322 = STYLED_ITEM( '', ( #991 ), #992 );
#323 = STYLED_ITEM( '', ( #993 ), #994 );
#324 = STYLED_ITEM( '', ( #995 ), #996 );
#325 = STYLED_ITEM( '', ( #997 ), #998 );
#326 = STYLED_ITEM( '', ( #999 ), #1000 );
#327 = STYLED_ITEM( '', ( #1001 ), #1002 );
#328 = STYLED_ITEM( '', ( #1003 ), #1004 );
#329 = STYLED_ITEM( '', ( #1005 ), #1006 );
#330 = STYLED_ITEM( '', ( #1007 ), #1008 );
#331 = STYLED_ITEM( '', ( #1009 ), #1010 );
#332 = STYLED_ITEM( '', ( #1011 ), #1012 );
#333 = STYLED_ITEM( '', ( #1013 ), #1014 );
#334 = STYLED_ITEM( '', ( #1015 ), #1016 );
#335 = STYLED_ITEM( '', ( #1017 ), #1018 );
#336 = STYLED_ITEM( '', ( #1019 ), #1020 );
#337 = STYLED_ITEM( '', ( #1021 ), #1022 );
#338 = STYLED_ITEM( '', ( #1023 ), #1024 );
#339 = STYLED_ITEM( '', ( #1025 ), #1026 );
#340 = STYLED_ITEM( '', ( #1027 ), #1028 );
#341 = STYLED_ITEM( '', ( #1029 ), #1030 );
#342 = STYLED_ITEM( '', ( #1031 ), #1032 );
#343 = STYLED_ITEM( '', ( #1033 ), #1034 );
#344 = STYLED_ITEM( '', ( #1035 ), #1036 );
#345 = STYLED_ITEM( '', ( #1037 ), #1038 );
#346 = STYLED_ITEM( '', ( #1039 ), #1040 );
#347 = STYLED_ITEM( '', ( #1041 ), #1042 );
#348 = STYLED_ITEM( '', ( #1043 ), #1044 );
#349 = STYLED_ITEM( '', ( #1045 ), #1046 );
#350 = STYLED_ITEM( '', ( #1047 ), #1048 );
#351 = STYLED_ITEM( '', ( #1049 ), #1050 );
#352 = STYLED_ITEM( '', ( #1051 ), #1052 );
#353 = STYLED_ITEM( '', ( #1053 ), #1054 );
#354 = STYLED_ITEM( '', ( #1055 ), #1056 );
#355 = STYLED_ITEM( '', ( #1057 ), #1058 );
#356 = STYLED_ITEM( '', ( #1059 ), #1060 );
#357 = STYLED_ITEM( '', ( #1061 ), #1062 );
#358 = STYLED_ITEM( '', ( #1063 ), #1064 );
#359 = STYLED_ITEM( '', ( #1065 ), #1066 );
#360 = STYLED_ITEM( '', ( #1067 ), #1068 );
#361 = STYLED_ITEM( '', ( #1069 ), #1070 );
#362 = STYLED_ITEM( '', ( #1071 ), #1072 );
#363 = STYLED_ITEM( '', ( #1073 ), #1074 );
#364 = STYLED_ITEM( '', ( #1075 ), #1076 );
#365 = STYLED_ITEM( '', ( #1077 ), #1078 );
#366 = STYLED_ITEM( '', ( #1079 ), #1080 );
#367 = STYLED_ITEM( '', ( #1081 ), #1082 );
#368 = STYLED_ITEM( '', ( #1083 ), #1084 );
#369 = STYLED_ITEM( '', ( #1085 ), #1086 );
#370 = STYLED_ITEM( '', ( #1087 ), #1088 );
#371 = STYLED_ITEM( '', ( #1089 ), #1090 );
#372 = STYLED_ITEM( '', ( #1091 ), #1092 );
#373 = STYLED_ITEM( '', ( #1093 ), #1094 );
#374 = STYLED_ITEM( '', ( #1095 ), #1096 );
#375 = APPLICATION_CONTEXT( 'core data for automotive mechanical design processes' );
#376 = PRODUCT_CATEGORY( 'part', 'NONE' );
#377 = PRODUCT_RELATED_PRODUCT_CATEGORY( 'detail', ' ', ( #1097 ) );
#378 = PRODUCT_DEFINITION_SHAPE( 'NONE', 'NONE', #1098 );
#379 = ADVANCED_BREP_SHAPE_REPRESENTATION( 'Assem1', ( #1099, #1100, #1101, #1102, #1103, #1104, #1105, #1106 ), #34 );
#380 = APPLICATION_CONTEXT( 'core data for automotive mechanical design processes' );
#381 = PRODUCT_CATEGORY( 'part', 'NONE' );
#382 = PRODUCT_RELATED_PRODUCT_CATEGORY( 'detail', ' ', ( #1107 ) );
#383 = PRODUCT_DEFINITION_SHAPE( 'NONE', 'NONE', #1108 );
#384 = ADVANCED_BREP_SHAPE_REPRESENTATION( 'sw-3d-131-e20CS10-sk-r00', ( #1109 ), #34 );
#385 = APPLICATION_CONTEXT( 'core data for automotive mechanical design processes' );
#386 = PRODUCT_CATEGORY( 'part', 'NONE' );
#387 = PRODUCT_RELATED_PRODUCT_CATEGORY( 'detail', ' ', ( #1110 ) );
#388 = PRODUCT_DEFINITION_SHAPE( 'NONE', 'NONE', #1111 );
#389 = ADVANCED_BREP_SHAPE_REPRESENTATION( 'sw-3d-131-e20cv49-sk-r00', ( #1112 ), #34 );
#390 = APPLICATION_CONTEXT( 'core data for automotive mechanical design processes' );
#391 = PRODUCT_CATEGORY( 'part', 'NONE' );
#392 = PRODUCT_RELATED_PRODUCT_CATEGORY( 'detail', ' ', ( #1113 ) );
#393 = PRODUCT_DEFINITION_SHAPE( 'NONE', 'NONE', #1114 );
#394 = ADVANCED_BREP_SHAPE_REPRESENTATION( 'sw-3d-131-e20ts46s-sk-r00', ( #1115 ), #34 );
#395 = APPLICATION_CONTEXT( 'core data for automotive mechanical design processes' );
#396 = PRODUCT_CATEGORY( 'part', 'NONE' );
#397 = PRODUCT_RELATED_PRODUCT_CATEGORY( 'detail', ' ', ( #1116 ) );
#398 = PRODUCT_DEFINITION_SHAPE( 'NONE', 'NONE', #1117 );
#399 = ADVANCED_BREP_SHAPE_REPRESENTATION( 'sw-3d-131-e20ts46s-sk-r00', ( #1118 ), #34 );
#400 = APPLICATION_CONTEXT( 'core data for automotive mechanical design processes' );
#401 = PRODUCT_CATEGORY( 'part', 'NONE' );
#402 = PRODUCT_RELATED_PRODUCT_CATEGORY( 'detail', ' ', ( #1119 ) );
#403 = PRODUCT_DEFINITION_SHAPE( 'NONE', 'NONE', #1120 );
#404 = ADVANCED_BREP_SHAPE_REPRESENTATION( 'sw-3d-131-e20ts46s-sk-r00', ( #1121 ), #34 );
#405 = APPLICATION_CONTEXT( 'core data for automotive mechanical design processes' );
#406 = PRODUCT_CATEGORY( 'part', 'NONE' );
#407 = PRODUCT_RELATED_PRODUCT_CATEGORY( 'detail', ' ', ( #1122 ) );
#408 = PRODUCT_DEFINITION_SHAPE( 'NONE', 'NONE', #1123 );
#409 = ADVANCED_BREP_SHAPE_REPRESENTATION( 'sw-3d-131-e20ts46s-sk-r00', ( #1124 ), #34 );
#410 = APPLICATION_CONTEXT( 'core data for automotive mechanical design processes' );
#411 = PRODUCT_CATEGORY( 'part', 'NONE' );
#412 = PRODUCT_RELATED_PRODUCT_CATEGORY( 'detail', ' ', ( #1125 ) );
#413 = PRODUCT_DEFINITION_SHAPE( 'NONE', 'NONE', #1126 );
#414 = ADVANCED_BREP_SHAPE_REPRESENTATION( 'sw-3d-131-e20rd-1-sk-r00', ( #1127 ), #34 );
#417 = UNCERTAINTY_MEASURE_WITH_UNIT( LENGTH_MEASURE( 0.00100000000000000 ), #419, '', '' );
#419 =  ( CONVERSION_BASED_UNIT( 'MILLIMETRE', #1130 )LENGTH_UNIT(  )NAMED_UNIT( #1133 ) );
#420 =  ( NAMED_UNIT( #1135 )PLANE_ANGLE_UNIT(  )SI_UNIT( $, .RADIAN. ) );
#421 =  ( NAMED_UNIT( #1135 )SI_UNIT( $, .STERADIAN. )SOLID_ANGLE_UNIT(  ) );
#423 = PRESENTATION_STYLE_ASSIGNMENT( ( #1141 ) );
#424 = ADVANCED_FACE( '', ( #1142, #1143 ), #1144, .T. );
#425 = PRESENTATION_STYLE_ASSIGNMENT( ( #1145 ) );
#426 = ADVANCED_FACE( '', ( #1146 ), #1147, .T. );
#427 = PRESENTATION_STYLE_ASSIGNMENT( ( #1148 ) );
#428 = ADVANCED_FACE( '', ( #1149 ), #1150, .F. );
#429 = PRESENTATION_STYLE_ASSIGNMENT( ( #1151 ) );
#430 = ADVANCED_FACE( '', ( #1152 ), #1153, .T. );
#431 = PRESENTATION_STYLE_ASSIGNMENT( ( #1154 ) );
#432 = ADVANCED_FACE( '', ( #1155 ), #1156, .T. );
#433 = PRESENTATION_STYLE_ASSIGNMENT( ( #1157 ) );
#434 = ADVANCED_FACE( '', ( #1158 ), #1159, .F. );
#435 = PRESENTATION_STYLE_ASSIGNMENT( ( #1160 ) );
#436 = ADVANCED_FACE( '', ( #1161 ), #1162, .T. );
#437 = PRESENTATION_STYLE_ASSIGNMENT( ( #1163 ) );
#438 = ADVANCED_FACE( '', ( #1164 ), #1165, .F. );
#439 = PRESENTATION_STYLE_ASSIGNMENT( ( #1166 ) );
#440 = ADVANCED_FACE( '', ( #1167 ), #1168, .F. );
#441 = PRESENTATION_STYLE_ASSIGNMENT( ( #1169 ) );
#442 = ADVANCED_FACE( '', ( #1170 ), #1171, .F. );
#443 = PRESENTATION_STYLE_ASSIGNMENT( ( #1172 ) );
#444 = ADVANCED_FACE( '', ( #1173 ), #1174, .F. );
#445 = PRESENTATION_STYLE_ASSIGNMENT( ( #1175 ) );
#446 = ADVANCED_FACE( '', ( #1176 ), #1177, .F. );
#447 = PRESENTATION_STYLE_ASSIGNMENT( ( #1178 ) );
#448 = ADVANCED_FACE( '', ( #1179 ), #1180, .F. );
#449 = PRESENTATION_STYLE_ASSIGNMENT( ( #1181 ) );
#450 = ADVANCED_FACE( '', ( #1182 ), #1183, .F. );
#451 = PRESENTATION_STYLE_ASSIGNMENT( ( #1184 ) );
#452 = ADVANCED_FACE( '', ( #1185 ), #1186, .T. );
#453 = PRESENTATION_STYLE_ASSIGNMENT( ( #1187 ) );
#454 = ADVANCED_FACE( '', ( #1188 ), #1189, .F. );
#455 = PRESENTATION_STYLE_ASSIGNMENT( ( #1190 ) );
#456 = ADVANCED_FACE( '', ( #1191 ), #1192, .F. );
#457 = PRESENTATION_STYLE_ASSIGNMENT( ( #1193 ) );
#458 = ADVANCED_FACE( '', ( #1194 ), #1195, .T. );
#459 = PRESENTATION_STYLE_ASSIGNMENT( ( #1196 ) );
#460 = ADVANCED_FACE( '', ( #1197 ), #1198, .F. );
#461 = PRESENTATION_STYLE_ASSIGNMENT( ( #1199 ) );
#462 = ADVANCED_FACE( '', ( #1200 ), #1201, .T. );
#463 = PRESENTATION_STYLE_ASSIGNMENT( ( #1202 ) );
#464 = ADVANCED_FACE( '', ( #1203 ), #1204, .F. );
#465 = PRESENTATION_STYLE_ASSIGNMENT( ( #1205 ) );
#466 = ADVANCED_FACE( '', ( #1206 ), #1207, .T. );
#467 = PRESENTATION_STYLE_ASSIGNMENT( ( #1208 ) );
#468 = ADVANCED_FACE( '', ( #1209 ), #1210, .F. );
#469 = PRESENTATION_STYLE_ASSIGNMENT( ( #1211 ) );
#470 = ADVANCED_FACE( '', ( #1212 ), #1213, .T. );
#471 = PRESENTATION_STYLE_ASSIGNMENT( ( #1214 ) );
#472 = ADVANCED_FACE( '', ( #1215 ), #1216, .F. );
#473 = PRESENTATION_STYLE_ASSIGNMENT( ( #1217 ) );
#474 = ADVANCED_FACE( '', ( #1218 ), #1219, .F. );
#475 = PRESENTATION_STYLE_ASSIGNMENT( ( #1220 ) );
#476 = ADVANCED_FACE( '', ( #1221 ), #1222, .F. );
#477 = PRESENTATION_STYLE_ASSIGNMENT( ( #1223 ) );
#478 = ADVANCED_FACE( '', ( #1224 ), #1225, .T. );
#479 = PRESENTATION_STYLE_ASSIGNMENT( ( #1226 ) );
#480 = ADVANCED_FACE( '', ( #1227 ), #1228, .F. );
#481 = PRESENTATION_STYLE_ASSIGNMENT( ( #1229 ) );
#482 = ADVANCED_FACE( '', ( #1230 ), #1231, .T. );
#483 = PRESENTATION_STYLE_ASSIGNMENT( ( #1232 ) );
#484 = ADVANCED_FACE( '', ( #1233 ), #1234, .F. );
#485 = PRESENTATION_STYLE_ASSIGNMENT( ( #1235 ) );
#486 = ADVANCED_FACE( '', ( #1236 ), #1237, .F. );
#487 = PRESENTATION_STYLE_ASSIGNMENT( ( #1238 ) );
#488 = ADVANCED_FACE( '', ( #1239 ), #1240, .F. );
#489 = PRESENTATION_STYLE_ASSIGNMENT( ( #1241 ) );
#490 = ADVANCED_FACE( '', ( #1242 ), #1243, .F. );
#491 = PRESENTATION_STYLE_ASSIGNMENT( ( #1244 ) );
#492 = ADVANCED_FACE( '', ( #1245 ), #1246, .F. );
#493 = PRESENTATION_STYLE_ASSIGNMENT( ( #1247 ) );
#494 = ADVANCED_FACE( '', ( #1248 ), #1249, .T. );
#495 = PRESENTATION_STYLE_ASSIGNMENT( ( #1250 ) );
#496 = ADVANCED_FACE( '', ( #1251 ), #1252, .F. );
#497 = PRESENTATION_STYLE_ASSIGNMENT( ( #1253 ) );
#498 = ADVANCED_FACE( '', ( #1254 ), #1255, .F. );
#499 = PRESENTATION_STYLE_ASSIGNMENT( ( #1256 ) );
#500 = ADVANCED_FACE( '', ( #1257 ), #1258, .T. );
#501 = PRESENTATION_STYLE_ASSIGNMENT( ( #1259 ) );
#502 = ADVANCED_FACE( '', ( #1260 ), #1261, .F. );
#503 = PRESENTATION_STYLE_ASSIGNMENT( ( #1262 ) );
#504 = ADVANCED_FACE( '', ( #1263 ), #1264, .F. );
#505 = PRESENTATION_STYLE_ASSIGNMENT( ( #1265 ) );
#506 = ADVANCED_FACE( '', ( #1266 ), #1267, .F. );
#507 = PRESENTATION_STYLE_ASSIGNMENT( ( #1268 ) );
#508 = ADVANCED_FACE( '', ( #1269 ), #1270, .T. );
#509 = PRESENTATION_STYLE_ASSIGNMENT( ( #1271 ) );
#510 = ADVANCED_FACE( '', ( #1272 ), #1273, .F. );
#511 = PRESENTATION_STYLE_ASSIGNMENT( ( #1274 ) );
#512 = ADVANCED_FACE( '', ( #1275 ), #1276, .T. );
#513 = PRESENTATION_STYLE_ASSIGNMENT( ( #1277 ) );
#514 = ADVANCED_FACE( '', ( #1278 ), #1279, .F. );
#515 = PRESENTATION_STYLE_ASSIGNMENT( ( #1280 ) );
#516 = ADVANCED_FACE( '', ( #1281 ), #1282, .F. );
#517 = PRESENTATION_STYLE_ASSIGNMENT( ( #1283 ) );
#518 = ADVANCED_FACE( '', ( #1284 ), #1285, .F. );
#519 = PRESENTATION_STYLE_ASSIGNMENT( ( #1286 ) );
#520 = ADVANCED_FACE( '', ( #1287 ), #1288, .F. );
#521 = PRESENTATION_STYLE_ASSIGNMENT( ( #1289 ) );
#522 = ADVANCED_FACE( '', ( #1290 ), #1291, .F. );
#523 = PRESENTATION_STYLE_ASSIGNMENT( ( #1292 ) );
#524 = ADVANCED_FACE( '', ( #1293 ), #1294, .F. );
#525 = PRESENTATION_STYLE_ASSIGNMENT( ( #1295 ) );
#526 = ADVANCED_FACE( '', ( #1296 ), #1297, .T. );
#527 = PRESENTATION_STYLE_ASSIGNMENT( ( #1298 ) );
#528 = ADVANCED_FACE( '', ( #1299 ), #1300, .F. );
#529 = PRESENTATION_STYLE_ASSIGNMENT( ( #1301 ) );
#530 = ADVANCED_FACE( '', ( #1302 ), #1303, .F. );
#531 = PRESENTATION_STYLE_ASSIGNMENT( ( #1304 ) );
#532 = ADVANCED_FACE( '', ( #1305 ), #1306, .F. );
#533 = PRESENTATION_STYLE_ASSIGNMENT( ( #1307 ) );
#534 = ADVANCED_FACE( '', ( #1308 ), #1309, .F. );
#535 = PRESENTATION_STYLE_ASSIGNMENT( ( #1310 ) );
#536 = ADVANCED_FACE( '', ( #1311, #1312, #1313, #1314 ), #1315, .F. );
#537 = PRESENTATION_STYLE_ASSIGNMENT( ( #1316 ) );
#538 = ADVANCED_FACE( '', ( #1317 ), #1318, .T. );
#539 = PRESENTATION_STYLE_ASSIGNMENT( ( #1319 ) );
#540 = ADVANCED_FACE( '', ( #1320 ), #1321, .T. );
#541 = PRESENTATION_STYLE_ASSIGNMENT( ( #1322 ) );
#542 = ADVANCED_FACE( '', ( #1323 ), #1324, .F. );
#543 = PRESENTATION_STYLE_ASSIGNMENT( ( #1325 ) );
#544 = ADVANCED_FACE( '', ( #1326 ), #1327, .T. );
#545 = PRESENTATION_STYLE_ASSIGNMENT( ( #1328 ) );
#546 = ADVANCED_FACE( '', ( #1329 ), #1330, .F. );
#547 = PRESENTATION_STYLE_ASSIGNMENT( ( #1331 ) );
#548 = ADVANCED_FACE( '', ( #1332 ), #1333, .T. );
#549 = PRESENTATION_STYLE_ASSIGNMENT( ( #1334 ) );
#550 = ADVANCED_FACE( '', ( #1335 ), #1336, .F. );
#551 = PRESENTATION_STYLE_ASSIGNMENT( ( #1337 ) );
#552 = ADVANCED_FACE( '', ( #1338 ), #1339, .T. );
#553 = PRESENTATION_STYLE_ASSIGNMENT( ( #1340 ) );
#554 = ADVANCED_FACE( '', ( #1341 ), #1342, .F. );
#555 = PRESENTATION_STYLE_ASSIGNMENT( ( #1343 ) );
#556 = ADVANCED_FACE( '', ( #1344 ), #1345, .F. );
#557 = PRESENTATION_STYLE_ASSIGNMENT( ( #1346 ) );
#558 = ADVANCED_FACE( '', ( #1347 ), #1348, .T. );
#559 = PRESENTATION_STYLE_ASSIGNMENT( ( #1349 ) );
#560 = ADVANCED_FACE( '', ( #1350 ), #1351, .F. );
#561 = PRESENTATION_STYLE_ASSIGNMENT( ( #1352 ) );
#562 = ADVANCED_FACE( '', ( #1353 ), #1354, .T. );
#563 = PRESENTATION_STYLE_ASSIGNMENT( ( #1355 ) );
#564 = ADVANCED_FACE( '', ( #1356 ), #1357, .T. );
#565 = PRESENTATION_STYLE_ASSIGNMENT( ( #1358 ) );
#566 = ADVANCED_FACE( '', ( #1359 ), #1360, .T. );
#567 = PRESENTATION_STYLE_ASSIGNMENT( ( #1361 ) );
#568 = ADVANCED_FACE( '', ( #1362 ), #1363, .F. );
#569 = PRESENTATION_STYLE_ASSIGNMENT( ( #1364 ) );
#570 = ADVANCED_FACE( '', ( #1365 ), #1366, .F. );
#571 = PRESENTATION_STYLE_ASSIGNMENT( ( #1367 ) );
#572 = ADVANCED_FACE( '', ( #1368 ), #1369, .T. );
#573 = PRESENTATION_STYLE_ASSIGNMENT( ( #1370 ) );
#574 = ADVANCED_FACE( '', ( #1371 ), #1372, .F. );
#575 = PRESENTATION_STYLE_ASSIGNMENT( ( #1373 ) );
#576 = ADVANCED_FACE( '', ( #1374 ), #1375, .F. );
#577 = PRESENTATION_STYLE_ASSIGNMENT( ( #1376 ) );
#578 = ADVANCED_FACE( '', ( #1377 ), #1378, .F. );
#579 = PRESENTATION_STYLE_ASSIGNMENT( ( #1379 ) );
#580 = ADVANCED_FACE( '', ( #1380 ), #1381, .F. );
#581 = PRESENTATION_STYLE_ASSIGNMENT( ( #1382 ) );
#582 = ADVANCED_FACE( '', ( #1383 ), #1384, .T. );
#583 = PRESENTATION_STYLE_ASSIGNMENT( ( #1385 ) );
#584 = ADVANCED_FACE( '', ( #1386 ), #1387, .F. );
#585 = PRESENTATION_STYLE_ASSIGNMENT( ( #1388 ) );
#586 = ADVANCED_FACE( '', ( #1389 ), #1390, .T. );
#587 = PRESENTATION_STYLE_ASSIGNMENT( ( #1391 ) );
#588 = ADVANCED_FACE( '', ( #1392 ), #1393, .F. );
#589 = PRESENTATION_STYLE_ASSIGNMENT( ( #1394 ) );
#590 = ADVANCED_FACE( '', ( #1395 ), #1396, .T. );
#591 = PRESENTATION_STYLE_ASSIGNMENT( ( #1397 ) );
#592 = ADVANCED_FACE( '', ( #1398 ), #1399, .F. );
#593 = PRESENTATION_STYLE_ASSIGNMENT( ( #1400 ) );
#594 = ADVANCED_FACE( '', ( #1401 ), #1402, .T. );
#595 = PRESENTATION_STYLE_ASSIGNMENT( ( #1403 ) );
#596 = ADVANCED_FACE( '', ( #1404 ), #1405, .T. );
#597 = PRESENTATION_STYLE_ASSIGNMENT( ( #1406 ) );
#598 = ADVANCED_FACE( '', ( #1407 ), #1408, .T. );
#599 = PRESENTATION_STYLE_ASSIGNMENT( ( #1409 ) );
#600 = ADVANCED_FACE( '', ( #1410 ), #1411, .F. );
#601 = PRESENTATION_STYLE_ASSIGNMENT( ( #1412 ) );
#602 = ADVANCED_FACE( '', ( #1413 ), #1414, .T. );
#603 = PRESENTATION_STYLE_ASSIGNMENT( ( #1415 ) );
#604 = ADVANCED_FACE( '', ( #1416 ), #1417, .F. );
#605 = PRESENTATION_STYLE_ASSIGNMENT( ( #1418 ) );
#606 = ADVANCED_FACE( '', ( #1419 ), #1420, .T. );
#607 = PRESENTATION_STYLE_ASSIGNMENT( ( #1421 ) );
#608 = ADVANCED_FACE( '', ( #1422 ), #1423, .F. );
#609 = PRESENTATION_STYLE_ASSIGNMENT( ( #1424 ) );
#610 = ADVANCED_FACE( '', ( #1425 ), #1426, .F. );
#611 = PRESENTATION_STYLE_ASSIGNMENT( ( #1427 ) );
#612 = ADVANCED_FACE( '', ( #1428 ), #1429, .F. );
#613 = PRESENTATION_STYLE_ASSIGNMENT( ( #1430 ) );
#614 = ADVANCED_FACE( '', ( #1431 ), #1432, .F. );
#615 = PRESENTATION_STYLE_ASSIGNMENT( ( #1433 ) );
#616 = ADVANCED_FACE( '', ( #1434 ), #1435, .T. );
#617 = PRESENTATION_STYLE_ASSIGNMENT( ( #1436 ) );
#618 = ADVANCED_FACE( '', ( #1437 ), #1438, .F. );
#619 = PRESENTATION_STYLE_ASSIGNMENT( ( #1439 ) );
#620 = ADVANCED_FACE( '', ( #1440 ), #1441, .F. );
#621 = PRESENTATION_STYLE_ASSIGNMENT( ( #1442 ) );
#622 = ADVANCED_FACE( '', ( #1443 ), #1444, .T. );
#623 = PRESENTATION_STYLE_ASSIGNMENT( ( #1445 ) );
#624 = ADVANCED_FACE( '', ( #1446 ), #1447, .F. );
#625 = PRESENTATION_STYLE_ASSIGNMENT( ( #1448 ) );
#626 = ADVANCED_FACE( '', ( #1449 ), #1450, .F. );
#627 = PRESENTATION_STYLE_ASSIGNMENT( ( #1451 ) );
#628 = ADVANCED_FACE( '', ( #1452 ), #1453, .F. );
#629 = PRESENTATION_STYLE_ASSIGNMENT( ( #1454 ) );
#630 = ADVANCED_FACE( '', ( #1455 ), #1456, .F. );
#631 = PRESENTATION_STYLE_ASSIGNMENT( ( #1457 ) );
#632 = ADVANCED_FACE( '', ( #1458 ), #1459, .F. );
#633 = PRESENTATION_STYLE_ASSIGNMENT( ( #1460 ) );
#634 = ADVANCED_FACE( '', ( #1461 ), #1462, .F. );
#635 = PRESENTATION_STYLE_ASSIGNMENT( ( #1463 ) );
#636 = ADVANCED_FACE( '', ( #1464 ), #1465, .F. );
#637 = PRESENTATION_STYLE_ASSIGNMENT( ( #1466 ) );
#638 = ADVANCED_FACE( '', ( #1467 ), #1468, .F. );
#639 = PRESENTATION_STYLE_ASSIGNMENT( ( #1469 ) );
#640 = ADVANCED_FACE( '', ( #1470 ), #1471, .F. );
#641 = PRESENTATION_STYLE_ASSIGNMENT( ( #1472 ) );
#642 = ADVANCED_FACE( '', ( #1473 ), #1474, .F. );
#643 = PRESENTATION_STYLE_ASSIGNMENT( ( #1475 ) );
#644 = ADVANCED_FACE( '', ( #1476 ), #1477, .T. );
#645 = PRESENTATION_STYLE_ASSIGNMENT( ( #1478 ) );
#646 = ADVANCED_FACE( '', ( #1479 ), #1480, .F. );
#647 = PRESENTATION_STYLE_ASSIGNMENT( ( #1481 ) );
#648 = ADVANCED_FACE( '', ( #1482 ), #1483, .F. );
#649 = PRESENTATION_STYLE_ASSIGNMENT( ( #1484 ) );
#650 = ADVANCED_FACE( '', ( #1485 ), #1486, .F. );
#651 = PRESENTATION_STYLE_ASSIGNMENT( ( #1487 ) );
#652 = ADVANCED_FACE( '', ( #1488 ), #1489, .F. );
#653 = PRESENTATION_STYLE_ASSIGNMENT( ( #1490 ) );
#654 = ADVANCED_FACE( '', ( #1491 ), #1492, .T. );
#655 = PRESENTATION_STYLE_ASSIGNMENT( ( #1493 ) );
#656 = ADVANCED_FACE( '', ( #1494 ), #1495, .T. );
#657 = PRESENTATION_STYLE_ASSIGNMENT( ( #1496 ) );
#658 = ADVANCED_FACE( '', ( #1497 ), #1498, .F. );
#659 = PRESENTATION_STYLE_ASSIGNMENT( ( #1499 ) );
#660 = ADVANCED_FACE( '', ( #1500 ), #1501, .T. );
#661 = PRESENTATION_STYLE_ASSIGNMENT( ( #1502 ) );
#662 = ADVANCED_FACE( '', ( #1503 ), #1504, .T. );
#663 = PRESENTATION_STYLE_ASSIGNMENT( ( #1505 ) );
#664 = ADVANCED_FACE( '', ( #1506 ), #1507, .T. );
#665 = PRESENTATION_STYLE_ASSIGNMENT( ( #1508 ) );
#666 = ADVANCED_FACE( '', ( #1509 ), #1510, .F. );
#667 = PRESENTATION_STYLE_ASSIGNMENT( ( #1511 ) );
#668 = ADVANCED_FACE( '', ( #1512 ), #1513, .F. );
#669 = PRESENTATION_STYLE_ASSIGNMENT( ( #1514 ) );
#670 = ADVANCED_FACE( '', ( #1515 ), #1516, .F. );
#671 = PRESENTATION_STYLE_ASSIGNMENT( ( #1517 ) );
#672 = ADVANCED_FACE( '', ( #1518 ), #1519, .T. );
#673 = PRESENTATION_STYLE_ASSIGNMENT( ( #1520 ) );
#674 = ADVANCED_FACE( '', ( #1521 ), #1522, .F. );
#675 = PRESENTATION_STYLE_ASSIGNMENT( ( #1523 ) );
#676 = ADVANCED_FACE( '', ( #1524 ), #1525, .F. );
#677 = PRESENTATION_STYLE_ASSIGNMENT( ( #1526 ) );
#678 = ADVANCED_FACE( '', ( #1527 ), #1528, .T. );
#679 = PRESENTATION_STYLE_ASSIGNMENT( ( #1529 ) );
#680 = ADVANCED_FACE( '', ( #1530, #1531, #1532, #1533 ), #1534, .F. );
#681 = PRESENTATION_STYLE_ASSIGNMENT( ( #1535 ) );
#682 = ADVANCED_FACE( '', ( #1536 ), #1537, .T. );
#683 = PRESENTATION_STYLE_ASSIGNMENT( ( #1538 ) );
#684 = ADVANCED_FACE( '', ( #1539 ), #1540, .F. );
#685 = PRESENTATION_STYLE_ASSIGNMENT( ( #1541 ) );
#686 = ADVANCED_FACE( '', ( #1542 ), #1543, .T. );
#687 = PRESENTATION_STYLE_ASSIGNMENT( ( #1544 ) );
#688 = ADVANCED_FACE( '', ( #1545 ), #1546, .F. );
#689 = PRESENTATION_STYLE_ASSIGNMENT( ( #1547 ) );
#690 = ADVANCED_FACE( '', ( #1548 ), #1549, .F. );
#691 = PRESENTATION_STYLE_ASSIGNMENT( ( #1550 ) );
#692 = ADVANCED_FACE( '', ( #1551 ), #1552, .T. );
#693 = PRESENTATION_STYLE_ASSIGNMENT( ( #1553 ) );
#694 = ADVANCED_FACE( '', ( #1554 ), #1555, .F. );
#695 = PRESENTATION_STYLE_ASSIGNMENT( ( #1556 ) );
#696 = ADVANCED_FACE( '', ( #1557 ), #1558, .F. );
#697 = PRESENTATION_STYLE_ASSIGNMENT( ( #1559 ) );
#698 = ADVANCED_FACE( '', ( #1560 ), #1561, .T. );
#699 = PRESENTATION_STYLE_ASSIGNMENT( ( #1562 ) );
#700 = ADVANCED_FACE( '', ( #1563 ), #1564, .F. );
#701 = PRESENTATION_STYLE_ASSIGNMENT( ( #1565 ) );
#702 = ADVANCED_FACE( '', ( #1566 ), #1567, .F. );
#703 = PRESENTATION_STYLE_ASSIGNMENT( ( #1568 ) );
#704 = ADVANCED_FACE( '', ( #1569 ), #1570, .T. );
#705 = PRESENTATION_STYLE_ASSIGNMENT( ( #1571 ) );
#706 = ADVANCED_FACE( '', ( #1572 ), #1573, .F. );
#707 = PRESENTATION_STYLE_ASSIGNMENT( ( #1574 ) );
#708 = ADVANCED_FACE( '', ( #1575 ), #1576, .F. );
#709 = PRESENTATION_STYLE_ASSIGNMENT( ( #1577 ) );
#710 = ADVANCED_FACE( '', ( #1578 ), #1579, .T. );
#711 = PRESENTATION_STYLE_ASSIGNMENT( ( #1580 ) );
#712 = ADVANCED_FACE( '', ( #1581 ), #1582, .F. );
#713 = PRESENTATION_STYLE_ASSIGNMENT( ( #1583 ) );
#714 = ADVANCED_FACE( '', ( #1584 ), #1585, .F. );
#715 = PRESENTATION_STYLE_ASSIGNMENT( ( #1586 ) );
#716 = ADVANCED_FACE( '', ( #1587 ), #1588, .F. );
#717 = PRESENTATION_STYLE_ASSIGNMENT( ( #1589 ) );
#718 = ADVANCED_FACE( '', ( #1590 ), #1591, .T. );
#719 = PRESENTATION_STYLE_ASSIGNMENT( ( #1592 ) );
#720 = ADVANCED_FACE( '', ( #1593 ), #1594, .T. );
#721 = PRESENTATION_STYLE_ASSIGNMENT( ( #1595 ) );
#722 = ADVANCED_FACE( '', ( #1596 ), #1597, .T. );
#723 = PRESENTATION_STYLE_ASSIGNMENT( ( #1598 ) );
#724 = ADVANCED_FACE( '', ( #1599 ), #1600, .F. );
#725 = PRESENTATION_STYLE_ASSIGNMENT( ( #1601 ) );
#726 = ADVANCED_FACE( '', ( #1602 ), #1603, .T. );
#727 = PRESENTATION_STYLE_ASSIGNMENT( ( #1604 ) );
#728 = ADVANCED_FACE( '', ( #1605 ), #1606, .F. );
#729 = PRESENTATION_STYLE_ASSIGNMENT( ( #1607 ) );
#730 = ADVANCED_FACE( '', ( #1608 ), #1609, .F. );
#731 = PRESENTATION_STYLE_ASSIGNMENT( ( #1610 ) );
#732 = ADVANCED_FACE( '', ( #1611 ), #1612, .F. );
#733 = PRESENTATION_STYLE_ASSIGNMENT( ( #1613 ) );
#734 = ADVANCED_FACE( '', ( #1614 ), #1615, .F. );
#735 = PRESENTATION_STYLE_ASSIGNMENT( ( #1616 ) );
#736 = ADVANCED_FACE( '', ( #1617 ), #1618, .T. );
#737 = PRESENTATION_STYLE_ASSIGNMENT( ( #1619 ) );
#738 = ADVANCED_FACE( '', ( #1620 ), #1621, .T. );
#739 = PRESENTATION_STYLE_ASSIGNMENT( ( #1622 ) );
#740 = ADVANCED_FACE( '', ( #1623 ), #1624, .F. );
#741 = PRESENTATION_STYLE_ASSIGNMENT( ( #1625 ) );
#742 = ADVANCED_FACE( '', ( #1626, #1627 ), #1628, .T. );
#743 = PRESENTATION_STYLE_ASSIGNMENT( ( #1629 ) );
#744 = ADVANCED_FACE( '', ( #1630 ), #1631, .T. );
#745 = PRESENTATION_STYLE_ASSIGNMENT( ( #1632 ) );
#746 = ADVANCED_FACE( '', ( #1633, #1634 ), #1635, .T. );
#747 = PRESENTATION_STYLE_ASSIGNMENT( ( #1636 ) );
#748 = ADVANCED_FACE( '', ( #1637 ), #1638, .F. );
#749 = PRESENTATION_STYLE_ASSIGNMENT( ( #1639 ) );
#750 = ADVANCED_FACE( '', ( #1640 ), #1641, .T. );
#751 = PRESENTATION_STYLE_ASSIGNMENT( ( #1642 ) );
#752 = ADVANCED_FACE( '', ( #1643 ), #1644, .T. );
#753 = PRESENTATION_STYLE_ASSIGNMENT( ( #1645 ) );
#754 = ADVANCED_FACE( '', ( #1646 ), #1647, .F. );
#755 = PRESENTATION_STYLE_ASSIGNMENT( ( #1648 ) );
#756 = ADVANCED_FACE( '', ( #1649 ), #1650, .F. );
#757 = PRESENTATION_STYLE_ASSIGNMENT( ( #1651 ) );
#758 = ADVANCED_FACE( '', ( #1652 ), #1653, .T. );
#759 = PRESENTATION_STYLE_ASSIGNMENT( ( #1654 ) );
#760 = ADVANCED_FACE( '', ( #1655 ), #1656, .T. );
#761 = PRESENTATION_STYLE_ASSIGNMENT( ( #1657 ) );
#762 = ADVANCED_FACE( '', ( #1658 ), #1659, .F. );
#763 = PRESENTATION_STYLE_ASSIGNMENT( ( #1660 ) );
#764 = ADVANCED_FACE( '', ( #1661 ), #1662, .T. );
#765 = PRESENTATION_STYLE_ASSIGNMENT( ( #1663 ) );
#766 = ADVANCED_FACE( '', ( #1664 ), #1665, .T. );
#767 = PRESENTATION_STYLE_ASSIGNMENT( ( #1666 ) );
#768 = ADVANCED_FACE( '', ( #1667 ), #1668, .T. );
#769 = PRESENTATION_STYLE_ASSIGNMENT( ( #1669 ) );
#770 = ADVANCED_FACE( '', ( #1670 ), #1671, .F. );
#771 = PRESENTATION_STYLE_ASSIGNMENT( ( #1672 ) );
#772 = ADVANCED_FACE( '', ( #1673 ), #1674, .T. );
#773 = PRESENTATION_STYLE_ASSIGNMENT( ( #1675 ) );
#774 = ADVANCED_FACE( '', ( #1676 ), #1677, .T. );
#775 = PRESENTATION_STYLE_ASSIGNMENT( ( #1678 ) );
#776 = ADVANCED_FACE( '', ( #1679 ), #1680, .T. );
#777 = PRESENTATION_STYLE_ASSIGNMENT( ( #1681 ) );
#778 = ADVANCED_FACE( '', ( #1682 ), #1683, .T. );
#779 = PRESENTATION_STYLE_ASSIGNMENT( ( #1684 ) );
#780 = ADVANCED_FACE( '', ( #1685 ), #1686, .F. );
#781 = PRESENTATION_STYLE_ASSIGNMENT( ( #1687 ) );
#782 = ADVANCED_FACE( '', ( #1688 ), #1689, .T. );
#783 = PRESENTATION_STYLE_ASSIGNMENT( ( #1690 ) );
#784 = ADVANCED_FACE( '', ( #1691 ), #1692, .T. );
#785 = PRESENTATION_STYLE_ASSIGNMENT( ( #1693 ) );
#786 = ADVANCED_FACE( '', ( #1694 ), #1695, .F. );
#787 = PRESENTATION_STYLE_ASSIGNMENT( ( #1696 ) );
#788 = ADVANCED_FACE( '', ( #1697 ), #1698, .T. );
#789 = PRESENTATION_STYLE_ASSIGNMENT( ( #1699 ) );
#790 = ADVANCED_FACE( '', ( #1700 ), #1701, .F. );
#791 = PRESENTATION_STYLE_ASSIGNMENT( ( #1702 ) );
#792 = ADVANCED_FACE( '', ( #1703 ), #1704, .F. );
#793 = PRESENTATION_STYLE_ASSIGNMENT( ( #1705 ) );
#794 = ADVANCED_FACE( '', ( #1706 ), #1707, .T. );
#795 = PRESENTATION_STYLE_ASSIGNMENT( ( #1708 ) );
#796 = ADVANCED_FACE( '', ( #1709 ), #1710, .T. );
#797 = PRESENTATION_STYLE_ASSIGNMENT( ( #1711 ) );
#798 = ADVANCED_FACE( '', ( #1712 ), #1713, .T. );
#799 = PRESENTATION_STYLE_ASSIGNMENT( ( #1714 ) );
#800 = ADVANCED_FACE( '', ( #1715 ), #1716, .F. );
#801 = PRESENTATION_STYLE_ASSIGNMENT( ( #1717 ) );
#802 = ADVANCED_FACE( '', ( #1718 ), #1719, .F. );
#803 = PRESENTATION_STYLE_ASSIGNMENT( ( #1720 ) );
#804 = ADVANCED_FACE( '', ( #1721 ), #1722, .T. );
#805 = PRESENTATION_STYLE_ASSIGNMENT( ( #1723 ) );
#806 = ADVANCED_FACE( '', ( #1724 ), #1725, .T. );
#807 = PRESENTATION_STYLE_ASSIGNMENT( ( #1726 ) );
#808 = ADVANCED_FACE( '', ( #1727 ), #1728, .T. );
#809 = PRESENTATION_STYLE_ASSIGNMENT( ( #1729 ) );
#810 = ADVANCED_FACE( '', ( #1730 ), #1731, .F. );
#811 = PRESENTATION_STYLE_ASSIGNMENT( ( #1732 ) );
#812 = ADVANCED_FACE( '', ( #1733 ), #1734, .T. );
#813 = PRESENTATION_STYLE_ASSIGNMENT( ( #1735 ) );
#814 = ADVANCED_FACE( '', ( #1736 ), #1737, .F. );
#815 = PRESENTATION_STYLE_ASSIGNMENT( ( #1738 ) );
#816 = ADVANCED_FACE( '', ( #1739 ), #1740, .F. );
#817 = PRESENTATION_STYLE_ASSIGNMENT( ( #1741 ) );
#818 = ADVANCED_FACE( '', ( #1742 ), #1743, .F. );
#819 = PRESENTATION_STYLE_ASSIGNMENT( ( #1744 ) );
#820 = ADVANCED_FACE( '', ( #1745, #1746 ), #1747, .T. );
#821 = PRESENTATION_STYLE_ASSIGNMENT( ( #1748 ) );
#822 = ADVANCED_FACE( '', ( #1749 ), #1750, .T. );
#823 = PRESENTATION_STYLE_ASSIGNMENT( ( #1751 ) );
#824 = ADVANCED_FACE( '', ( #1752 ), #1753, .F. );
#825 = PRESENTATION_STYLE_ASSIGNMENT( ( #1754 ) );
#826 = ADVANCED_FACE( '', ( #1755 ), #1756, .F. );
#827 = PRESENTATION_STYLE_ASSIGNMENT( ( #1757 ) );
#828 = ADVANCED_FACE( '', ( #1758, #1759 ), #1760, .T. );
#829 = PRESENTATION_STYLE_ASSIGNMENT( ( #1761 ) );
#830 = ADVANCED_FACE( '', ( #1762 ), #1763, .T. );
#831 = PRESENTATION_STYLE_ASSIGNMENT( ( #1764 ) );
#832 = ADVANCED_FACE( '', ( #1765 ), #1766, .T. );
#833 = PRESENTATION_STYLE_ASSIGNMENT( ( #1767 ) );
#834 = ADVANCED_FACE( '', ( #1768 ), #1769, .F. );
#835 = PRESENTATION_STYLE_ASSIGNMENT( ( #1770 ) );
#836 = ADVANCED_FACE( '', ( #1771 ), #1772, .T. );
#837 = PRESENTATION_STYLE_ASSIGNMENT( ( #1773 ) );
#838 = ADVANCED_FACE( '', ( #1774 ), #1775, .T. );
#839 = PRESENTATION_STYLE_ASSIGNMENT( ( #1776 ) );
#840 = ADVANCED_FACE( '', ( #1777 ), #1778, .F. );
#841 = PRESENTATION_STYLE_ASSIGNMENT( ( #1779 ) );
#842 = ADVANCED_FACE( '', ( #1780 ), #1781, .F. );
#843 = PRESENTATION_STYLE_ASSIGNMENT( ( #1782 ) );
#844 = ADVANCED_FACE( '', ( #1783 ), #1784, .F. );
#845 = PRESENTATION_STYLE_ASSIGNMENT( ( #1785 ) );
#846 = ADVANCED_FACE( '', ( #1786 ), #1787, .T. );
#847 = PRESENTATION_STYLE_ASSIGNMENT( ( #1788 ) );
#848 = ADVANCED_FACE( '', ( #1789 ), #1790, .T. );
#849 = PRESENTATION_STYLE_ASSIGNMENT( ( #1791 ) );
#850 = ADVANCED_FACE( '', ( #1792 ), #1793, .T. );
#851 = PRESENTATION_STYLE_ASSIGNMENT( ( #1794 ) );
#852 = ADVANCED_FACE( '', ( #1795 ), #1796, .T. );
#853 = PRESENTATION_STYLE_ASSIGNMENT( ( #1797 ) );
#854 = ADVANCED_FACE( '', ( #1798 ), #1799, .F. );
#855 = PRESENTATION_STYLE_ASSIGNMENT( ( #1800 ) );
#856 = ADVANCED_FACE( '', ( #1801 ), #1802, .T. );
#857 = PRESENTATION_STYLE_ASSIGNMENT( ( #1803 ) );
#858 = ADVANCED_FACE( '', ( #1804 ), #1805, .F. );
#859 = PRESENTATION_STYLE_ASSIGNMENT( ( #1806 ) );
#860 = ADVANCED_FACE( '', ( #1807 ), #1808, .F. );
#861 = PRESENTATION_STYLE_ASSIGNMENT( ( #1809 ) );
#862 = ADVANCED_FACE( '', ( #1810 ), #1811, .F. );
#863 = PRESENTATION_STYLE_ASSIGNMENT( ( #1812 ) );
#864 = ADVANCED_FACE( '', ( #1813 ), #1814, .F. );
#865 = PRESENTATION_STYLE_ASSIGNMENT( ( #1815 ) );
#866 = ADVANCED_FACE( '', ( #1816 ), #1817, .F. );
#867 = PRESENTATION_STYLE_ASSIGNMENT( ( #1818 ) );
#868 = ADVANCED_FACE( '', ( #1819 ), #1820, .F. );
#869 = PRESENTATION_STYLE_ASSIGNMENT( ( #1821 ) );
#870 = ADVANCED_FACE( '', ( #1822 ), #1823, .F. );
#871 = PRESENTATION_STYLE_ASSIGNMENT( ( #1824 ) );
#872 = ADVANCED_FACE( '', ( #1825 ), #1826, .T. );
#873 = PRESENTATION_STYLE_ASSIGNMENT( ( #1827 ) );
#874 = ADVANCED_FACE( '', ( #1828 ), #1829, .T. );
#875 = PRESENTATION_STYLE_ASSIGNMENT( ( #1830 ) );
#876 = ADVANCED_FACE( '', ( #1831 ), #1832, .F. );
#877 = PRESENTATION_STYLE_ASSIGNMENT( ( #1833 ) );
#878 = ADVANCED_FACE( '', ( #1834 ), #1835, .F. );
#879 = PRESENTATION_STYLE_ASSIGNMENT( ( #1836 ) );
#880 = ADVANCED_FACE( '', ( #1837 ), #1838, .T. );
#881 = PRESENTATION_STYLE_ASSIGNMENT( ( #1839 ) );
#882 = ADVANCED_FACE( '', ( #1840 ), #1841, .T. );
#883 = PRESENTATION_STYLE_ASSIGNMENT( ( #1842 ) );
#884 = ADVANCED_FACE( '', ( #1843 ), #1844, .T. );
#885 = PRESENTATION_STYLE_ASSIGNMENT( ( #1845 ) );
#886 = ADVANCED_FACE( '', ( #1846 ), #1847, .T. );
#887 = PRESENTATION_STYLE_ASSIGNMENT( ( #1848 ) );
#888 = ADVANCED_FACE( '', ( #1849 ), #1850, .F. );
#889 = PRESENTATION_STYLE_ASSIGNMENT( ( #1851 ) );
#890 = ADVANCED_FACE( '', ( #1852 ), #1853, .F. );
#891 = PRESENTATION_STYLE_ASSIGNMENT( ( #1854 ) );
#892 = ADVANCED_FACE( '', ( #1855 ), #1856, .F. );
#893 = PRESENTATION_STYLE_ASSIGNMENT( ( #1857 ) );
#894 = ADVANCED_FACE( '', ( #1858 ), #1859, .F. );
#895 = PRESENTATION_STYLE_ASSIGNMENT( ( #1860 ) );
#896 = ADVANCED_FACE( '', ( #1861 ), #1862, .F. );
#897 = PRESENTATION_STYLE_ASSIGNMENT( ( #1863 ) );
#898 = ADVANCED_FACE( '', ( #1864 ), #1865, .F. );
#899 = PRESENTATION_STYLE_ASSIGNMENT( ( #1866 ) );
#900 = ADVANCED_FACE( '', ( #1867 ), #1868, .T. );
#901 = PRESENTATION_STYLE_ASSIGNMENT( ( #1869 ) );
#902 = ADVANCED_FACE( '', ( #1870 ), #1871, .F. );
#903 = PRESENTATION_STYLE_ASSIGNMENT( ( #1872 ) );
#904 = ADVANCED_FACE( '', ( #1873 ), #1874, .F. );
#905 = PRESENTATION_STYLE_ASSIGNMENT( ( #1875 ) );
#906 = ADVANCED_FACE( '', ( #1876 ), #1877, .F. );
#907 = PRESENTATION_STYLE_ASSIGNMENT( ( #1878 ) );
#908 = ADVANCED_FACE( '', ( #1879 ), #1880, .F. );
#909 = PRESENTATION_STYLE_ASSIGNMENT( ( #1881 ) );
#910 = ADVANCED_FACE( '', ( #1882 ), #1883, .T. );
#911 = PRESENTATION_STYLE_ASSIGNMENT( ( #1884 ) );
#912 = ADVANCED_FACE( '', ( #1885 ), #1886, .T. );
#913 = PRESENTATION_STYLE_ASSIGNMENT( ( #1887 ) );
#914 = ADVANCED_FACE( '', ( #1888 ), #1889, .T. );
#915 = PRESENTATION_STYLE_ASSIGNMENT( ( #1890 ) );
#916 = ADVANCED_FACE( '', ( #1891 ), #1892, .T. );
#917 = PRESENTATION_STYLE_ASSIGNMENT( ( #1893 ) );
#918 = ADVANCED_FACE( '', ( #1894 ), #1895, .F. );
#919 = PRESENTATION_STYLE_ASSIGNMENT( ( #1896 ) );
#920 = ADVANCED_FACE( '', ( #1897, #1898, #1899, #1900, #1901, #1902, #1903 ), #1904, .T. );
#921 = PRESENTATION_STYLE_ASSIGNMENT( ( #1905 ) );
#922 = ADVANCED_FACE( '', ( #1906 ), #1907, .T. );
#923 = PRESENTATION_STYLE_ASSIGNMENT( ( #1908 ) );
#924 = ADVANCED_FACE( '', ( #1909 ), #1910, .T. );
#925 = PRESENTATION_STYLE_ASSIGNMENT( ( #1911 ) );
#926 = ADVANCED_FACE( '', ( #1912 ), #1913, .F. );
#927 = PRESENTATION_STYLE_ASSIGNMENT( ( #1914 ) );
#928 = ADVANCED_FACE( '', ( #1915 ), #1916, .F. );
#929 = PRESENTATION_STYLE_ASSIGNMENT( ( #1917 ) );
#930 = ADVANCED_FACE( '', ( #1918 ), #1919, .F. );
#931 = PRESENTATION_STYLE_ASSIGNMENT( ( #1920 ) );
#932 = ADVANCED_FACE( '', ( #1921 ), #1922, .F. );
#933 = PRESENTATION_STYLE_ASSIGNMENT( ( #1923 ) );
#934 = ADVANCED_FACE( '', ( #1924 ), #1925, .F. );
#935 = PRESENTATION_STYLE_ASSIGNMENT( ( #1926 ) );
#936 = ADVANCED_FACE( '', ( #1927 ), #1928, .F. );
#937 = PRESENTATION_STYLE_ASSIGNMENT( ( #1929 ) );
#938 = ADVANCED_FACE( '', ( #1930 ), #1931, .F. );
#939 = PRESENTATION_STYLE_ASSIGNMENT( ( #1932 ) );
#940 = ADVANCED_FACE( '', ( #1933 ), #1934, .F. );
#941 = PRESENTATION_STYLE_ASSIGNMENT( ( #1935 ) );
#942 = ADVANCED_FACE( '', ( #1936 ), #1937, .T. );
#943 = PRESENTATION_STYLE_ASSIGNMENT( ( #1938 ) );
#944 = ADVANCED_FACE( '', ( #1939 ), #1940, .F. );
#945 = PRESENTATION_STYLE_ASSIGNMENT( ( #1941 ) );
#946 = ADVANCED_FACE( '', ( #1942 ), #1943, .F. );
#947 = PRESENTATION_STYLE_ASSIGNMENT( ( #1944 ) );
#948 = ADVANCED_FACE( '', ( #1945 ), #1946, .F. );
#949 = PRESENTATION_STYLE_ASSIGNMENT( ( #1947 ) );
#950 = ADVANCED_FACE( '', ( #1948 ), #1949, .T. );
#951 = PRESENTATION_STYLE_ASSIGNMENT( ( #1950 ) );
#952 = ADVANCED_FACE( '', ( #1951 ), #1952, .F. );
#953 = PRESENTATION_STYLE_ASSIGNMENT( ( #1953 ) );
#954 = ADVANCED_FACE( '', ( #1954 ), #1955, .F. );
#955 = PRESENTATION_STYLE_ASSIGNMENT( ( #1956 ) );
#956 = ADVANCED_FACE( '', ( #1957 ), #1958, .F. );
#957 = PRESENTATION_STYLE_ASSIGNMENT( ( #1959 ) );
#958 = ADVANCED_FACE( '', ( #1960 ), #1961, .F. );
#959 = PRESENTATION_STYLE_ASSIGNMENT( ( #1962 ) );
#960 = ADVANCED_FACE( '', ( #1963 ), #1964, .F. );
#961 = PRESENTATION_STYLE_ASSIGNMENT( ( #1965 ) );
#962 = ADVANCED_FACE( '', ( #1966 ), #1967, .T. );
#963 = PRESENTATION_STYLE_ASSIGNMENT( ( #1968 ) );
#964 = ADVANCED_FACE( '', ( #1969 ), #1970, .F. );
#965 = PRESENTATION_STYLE_ASSIGNMENT( ( #1971 ) );
#966 = ADVANCED_FACE( '', ( #1972 ), #1973, .T. );
#967 = PRESENTATION_STYLE_ASSIGNMENT( ( #1974 ) );
#968 = ADVANCED_FACE( '', ( #1975 ), #1976, .T. );
#969 = PRESENTATION_STYLE_ASSIGNMENT( ( #1977 ) );
#970 = ADVANCED_FACE( '', ( #1978 ), #1979, .F. );
#971 = PRESENTATION_STYLE_ASSIGNMENT( ( #1980 ) );
#972 = ADVANCED_FACE( '', ( #1981 ), #1982, .T. );
#973 = PRESENTATION_STYLE_ASSIGNMENT( ( #1983 ) );
#974 = ADVANCED_FACE( '', ( #1984 ), #1985, .T. );
#975 = PRESENTATION_STYLE_ASSIGNMENT( ( #1986 ) );
#976 = ADVANCED_FACE( '', ( #1987 ), #1988, .F. );
#977 = PRESENTATION_STYLE_ASSIGNMENT( ( #1989 ) );
#978 = ADVANCED_FACE( '', ( #1990 ), #1991, .F. );
#979 = PRESENTATION_STYLE_ASSIGNMENT( ( #1992 ) );
#980 = ADVANCED_FACE( '', ( #1993 ), #1994, .T. );
#981 = PRESENTATION_STYLE_ASSIGNMENT( ( #1995 ) );
#982 = ADVANCED_FACE( '', ( #1996 ), #1997, .F. );
#983 = PRESENTATION_STYLE_ASSIGNMENT( ( #1998 ) );
#984 = ADVANCED_FACE( '', ( #1999 ), #2000, .F. );
#985 = PRESENTATION_STYLE_ASSIGNMENT( ( #2001 ) );
#986 = ADVANCED_FACE( '', ( #2002 ), #2003, .T. );
#987 = PRESENTATION_STYLE_ASSIGNMENT( ( #2004 ) );
#988 = ADVANCED_FACE( '', ( #2005, #2006 ), #2007, .T. );
#989 = PRESENTATION_STYLE_ASSIGNMENT( ( #2008 ) );
#990 = ADVANCED_FACE( '', ( #2009 ), #2010, .T. );
#991 = PRESENTATION_STYLE_ASSIGNMENT( ( #2011 ) );
#992 = ADVANCED_FACE( '', ( #2012 ), #2013, .F. );
#993 = PRESENTATION_STYLE_ASSIGNMENT( ( #2014 ) );
#994 = ADVANCED_FACE( '', ( #2015 ), #2016, .T. );
#995 = PRESENTATION_STYLE_ASSIGNMENT( ( #2017 ) );
#996 = ADVANCED_FACE( '', ( #2018 ), #2019, .F. );
#997 = PRESENTATION_STYLE_ASSIGNMENT( ( #2020 ) );
#998 = ADVANCED_FACE( '', ( #2021 ), #2022, .F. );
#999 = PRESENTATION_STYLE_ASSIGNMENT( ( #2023 ) );
#1000 = ADVANCED_FACE( '', ( #2024 ), #2025, .F. );
#1001 = PRESENTATION_STYLE_ASSIGNMENT( ( #2026 ) );
#1002 = ADVANCED_FACE( '', ( #2027 ), #2028, .T. );
#1003 = PRESENTATION_STYLE_ASSIGNMENT( ( #2029 ) );
#1004 = ADVANCED_FACE( '', ( #2030 ), #2031, .F. );
#1005 = PRESENTATION_STYLE_ASSIGNMENT( ( #2032 ) );
#1006 = ADVANCED_FACE( '', ( #2033 ), #2034, .F. );
#1007 = PRESENTATION_STYLE_ASSIGNMENT( ( #2035 ) );
#1008 = ADVANCED_FACE( '', ( #2036 ), #2037, .F. );
#1009 = PRESENTATION_STYLE_ASSIGNMENT( ( #2038 ) );
#1010 = ADVANCED_FACE( '', ( #2039 ), #2040, .T. );
#1011 = PRESENTATION_STYLE_ASSIGNMENT( ( #2041 ) );
#1012 = ADVANCED_FACE( '', ( #2042 ), #2043, .F. );
#1013 = PRESENTATION_STYLE_ASSIGNMENT( ( #2044 ) );
#1014 = ADVANCED_FACE( '', ( #2045 ), #2046, .T. );
#1015 = PRESENTATION_STYLE_ASSIGNMENT( ( #2047 ) );
#1016 = ADVANCED_FACE( '', ( #2048 ), #2049, .T. );
#1017 = PRESENTATION_STYLE_ASSIGNMENT( ( #2050 ) );
#1018 = ADVANCED_FACE( '', ( #2051 ), #2052, .T. );
#1019 = PRESENTATION_STYLE_ASSIGNMENT( ( #2053 ) );
#1020 = ADVANCED_FACE( '', ( #2054 ), #2055, .T. );
#1021 = PRESENTATION_STYLE_ASSIGNMENT( ( #2056 ) );
#1022 = ADVANCED_FACE( '', ( #2057 ), #2058, .T. );
#1023 = PRESENTATION_STYLE_ASSIGNMENT( ( #2059 ) );
#1024 = ADVANCED_FACE( '', ( #2060 ), #2061, .F. );
#1025 = PRESENTATION_STYLE_ASSIGNMENT( ( #2062 ) );
#1026 = ADVANCED_FACE( '', ( #2063 ), #2064, .F. );
#1027 = PRESENTATION_STYLE_ASSIGNMENT( ( #2065 ) );
#1028 = ADVANCED_FACE( '', ( #2066 ), #2067, .F. );
#1029 = PRESENTATION_STYLE_ASSIGNMENT( ( #2068 ) );
#1030 = ADVANCED_FACE( '', ( #2069, #2070 ), #2071, .T. );
#1031 = PRESENTATION_STYLE_ASSIGNMENT( ( #2072 ) );
#1032 = ADVANCED_FACE( '', ( #2073 ), #2074, .F. );
#1033 = PRESENTATION_STYLE_ASSIGNMENT( ( #2075 ) );
#1034 = ADVANCED_FACE( '', ( #2076 ), #2077, .T. );
#1035 = PRESENTATION_STYLE_ASSIGNMENT( ( #2078 ) );
#1036 = ADVANCED_FACE( '', ( #2079 ), #2080, .T. );
#1037 = PRESENTATION_STYLE_ASSIGNMENT( ( #2081 ) );
#1038 = ADVANCED_FACE( '', ( #2082 ), #2083, .T. );
#1039 = PRESENTATION_STYLE_ASSIGNMENT( ( #2084 ) );
#1040 = ADVANCED_FACE( '', ( #2085 ), #2086, .T. );
#1041 = PRESENTATION_STYLE_ASSIGNMENT( ( #2087 ) );
#1042 = ADVANCED_FACE( '', ( #2088, #2089 ), #2090, .F. );
#1043 = PRESENTATION_STYLE_ASSIGNMENT( ( #2091 ) );
#1044 = ADVANCED_FACE( '', ( #2092 ), #2093, .F. );
#1045 = PRESENTATION_STYLE_ASSIGNMENT( ( #2094 ) );
#1046 = ADVANCED_FACE( '', ( #2095 ), #2096, .T. );
#1047 = PRESENTATION_STYLE_ASSIGNMENT( ( #2097 ) );
#1048 = ADVANCED_FACE( '', ( #2098 ), #2099, .T. );
#1049 = PRESENTATION_STYLE_ASSIGNMENT( ( #2100 ) );
#1050 = ADVANCED_FACE( '', ( #2101 ), #2102, .F. );
#1051 = PRESENTATION_STYLE_ASSIGNMENT( ( #2103 ) );
#1052 = ADVANCED_FACE( '', ( #2104 ), #2105, .T. );
#1053 = PRESENTATION_STYLE_ASSIGNMENT( ( #2106 ) );
#1054 = ADVANCED_FACE( '', ( #2107 ), #2108, .F. );
#1055 = PRESENTATION_STYLE_ASSIGNMENT( ( #2109 ) );
#1056 = ADVANCED_FACE( '', ( #2110 ), #2111, .T. );
#1057 = PRESENTATION_STYLE_ASSIGNMENT( ( #2112 ) );
#1058 = ADVANCED_FACE( '', ( #2113 ), #2114, .F. );
#1059 = PRESENTATION_STYLE_ASSIGNMENT( ( #2115 ) );
#1060 = ADVANCED_FACE( '', ( #2116 ), #2117, .F. );
#1061 = PRESENTATION_STYLE_ASSIGNMENT( ( #2118 ) );
#1062 = ADVANCED_FACE( '', ( #2119 ), #2120, .F. );
#1063 = PRESENTATION_STYLE_ASSIGNMENT( ( #2121 ) );
#1064 = ADVANCED_FACE( '', ( #2122 ), #2123, .F. );
#1065 = PRESENTATION_STYLE_ASSIGNMENT( ( #2124 ) );
#1066 = ADVANCED_FACE( '', ( #2125 ), #2126, .F. );
#1067 = PRESENTATION_STYLE_ASSIGNMENT( ( #2127 ) );
#1068 = ADVANCED_FACE( '', ( #2128 ), #2129, .F. );
#1069 = PRESENTATION_STYLE_ASSIGNMENT( ( #2130 ) );
#1070 = ADVANCED_FACE( '', ( #2131, #2132 ), #2133, .F. );
#1071 = PRESENTATION_STYLE_ASSIGNMENT( ( #2134 ) );
#1072 = ADVANCED_FACE( '', ( #2135 ), #2136, .F. );
#1073 = PRESENTATION_STYLE_ASSIGNMENT( ( #2137 ) );
#1074 = ADVANCED_FACE( '', ( #2138 ), #2139, .F. );
#1075 = PRESENTATION_STYLE_ASSIGNMENT( ( #2140 ) );
#1076 = ADVANCED_FACE( '', ( #2141 ), #2142, .T. );
#1077 = PRESENTATION_STYLE_ASSIGNMENT( ( #2143 ) );
#1078 = ADVANCED_FACE( '', ( #2144 ), #2145, .F. );
#1079 = PRESENTATION_STYLE_ASSIGNMENT( ( #2146 ) );
#1080 = ADVANCED_FACE( '', ( #2147 ), #2148, .F. );
#1081 = PRESENTATION_STYLE_ASSIGNMENT( ( #2149 ) );
#1082 = ADVANCED_FACE( '', ( #2150 ), #2151, .F. );
#1083 = PRESENTATION_STYLE_ASSIGNMENT( ( #2152 ) );
#1084 = ADVANCED_FACE( '', ( #2153 ), #2154, .T. );
#1085 = PRESENTATION_STYLE_ASSIGNMENT( ( #2155 ) );
#1086 = ADVANCED_FACE( '', ( #2156 ), #2157, .T. );
#1087 = PRESENTATION_STYLE_ASSIGNMENT( ( #2158 ) );
#1088 = ADVANCED_FACE( '', ( #2159 ), #2160, .F. );
#1089 = PRESENTATION_STYLE_ASSIGNMENT( ( #2161 ) );
#1090 = ADVANCED_FACE( '', ( #2162 ), #2163, .T. );
#1091 = PRESENTATION_STYLE_ASSIGNMENT( ( #2164 ) );
#1092 = ADVANCED_FACE( '', ( #2165 ), #2166, .F. );
#1093 = PRESENTATION_STYLE_ASSIGNMENT( ( #2167 ) );
#1094 = ADVANCED_FACE( '', ( #2168 ), #2169, .F. );
#1095 = PRESENTATION_STYLE_ASSIGNMENT( ( #2170 ) );
#1096 = ADVANCED_FACE( '', ( #2171 ), #2172, .T. );
#1097 = PRODUCT( 'Assem1', 'Assem1', 'PART-Assem1-DESC', ( #2173 ) );
#1098 = PRODUCT_DEFINITION( 'NONE', 'NONE', #2174, #2 );
#1099 = MAPPED_ITEM( '', #2175, #2176 );
#1100 = MAPPED_ITEM( '', #2177, #2178 );
#1101 = MAPPED_ITEM( '', #2179, #2180 );
#1102 = MAPPED_ITEM( '', #2181, #2182 );
#1103 = MAPPED_ITEM( '', #2183, #2184 );
#1104 = MAPPED_ITEM( '', #2185, #2186 );
#1105 = MAPPED_ITEM( '', #2187, #2188 );
#1106 = AXIS2_PLACEMENT_3D( '', #2189, #2190, #2191 );
#1107 = PRODUCT( 'sw-3d-131-e20CS10-sk-r00', 'sw-3d-131-e20CS10-sk-r00', 'PART-sw-3d-131-e20CS10-sk-r00-DESC', ( #2192 ) );
#1108 = PRODUCT_DEFINITION( 'NONE', 'NONE', #2193, #6 );
#1109 = MANIFOLD_SOLID_BREP( 'sw-3d-131-e20CS10-sk-r00', #2194 );
#1110 = PRODUCT( 'sw-3d-131-e20cv49-sk-r00', 'sw-3d-131-e20cv49-sk-r00', 'PART-sw-3d-131-e20cv49-sk-r00-DESC', ( #2195 ) );
#1111 = PRODUCT_DEFINITION( 'NONE', 'NONE', #2196, #10 );
#1112 = MANIFOLD_SOLID_BREP( 'sw-3d-131-e20cv49-sk-r00', #2197 );
#1113 = PRODUCT( 'sw-3d-131-e20ts46s-sk-r00', 'sw-3d-131-e20ts46s-sk-r00', 'PART-sw-3d-131-e20ts46s-sk-r00-DESC', ( #2198 ) );
#1114 = PRODUCT_DEFINITION( 'NONE', 'NONE', #2199, #14 );
#1115 = MANIFOLD_SOLID_BREP( 'sw-3d-131-e20ts46s-sk-r00', #2200 );
#1116 = PRODUCT( 'sw-3d-131-e20ts46s-sk-r00', 'sw-3d-131-e20ts46s-sk-r00', 'PART-sw-3d-131-e20ts46s-sk-r00-DESC', ( #2201 ) );
#1117 = PRODUCT_DEFINITION( 'NONE', 'NONE', #2202, #18 );
#1118 = MANIFOLD_SOLID_BREP( 'sw-3d-131-e20ts46s-sk-r00', #2203 );
#1119 = PRODUCT( 'sw-3d-131-e20ts46s-sk-r00', 'sw-3d-131-e20ts46s-sk-r00', 'PART-sw-3d-131-e20ts46s-sk-r00-DESC', ( #2204 ) );
#1120 = PRODUCT_DEFINITION( 'NONE', 'NONE', #2205, #22 );
#1121 = MANIFOLD_SOLID_BREP( 'sw-3d-131-e20ts46s-sk-r00', #2206 );
#1122 = PRODUCT( 'sw-3d-131-e20ts46s-sk-r00', 'sw-3d-131-e20ts46s-sk-r00', 'PART-sw-3d-131-e20ts46s-sk-r00-DESC', ( #2207 ) );
#1123 = PRODUCT_DEFINITION( 'NONE', 'NONE', #2208, #26 );
#1124 = MANIFOLD_SOLID_BREP( 'sw-3d-131-e20ts46s-sk-r00', #2209 );
#1125 = PRODUCT( 'sw-3d-131-e20rd-1-sk-r00', 'sw-3d-131-e20rd-1-sk-r00', 'PART-sw-3d-131-e20rd-1-sk-r00-DESC', ( #2210 ) );
#1126 = PRODUCT_DEFINITION( 'NONE', 'NONE', #2211, #30 );
#1127 = MANIFOLD_SOLID_BREP( 'sw-3d-131-e20rd-1-sk-r00', #2212 );
#1130 = LENGTH_MEASURE_WITH_UNIT( LENGTH_MEASURE( 1.00000000000000 ), #2213 );
#1133 = DIMENSIONAL_EXPONENTS( 1.00000000000000, 0.000000000000000, 0.000000000000000, 0.000000000000000, 0.000000000000000, 0.000000000000000, 0.000000000000000 );
#1135 = DIMENSIONAL_EXPONENTS( 0.000000000000000, 0.000000000000000, 0.000000000000000, 0.000000000000000, 0.000000000000000, 0.000000000000000, 0.000000000000000 );
#1141 = SURFACE_STYLE_USAGE( .BOTH., #2214 );
#1142 = FACE_OUTER_BOUND( '', #2215, .T. );
#1143 = FACE_OUTER_BOUND( '', #2216, .T. );
#1144 = CYLINDRICAL_SURFACE( '', #2217, 0.500000000000000 );
#1145 = SURFACE_STYLE_USAGE( .BOTH., #2218 );
#1146 = FACE_OUTER_BOUND( '', #2219, .T. );
#1147 = PLANE( '', #2220 );
#1148 = SURFACE_STYLE_USAGE( .BOTH., #2221 );
#1149 = FACE_OUTER_BOUND( '', #2222, .T. );
#1150 = CYLINDRICAL_SURFACE( '', #2223, 0.300000000000000 );
#1151 = SURFACE_STYLE_USAGE( .BOTH., #2224 );
#1152 = FACE_OUTER_BOUND( '', #2225, .T. );
#1153 = PLANE( '', #2226 );
#1154 = SURFACE_STYLE_USAGE( .BOTH., #2227 );
#1155 = FACE_OUTER_BOUND( '', #2228, .T. );
#1156 = CYLINDRICAL_SURFACE( '', #2229, 0.500000000000000 );
#1157 = SURFACE_STYLE_USAGE( .BOTH., #2230 );
#1158 = FACE_OUTER_BOUND( '', #2231, .T. );
#1159 = CYLINDRICAL_SURFACE( '', #2232, 1.15000000000000 );
#1160 = SURFACE_STYLE_USAGE( .BOTH., #2233 );
#1161 = FACE_OUTER_BOUND( '', #2234, .T. );
#1162 = CYLINDRICAL_SURFACE( '', #2235, 0.500000000000000 );
#1163 = SURFACE_STYLE_USAGE( .BOTH., #2236 );
#1164 = FACE_OUTER_BOUND( '', #2237, .T. );
#1165 = PLANE( '', #2238 );
#1166 = SURFACE_STYLE_USAGE( .BOTH., #2239 );
#1167 = FACE_OUTER_BOUND( '', #2240, .T. );
#1168 = PLANE( '', #2241 );
#1169 = SURFACE_STYLE_USAGE( .BOTH., #2242 );
#1170 = FACE_OUTER_BOUND( '', #2243, .T. );
#1171 = CYLINDRICAL_SURFACE( '', #2244, 0.350000000000000 );
#1172 = SURFACE_STYLE_USAGE( .BOTH., #2245 );
#1173 = FACE_OUTER_BOUND( '', #2246, .T. );
#1174 = PLANE( '', #2247 );
#1175 = SURFACE_STYLE_USAGE( .BOTH., #2248 );
#1176 = FACE_OUTER_BOUND( '', #2249, .T. );
#1177 = PLANE( '', #2250 );
#1178 = SURFACE_STYLE_USAGE( .BOTH., #2251 );
#1179 = FACE_OUTER_BOUND( '', #2252, .T. );
#1180 = PLANE( '', #2253 );
#1181 = SURFACE_STYLE_USAGE( .BOTH., #2254 );
#1182 = FACE_OUTER_BOUND( '', #2255, .T. );
#1183 = PLANE( '', #2256 );
#1184 = SURFACE_STYLE_USAGE( .BOTH., #2257 );
#1185 = FACE_OUTER_BOUND( '', #2258, .T. );
#1186 = CYLINDRICAL_SURFACE( '', #2259, 0.500000000000000 );
#1187 = SURFACE_STYLE_USAGE( .BOTH., #2260 );
#1188 = FACE_OUTER_BOUND( '', #2261, .T. );
#1189 = PLANE( '', #2262 );
#1190 = SURFACE_STYLE_USAGE( .BOTH., #2263 );
#1191 = FACE_OUTER_BOUND( '', #2264, .T. );
#1192 = PLANE( '', #2265 );
#1193 = SURFACE_STYLE_USAGE( .BOTH., #2266 );
#1194 = FACE_OUTER_BOUND( '', #2267, .T. );
#1195 = PLANE( '', #2268 );
#1196 = SURFACE_STYLE_USAGE( .BOTH., #2269 );
#1197 = FACE_OUTER_BOUND( '', #2270, .T. );
#1198 = PLANE( '', #2271 );
#1199 = SURFACE_STYLE_USAGE( .BOTH., #2272 );
#1200 = FACE_OUTER_BOUND( '', #2273, .T. );
#1201 = CYLINDRICAL_SURFACE( '', #2274, 0.500000000000000 );
#1202 = SURFACE_STYLE_USAGE( .BOTH., #2275 );
#1203 = FACE_OUTER_BOUND( '', #2276, .T. );
#1204 = PLANE( '', #2277 );
#1205 = SURFACE_STYLE_USAGE( .BOTH., #2278 );
#1206 = FACE_OUTER_BOUND( '', #2279, .T. );
#1207 = PLANE( '', #2280 );
#1208 = SURFACE_STYLE_USAGE( .BOTH., #2281 );
#1209 = FACE_OUTER_BOUND( '', #2282, .T. );
#1210 = PLANE( '', #2283 );
#1211 = SURFACE_STYLE_USAGE( .BOTH., #2284 );
#1212 = FACE_OUTER_BOUND( '', #2285, .T. );
#1213 = CYLINDRICAL_SURFACE( '', #2286, 0.800000000000000 );
#1214 = SURFACE_STYLE_USAGE( .BOTH., #2287 );
#1215 = FACE_OUTER_BOUND( '', #2288, .T. );
#1216 = PLANE( '', #2289 );
#1217 = SURFACE_STYLE_USAGE( .BOTH., #2290 );
#1218 = FACE_OUTER_BOUND( '', #2291, .T. );
#1219 = PLANE( '', #2292 );
#1220 = SURFACE_STYLE_USAGE( .BOTH., #2293 );
#1221 = FACE_OUTER_BOUND( '', #2294, .T. );
#1222 = PLANE( '', #2295 );
#1223 = SURFACE_STYLE_USAGE( .BOTH., #2296 );
#1224 = FACE_OUTER_BOUND( '', #2297, .T. );
#1225 = PLANE( '', #2298 );
#1226 = SURFACE_STYLE_USAGE( .BOTH., #2299 );
#1227 = FACE_OUTER_BOUND( '', #2300, .T. );
#1228 = PLANE( '', #2301 );
#1229 = SURFACE_STYLE_USAGE( .BOTH., #2302 );
#1230 = FACE_OUTER_BOUND( '', #2303, .T. );
#1231 = PLANE( '', #2304 );
#1232 = SURFACE_STYLE_USAGE( .BOTH., #2305 );
#1233 = FACE_OUTER_BOUND( '', #2306, .T. );
#1234 = PLANE( '', #2307 );
#1235 = SURFACE_STYLE_USAGE( .BOTH., #2308 );
#1236 = FACE_OUTER_BOUND( '', #2309, .T. );
#1237 = PLANE( '', #2310 );
#1238 = SURFACE_STYLE_USAGE( .BOTH., #2311 );
#1239 = FACE_OUTER_BOUND( '', #2312, .T. );
#1240 = PLANE( '', #2313 );
#1241 = SURFACE_STYLE_USAGE( .BOTH., #2314 );
#1242 = FACE_OUTER_BOUND( '', #2315, .T. );
#1243 = PLANE( '', #2316 );
#1244 = SURFACE_STYLE_USAGE( .BOTH., #2317 );
#1245 = FACE_OUTER_BOUND( '', #2318, .T. );
#1246 = CYLINDRICAL_SURFACE( '', #2319, 0.350000000000000 );
#1247 = SURFACE_STYLE_USAGE( .BOTH., #2320 );
#1248 = FACE_OUTER_BOUND( '', #2321, .T. );
#1249 = PLANE( '', #2322 );
#1250 = SURFACE_STYLE_USAGE( .BOTH., #2323 );
#1251 = FACE_OUTER_BOUND( '', #2324, .T. );
#1252 = PLANE( '', #2325 );
#1253 = SURFACE_STYLE_USAGE( .BOTH., #2326 );
#1254 = FACE_OUTER_BOUND( '', #2327, .T. );
#1255 = PLANE( '', #2328 );
#1256 = SURFACE_STYLE_USAGE( .BOTH., #2329 );
#1257 = FACE_OUTER_BOUND( '', #2330, .T. );
#1258 = PLANE( '', #2331 );
#1259 = SURFACE_STYLE_USAGE( .BOTH., #2332 );
#1260 = FACE_OUTER_BOUND( '', #2333, .T. );
#1261 = PLANE( '', #2334 );
#1262 = SURFACE_STYLE_USAGE( .BOTH., #2335 );
#1263 = FACE_OUTER_BOUND( '', #2336, .T. );
#1264 = PLANE( '', #2337 );
#1265 = SURFACE_STYLE_USAGE( .BOTH., #2338 );
#1266 = FACE_OUTER_BOUND( '', #2339, .T. );
#1267 = PLANE( '', #2340 );
#1268 = SURFACE_STYLE_USAGE( .BOTH., #2341 );
#1269 = FACE_OUTER_BOUND( '', #2342, .T. );
#1270 = PLANE( '', #2343 );
#1271 = SURFACE_STYLE_USAGE( .BOTH., #2344 );
#1272 = FACE_OUTER_BOUND( '', #2345, .T. );
#1273 = PLANE( '', #2346 );
#1274 = SURFACE_STYLE_USAGE( .BOTH., #2347 );
#1275 = FACE_OUTER_BOUND( '', #2348, .T. );
#1276 = PLANE( '', #2349 );
#1277 = SURFACE_STYLE_USAGE( .BOTH., #2350 );
#1278 = FACE_OUTER_BOUND( '', #2351, .T. );
#1279 = CYLINDRICAL_SURFACE( '', #2352, 1.00000000000000 );
#1280 = SURFACE_STYLE_USAGE( .BOTH., #2353 );
#1281 = FACE_OUTER_BOUND( '', #2354, .T. );
#1282 = PLANE( '', #2355 );
#1283 = SURFACE_STYLE_USAGE( .BOTH., #2356 );
#1284 = FACE_OUTER_BOUND( '', #2357, .T. );
#1285 = PLANE( '', #2358 );
#1286 = SURFACE_STYLE_USAGE( .BOTH., #2359 );
#1287 = FACE_OUTER_BOUND( '', #2360, .T. );
#1288 = PLANE( '', #2361 );
#1289 = SURFACE_STYLE_USAGE( .BOTH., #2362 );
#1290 = FACE_OUTER_BOUND( '', #2363, .T. );
#1291 = PLANE( '', #2364 );
#1292 = SURFACE_STYLE_USAGE( .BOTH., #2365 );
#1293 = FACE_OUTER_BOUND( '', #2366, .T. );
#1294 = PLANE( '', #2367 );
#1295 = SURFACE_STYLE_USAGE( .BOTH., #2368 );
#1296 = FACE_OUTER_BOUND( '', #2369, .T. );
#1297 = PLANE( '', #2370 );
#1298 = SURFACE_STYLE_USAGE( .BOTH., #2371 );
#1299 = FACE_OUTER_BOUND( '', #2372, .T. );
#1300 = PLANE( '', #2373 );
#1301 = SURFACE_STYLE_USAGE( .BOTH., #2374 );
#1302 = FACE_OUTER_BOUND( '', #2375, .T. );
#1303 = PLANE( '', #2376 );
#1304 = SURFACE_STYLE_USAGE( .BOTH., #2377 );
#1305 = FACE_OUTER_BOUND( '', #2378, .T. );
#1306 = PLANE( '', #2379 );
#1307 = SURFACE_STYLE_USAGE( .BOTH., #2380 );
#1308 = FACE_OUTER_BOUND( '', #2381, .T. );
#1309 = PLANE( '', #2382 );
#1310 = SURFACE_STYLE_USAGE( .BOTH., #2383 );
#1311 = FACE_BOUND( '', #2384, .T. );
#1312 = FACE_BOUND( '', #2385, .T. );
#1313 = FACE_BOUND( '', #2386, .T. );
#1314 = FACE_OUTER_BOUND( '', #2387, .T. );
#1315 = PLANE( '', #2388 );
#1316 = SURFACE_STYLE_USAGE( .BOTH., #2389 );
#1317 = FACE_OUTER_BOUND( '', #2390, .T. );
#1318 = CYLINDRICAL_SURFACE( '', #2391, 0.700000000000000 );
#1319 = SURFACE_STYLE_USAGE( .BOTH., #2392 );
#1320 = FACE_OUTER_BOUND( '', #2393, .T. );
#1321 = PLANE( '', #2394 );
#1322 = SURFACE_STYLE_USAGE( .BOTH., #2395 );
#1323 = FACE_OUTER_BOUND( '', #2396, .T. );
#1324 = PLANE( '', #2397 );
#1325 = SURFACE_STYLE_USAGE( .BOTH., #2398 );
#1326 = FACE_OUTER_BOUND( '', #2399, .T. );
#1327 = PLANE( '', #2400 );
#1328 = SURFACE_STYLE_USAGE( .BOTH., #2401 );
#1329 = FACE_OUTER_BOUND( '', #2402, .T. );
#1330 = PLANE( '', #2403 );
#1331 = SURFACE_STYLE_USAGE( .BOTH., #2404 );
#1332 = FACE_OUTER_BOUND( '', #2405, .T. );
#1333 = CYLINDRICAL_SURFACE( '', #2406, 0.500000000000000 );
#1334 = SURFACE_STYLE_USAGE( .BOTH., #2407 );
#1335 = FACE_OUTER_BOUND( '', #2408, .T. );
#1336 = PLANE( '', #2409 );
#1337 = SURFACE_STYLE_USAGE( .BOTH., #2410 );
#1338 = FACE_OUTER_BOUND( '', #2411, .T. );
#1339 = CYLINDRICAL_SURFACE( '', #2412, 0.700000000000000 );
#1340 = SURFACE_STYLE_USAGE( .BOTH., #2413 );
#1341 = FACE_OUTER_BOUND( '', #2414, .T. );
#1342 = PLANE( '', #2415 );
#1343 = SURFACE_STYLE_USAGE( .BOTH., #2416 );
#1344 = FACE_OUTER_BOUND( '', #2417, .T. );
#1345 = PLANE( '', #2418 );
#1346 = SURFACE_STYLE_USAGE( .BOTH., #2419 );
#1347 = FACE_OUTER_BOUND( '', #2420, .T. );
#1348 = PLANE( '', #2421 );
#1349 = SURFACE_STYLE_USAGE( .BOTH., #2422 );
#1350 = FACE_OUTER_BOUND( '', #2423, .T. );
#1351 = PLANE( '', #2424 );
#1352 = SURFACE_STYLE_USAGE( .BOTH., #2425 );
#1353 = FACE_OUTER_BOUND( '', #2426, .T. );
#1354 = PLANE( '', #2427 );
#1355 = SURFACE_STYLE_USAGE( .BOTH., #2428 );
#1356 = FACE_OUTER_BOUND( '', #2429, .T. );
#1357 = SPHERICAL_SURFACE( '', #2430, 0.500000000000000 );
#1358 = SURFACE_STYLE_USAGE( .BOTH., #2431 );
#1359 = FACE_OUTER_BOUND( '', #2432, .T. );
#1360 = PLANE( '', #2433 );
#1361 = SURFACE_STYLE_USAGE( .BOTH., #2434 );
#1362 = FACE_OUTER_BOUND( '', #2435, .T. );
#1363 = PLANE( '', #2436 );
#1364 = SURFACE_STYLE_USAGE( .BOTH., #2437 );
#1365 = FACE_OUTER_BOUND( '', #2438, .T. );
#1366 = PLANE( '', #2439 );
#1367 = SURFACE_STYLE_USAGE( .BOTH., #2440 );
#1368 = FACE_OUTER_BOUND( '', #2441, .T. );
#1369 = PLANE( '', #2442 );
#1370 = SURFACE_STYLE_USAGE( .BOTH., #2443 );
#1371 = FACE_OUTER_BOUND( '', #2444, .T. );
#1372 = PLANE( '', #2445 );
#1373 = SURFACE_STYLE_USAGE( .BOTH., #2446 );
#1374 = FACE_OUTER_BOUND( '', #2447, .T. );
#1375 = PLANE( '', #2448 );
#1376 = SURFACE_STYLE_USAGE( .BOTH., #2449 );
#1377 = FACE_OUTER_BOUND( '', #2450, .T. );
#1378 = PLANE( '', #2451 );
#1379 = SURFACE_STYLE_USAGE( .BOTH., #2452 );
#1380 = FACE_OUTER_BOUND( '', #2453, .T. );
#1381 = PLANE( '', #2454 );
#1382 = SURFACE_STYLE_USAGE( .BOTH., #2455 );
#1383 = FACE_OUTER_BOUND( '', #2456, .T. );
#1384 = PLANE( '', #2457 );
#1385 = SURFACE_STYLE_USAGE( .BOTH., #2458 );
#1386 = FACE_OUTER_BOUND( '', #2459, .T. );
#1387 = CYLINDRICAL_SURFACE( '', #2460, 1.00000000000000 );
#1388 = SURFACE_STYLE_USAGE( .BOTH., #2461 );
#1389 = FACE_OUTER_BOUND( '', #2462, .T. );
#1390 = PLANE( '', #2463 );
#1391 = SURFACE_STYLE_USAGE( .BOTH., #2464 );
#1392 = FACE_OUTER_BOUND( '', #2465, .T. );
#1393 = PLANE( '', #2466 );
#1394 = SURFACE_STYLE_USAGE( .BOTH., #2467 );
#1395 = FACE_OUTER_BOUND( '', #2468, .T. );
#1396 = SPHERICAL_SURFACE( '', #2469, 0.500000000000000 );
#1397 = SURFACE_STYLE_USAGE( .BOTH., #2470 );
#1398 = FACE_OUTER_BOUND( '', #2471, .T. );
#1399 = PLANE( '', #2472 );
#1400 = SURFACE_STYLE_USAGE( .BOTH., #2473 );
#1401 = FACE_OUTER_BOUND( '', #2474, .T. );
#1402 = PLANE( '', #2475 );
#1403 = SURFACE_STYLE_USAGE( .BOTH., #2476 );
#1404 = FACE_OUTER_BOUND( '', #2477, .T. );
#1405 = CYLINDRICAL_SURFACE( '', #2478, 0.500000000000000 );
#1406 = SURFACE_STYLE_USAGE( .BOTH., #2479 );
#1407 = FACE_OUTER_BOUND( '', #2480, .T. );
#1408 = PLANE( '', #2481 );
#1409 = SURFACE_STYLE_USAGE( .BOTH., #2482 );
#1410 = FACE_OUTER_BOUND( '', #2483, .T. );
#1411 = PLANE( '', #2484 );
#1412 = SURFACE_STYLE_USAGE( .BOTH., #2485 );
#1413 = FACE_OUTER_BOUND( '', #2486, .T. );
#1414 = PLANE( '', #2487 );
#1415 = SURFACE_STYLE_USAGE( .BOTH., #2488 );
#1416 = FACE_OUTER_BOUND( '', #2489, .T. );
#1417 = PLANE( '', #2490 );
#1418 = SURFACE_STYLE_USAGE( .BOTH., #2491 );
#1419 = FACE_OUTER_BOUND( '', #2492, .T. );
#1420 = CYLINDRICAL_SURFACE( '', #2493, 0.800000000000000 );
#1421 = SURFACE_STYLE_USAGE( .BOTH., #2494 );
#1422 = FACE_OUTER_BOUND( '', #2495, .T. );
#1423 = PLANE( '', #2496 );
#1424 = SURFACE_STYLE_USAGE( .BOTH., #2497 );
#1425 = FACE_OUTER_BOUND( '', #2498, .T. );
#1426 = PLANE( '', #2499 );
#1427 = SURFACE_STYLE_USAGE( .BOTH., #2500 );
#1428 = FACE_OUTER_BOUND( '', #2501, .T. );
#1429 = PLANE( '', #2502 );
#1430 = SURFACE_STYLE_USAGE( .BOTH., #2503 );
#1431 = FACE_OUTER_BOUND( '', #2504, .T. );
#1432 = PLANE( '', #2505 );
#1433 = SURFACE_STYLE_USAGE( .BOTH., #2506 );
#1434 = FACE_OUTER_BOUND( '', #2507, .T. );
#1435 = PLANE( '', #2508 );
#1436 = SURFACE_STYLE_USAGE( .BOTH., #2509 );
#1437 = FACE_OUTER_BOUND( '', #2510, .T. );
#1438 = PLANE( '', #2511 );
#1439 = SURFACE_STYLE_USAGE( .BOTH., #2512 );
#1440 = FACE_OUTER_BOUND( '', #2513, .T. );
#1441 = PLANE( '', #2514 );
#1442 = SURFACE_STYLE_USAGE( .BOTH., #2515 );
#1443 = FACE_OUTER_BOUND( '', #2516, .T. );
#1444 = PLANE( '', #2517 );
#1445 = SURFACE_STYLE_USAGE( .BOTH., #2518 );
#1446 = FACE_OUTER_BOUND( '', #2519, .T. );
#1447 = PLANE( '', #2520 );
#1448 = SURFACE_STYLE_USAGE( .BOTH., #2521 );
#1449 = FACE_OUTER_BOUND( '', #2522, .T. );
#1450 = PLANE( '', #2523 );
#1451 = SURFACE_STYLE_USAGE( .BOTH., #2524 );
#1452 = FACE_OUTER_BOUND( '', #2525, .T. );
#1453 = PLANE( '', #2526 );
#1454 = SURFACE_STYLE_USAGE( .BOTH., #2527 );
#1455 = FACE_OUTER_BOUND( '', #2528, .T. );
#1456 = PLANE( '', #2529 );
#1457 = SURFACE_STYLE_USAGE( .BOTH., #2530 );
#1458 = FACE_OUTER_BOUND( '', #2531, .T. );
#1459 = PLANE( '', #2532 );
#1460 = SURFACE_STYLE_USAGE( .BOTH., #2533 );
#1461 = FACE_OUTER_BOUND( '', #2534, .T. );
#1462 = PLANE( '', #2535 );
#1463 = SURFACE_STYLE_USAGE( .BOTH., #2536 );
#1464 = FACE_OUTER_BOUND( '', #2537, .T. );
#1465 = PLANE( '', #2538 );
#1466 = SURFACE_STYLE_USAGE( .BOTH., #2539 );
#1467 = FACE_OUTER_BOUND( '', #2540, .T. );
#1468 = PLANE( '', #2541 );
#1469 = SURFACE_STYLE_USAGE( .BOTH., #2542 );
#1470 = FACE_OUTER_BOUND( '', #2543, .T. );
#1471 = PLANE( '', #2544 );
#1472 = SURFACE_STYLE_USAGE( .BOTH., #2545 );
#1473 = FACE_OUTER_BOUND( '', #2546, .T. );
#1474 = PLANE( '', #2547 );
#1475 = SURFACE_STYLE_USAGE( .BOTH., #2548 );
#1476 = FACE_OUTER_BOUND( '', #2549, .T. );
#1477 = PLANE( '', #2550 );
#1478 = SURFACE_STYLE_USAGE( .BOTH., #2551 );
#1479 = FACE_OUTER_BOUND( '', #2552, .T. );
#1480 = PLANE( '', #2553 );
#1481 = SURFACE_STYLE_USAGE( .BOTH., #2554 );
#1482 = FACE_OUTER_BOUND( '', #2555, .T. );
#1483 = PLANE( '', #2556 );
#1484 = SURFACE_STYLE_USAGE( .BOTH., #2557 );
#1485 = FACE_OUTER_BOUND( '', #2558, .T. );
#1486 = PLANE( '', #2559 );
#1487 = SURFACE_STYLE_USAGE( .BOTH., #2560 );
#1488 = FACE_OUTER_BOUND( '', #2561, .T. );
#1489 = PLANE( '', #2562 );
#1490 = SURFACE_STYLE_USAGE( .BOTH., #2563 );
#1491 = FACE_OUTER_BOUND( '', #2564, .T. );
#1492 = PLANE( '', #2565 );
#1493 = SURFACE_STYLE_USAGE( .BOTH., #2566 );
#1494 = FACE_OUTER_BOUND( '', #2567, .T. );
#1495 = PLANE( '', #2568 );
#1496 = SURFACE_STYLE_USAGE( .BOTH., #2569 );
#1497 = FACE_OUTER_BOUND( '', #2570, .T. );
#1498 = PLANE( '', #2571 );
#1499 = SURFACE_STYLE_USAGE( .BOTH., #2572 );
#1500 = FACE_OUTER_BOUND( '', #2573, .T. );
#1501 = PLANE( '', #2574 );
#1502 = SURFACE_STYLE_USAGE( .BOTH., #2575 );
#1503 = FACE_OUTER_BOUND( '', #2576, .T. );
#1504 = PLANE( '', #2577 );
#1505 = SURFACE_STYLE_USAGE( .BOTH., #2578 );
#1506 = FACE_OUTER_BOUND( '', #2579, .T. );
#1507 = PLANE( '', #2580 );
#1508 = SURFACE_STYLE_USAGE( .BOTH., #2581 );
#1509 = FACE_OUTER_BOUND( '', #2582, .T. );
#1510 = CYLINDRICAL_SURFACE( '', #2583, 0.300000000000000 );
#1511 = SURFACE_STYLE_USAGE( .BOTH., #2584 );
#1512 = FACE_OUTER_BOUND( '', #2585, .T. );
#1513 = PLANE( '', #2586 );
#1514 = SURFACE_STYLE_USAGE( .BOTH., #2587 );
#1515 = FACE_OUTER_BOUND( '', #2588, .T. );
#1516 = PLANE( '', #2589 );
#1517 = SURFACE_STYLE_USAGE( .BOTH., #2590 );
#1518 = FACE_OUTER_BOUND( '', #2591, .T. );
#1519 = PLANE( '', #2592 );
#1520 = SURFACE_STYLE_USAGE( .BOTH., #2593 );
#1521 = FACE_OUTER_BOUND( '', #2594, .T. );
#1522 = PLANE( '', #2595 );
#1523 = SURFACE_STYLE_USAGE( .BOTH., #2596 );
#1524 = FACE_OUTER_BOUND( '', #2597, .T. );
#1525 = PLANE( '', #2598 );
#1526 = SURFACE_STYLE_USAGE( .BOTH., #2599 );
#1527 = FACE_OUTER_BOUND( '', #2600, .T. );
#1528 = PLANE( '', #2601 );
#1529 = SURFACE_STYLE_USAGE( .BOTH., #2602 );
#1530 = FACE_BOUND( '', #2603, .T. );
#1531 = FACE_BOUND( '', #2604, .T. );
#1532 = FACE_BOUND( '', #2605, .T. );
#1533 = FACE_OUTER_BOUND( '', #2606, .T. );
#1534 = PLANE( '', #2607 );
#1535 = SURFACE_STYLE_USAGE( .BOTH., #2608 );
#1536 = FACE_OUTER_BOUND( '', #2609, .T. );
#1537 = CYLINDRICAL_SURFACE( '', #2610, 0.800000000000000 );
#1538 = SURFACE_STYLE_USAGE( .BOTH., #2611 );
#1539 = FACE_OUTER_BOUND( '', #2612, .T. );
#1540 = PLANE( '', #2613 );
#1541 = SURFACE_STYLE_USAGE( .BOTH., #2614 );
#1542 = FACE_OUTER_BOUND( '', #2615, .T. );
#1543 = PLANE( '', #2616 );
#1544 = SURFACE_STYLE_USAGE( .BOTH., #2617 );
#1545 = FACE_OUTER_BOUND( '', #2618, .T. );
#1546 = CYLINDRICAL_SURFACE( '', #2619, 0.350000000000000 );
#1547 = SURFACE_STYLE_USAGE( .BOTH., #2620 );
#1548 = FACE_OUTER_BOUND( '', #2621, .T. );
#1549 = PLANE( '', #2622 );
#1550 = SURFACE_STYLE_USAGE( .BOTH., #2623 );
#1551 = FACE_OUTER_BOUND( '', #2624, .T. );
#1552 = PLANE( '', #2625 );
#1553 = SURFACE_STYLE_USAGE( .BOTH., #2626 );
#1554 = FACE_OUTER_BOUND( '', #2627, .T. );
#1555 = PLANE( '', #2628 );
#1556 = SURFACE_STYLE_USAGE( .BOTH., #2629 );
#1557 = FACE_OUTER_BOUND( '', #2630, .T. );
#1558 = PLANE( '', #2631 );
#1559 = SURFACE_STYLE_USAGE( .BOTH., #2632 );
#1560 = FACE_OUTER_BOUND( '', #2633, .T. );
#1561 = PLANE( '', #2634 );
#1562 = SURFACE_STYLE_USAGE( .BOTH., #2635 );
#1563 = FACE_OUTER_BOUND( '', #2636, .T. );
#1564 = PLANE( '', #2637 );
#1565 = SURFACE_STYLE_USAGE( .BOTH., #2638 );
#1566 = FACE_OUTER_BOUND( '', #2639, .T. );
#1567 = PLANE( '', #2640 );
#1568 = SURFACE_STYLE_USAGE( .BOTH., #2641 );
#1569 = FACE_OUTER_BOUND( '', #2642, .T. );
#1570 = PLANE( '', #2643 );
#1571 = SURFACE_STYLE_USAGE( .BOTH., #2644 );
#1572 = FACE_OUTER_BOUND( '', #2645, .T. );
#1573 = PLANE( '', #2646 );
#1574 = SURFACE_STYLE_USAGE( .BOTH., #2647 );
#1575 = FACE_OUTER_BOUND( '', #2648, .T. );
#1576 = PLANE( '', #2649 );
#1577 = SURFACE_STYLE_USAGE( .BOTH., #2650 );
#1578 = FACE_OUTER_BOUND( '', #2651, .T. );
#1579 = PLANE( '', #2652 );
#1580 = SURFACE_STYLE_USAGE( .BOTH., #2653 );
#1581 = FACE_OUTER_BOUND( '', #2654, .T. );
#1582 = PLANE( '', #2655 );
#1583 = SURFACE_STYLE_USAGE( .BOTH., #2656 );
#1584 = FACE_OUTER_BOUND( '', #2657, .T. );
#1585 = PLANE( '', #2658 );
#1586 = SURFACE_STYLE_USAGE( .BOTH., #2659 );
#1587 = FACE_OUTER_BOUND( '', #2660, .T. );
#1588 = PLANE( '', #2661 );
#1589 = SURFACE_STYLE_USAGE( .BOTH., #2662 );
#1590 = FACE_OUTER_BOUND( '', #2663, .T. );
#1591 = CYLINDRICAL_SURFACE( '', #2664, 0.800000000000000 );
#1592 = SURFACE_STYLE_USAGE( .BOTH., #2665 );
#1593 = FACE_OUTER_BOUND( '', #2666, .T. );
#1594 = CYLINDRICAL_SURFACE( '', #2667, 0.500000000000000 );
#1595 = SURFACE_STYLE_USAGE( .BOTH., #2668 );
#1596 = FACE_OUTER_BOUND( '', #2669, .T. );
#1597 = PLANE( '', #2670 );
#1598 = SURFACE_STYLE_USAGE( .BOTH., #2671 );
#1599 = FACE_OUTER_BOUND( '', #2672, .T. );
#1600 = PLANE( '', #2673 );
#1601 = SURFACE_STYLE_USAGE( .BOTH., #2674 );
#1602 = FACE_OUTER_BOUND( '', #2675, .T. );
#1603 = PLANE( '', #2676 );
#1604 = SURFACE_STYLE_USAGE( .BOTH., #2677 );
#1605 = FACE_OUTER_BOUND( '', #2678, .T. );
#1606 = PLANE( '', #2679 );
#1607 = SURFACE_STYLE_USAGE( .BOTH., #2680 );
#1608 = FACE_OUTER_BOUND( '', #2681, .T. );
#1609 = PLANE( '', #2682 );
#1610 = SURFACE_STYLE_USAGE( .BOTH., #2683 );
#1611 = FACE_OUTER_BOUND( '', #2684, .T. );
#1612 = PLANE( '', #2685 );
#1613 = SURFACE_STYLE_USAGE( .BOTH., #2686 );
#1614 = FACE_OUTER_BOUND( '', #2687, .T. );
#1615 = PLANE( '', #2688 );
#1616 = SURFACE_STYLE_USAGE( .BOTH., #2689 );
#1617 = FACE_OUTER_BOUND( '', #2690, .T. );
#1618 = PLANE( '', #2691 );
#1619 = SURFACE_STYLE_USAGE( .BOTH., #2692 );
#1620 = FACE_OUTER_BOUND( '', #2693, .T. );
#1621 = PLANE( '', #2694 );
#1622 = SURFACE_STYLE_USAGE( .BOTH., #2695 );
#1623 = FACE_OUTER_BOUND( '', #2696, .T. );
#1624 = PLANE( '', #2697 );
#1625 = SURFACE_STYLE_USAGE( .BOTH., #2698 );
#1626 = FACE_OUTER_BOUND( '', #2699, .T. );
#1627 = FACE_BOUND( '', #2700, .T. );
#1628 = PLANE( '', #2701 );
#1629 = SURFACE_STYLE_USAGE( .BOTH., #2702 );
#1630 = FACE_OUTER_BOUND( '', #2703, .T. );
#1631 = PLANE( '', #2704 );
#1632 = SURFACE_STYLE_USAGE( .BOTH., #2705 );
#1633 = FACE_OUTER_BOUND( '', #2706, .T. );
#1634 = FACE_OUTER_BOUND( '', #2707, .T. );
#1635 = CYLINDRICAL_SURFACE( '', #2708, 0.500000000000000 );
#1636 = SURFACE_STYLE_USAGE( .BOTH., #2709 );
#1637 = FACE_OUTER_BOUND( '', #2710, .T. );
#1638 = PLANE( '', #2711 );
#1639 = SURFACE_STYLE_USAGE( .BOTH., #2712 );
#1640 = FACE_OUTER_BOUND( '', #2713, .T. );
#1641 = PLANE( '', #2714 );
#1642 = SURFACE_STYLE_USAGE( .BOTH., #2715 );
#1643 = FACE_OUTER_BOUND( '', #2716, .T. );
#1644 = SPHERICAL_SURFACE( '', #2717, 0.500000000000000 );
#1645 = SURFACE_STYLE_USAGE( .BOTH., #2718 );
#1646 = FACE_OUTER_BOUND( '', #2719, .T. );
#1647 = PLANE( '', #2720 );
#1648 = SURFACE_STYLE_USAGE( .BOTH., #2721 );
#1649 = FACE_OUTER_BOUND( '', #2722, .T. );
#1650 = PLANE( '', #2723 );
#1651 = SURFACE_STYLE_USAGE( .BOTH., #2724 );
#1652 = FACE_OUTER_BOUND( '', #2725, .T. );
#1653 = CYLINDRICAL_SURFACE( '', #2726, 0.500000000000000 );
#1654 = SURFACE_STYLE_USAGE( .BOTH., #2727 );
#1655 = FACE_OUTER_BOUND( '', #2728, .T. );
#1656 = PLANE( '', #2729 );
#1657 = SURFACE_STYLE_USAGE( .BOTH., #2730 );
#1658 = FACE_OUTER_BOUND( '', #2731, .T. );
#1659 = PLANE( '', #2732 );
#1660 = SURFACE_STYLE_USAGE( .BOTH., #2733 );
#1661 = FACE_OUTER_BOUND( '', #2734, .T. );
#1662 = PLANE( '', #2735 );
#1663 = SURFACE_STYLE_USAGE( .BOTH., #2736 );
#1664 = FACE_OUTER_BOUND( '', #2737, .T. );
#1665 = PLANE( '', #2738 );
#1666 = SURFACE_STYLE_USAGE( .BOTH., #2739 );
#1667 = FACE_OUTER_BOUND( '', #2740, .T. );
#1668 = CONICAL_SURFACE( '', #2741, 0.550000000000000, 0.785398163397448 );
#1669 = SURFACE_STYLE_USAGE( .BOTH., #2742 );
#1670 = FACE_OUTER_BOUND( '', #2743, .T. );
#1671 = CYLINDRICAL_SURFACE( '', #2744, 0.350000000000000 );
#1672 = SURFACE_STYLE_USAGE( .BOTH., #2745 );
#1673 = FACE_OUTER_BOUND( '', #2746, .T. );
#1674 = CYLINDRICAL_SURFACE( '', #2747, 0.700000000000000 );
#1675 = SURFACE_STYLE_USAGE( .BOTH., #2748 );
#1676 = FACE_OUTER_BOUND( '', #2749, .T. );
#1677 = PLANE( '', #2750 );
#1678 = SURFACE_STYLE_USAGE( .BOTH., #2751 );
#1679 = FACE_OUTER_BOUND( '', #2752, .T. );
#1680 = PLANE( '', #2753 );
#1681 = SURFACE_STYLE_USAGE( .BOTH., #2754 );
#1682 = FACE_OUTER_BOUND( '', #2755, .T. );
#1683 = PLANE( '', #2756 );
#1684 = SURFACE_STYLE_USAGE( .BOTH., #2757 );
#1685 = FACE_OUTER_BOUND( '', #2758, .T. );
#1686 = PLANE( '', #2759 );
#1687 = SURFACE_STYLE_USAGE( .BOTH., #2760 );
#1688 = FACE_OUTER_BOUND( '', #2761, .T. );
#1689 = PLANE( '', #2762 );
#1690 = SURFACE_STYLE_USAGE( .BOTH., #2763 );
#1691 = FACE_OUTER_BOUND( '', #2764, .T. );
#1692 = PLANE( '', #2765 );
#1693 = SURFACE_STYLE_USAGE( .BOTH., #2766 );
#1694 = FACE_OUTER_BOUND( '', #2767, .T. );
#1695 = PLANE( '', #2768 );
#1696 = SURFACE_STYLE_USAGE( .BOTH., #2769 );
#1697 = FACE_OUTER_BOUND( '', #2770, .T. );
#1698 = PLANE( '', #2771 );
#1699 = SURFACE_STYLE_USAGE( .BOTH., #2772 );
#1700 = FACE_OUTER_BOUND( '', #2773, .T. );
#1701 = PLANE( '', #2774 );
#1702 = SURFACE_STYLE_USAGE( .BOTH., #2775 );
#1703 = FACE_OUTER_BOUND( '', #2776, .T. );
#1704 = PLANE( '', #2777 );
#1705 = SURFACE_STYLE_USAGE( .BOTH., #2778 );
#1706 = FACE_OUTER_BOUND( '', #2779, .T. );
#1707 = PLANE( '', #2780 );
#1708 = SURFACE_STYLE_USAGE( .BOTH., #2781 );
#1709 = FACE_OUTER_BOUND( '', #2782, .T. );
#1710 = PLANE( '', #2783 );
#1711 = SURFACE_STYLE_USAGE( .BOTH., #2784 );
#1712 = FACE_OUTER_BOUND( '', #2785, .T. );
#1713 = PLANE( '', #2786 );
#1714 = SURFACE_STYLE_USAGE( .BOTH., #2787 );
#1715 = FACE_OUTER_BOUND( '', #2788, .T. );
#1716 = PLANE( '', #2789 );
#1717 = SURFACE_STYLE_USAGE( .BOTH., #2790 );
#1718 = FACE_OUTER_BOUND( '', #2791, .T. );
#1719 = PLANE( '', #2792 );
#1720 = SURFACE_STYLE_USAGE( .BOTH., #2793 );
#1721 = FACE_OUTER_BOUND( '', #2794, .T. );
#1722 = PLANE( '', #2795 );
#1723 = SURFACE_STYLE_USAGE( .BOTH., #2796 );
#1724 = FACE_OUTER_BOUND( '', #2797, .T. );
#1725 = PLANE( '', #2798 );
#1726 = SURFACE_STYLE_USAGE( .BOTH., #2799 );
#1727 = FACE_OUTER_BOUND( '', #2800, .T. );
#1728 = PLANE( '', #2801 );
#1729 = SURFACE_STYLE_USAGE( .BOTH., #2802 );
#1730 = FACE_OUTER_BOUND( '', #2803, .T. );
#1731 = PLANE( '', #2804 );
#1732 = SURFACE_STYLE_USAGE( .BOTH., #2805 );
#1733 = FACE_OUTER_BOUND( '', #2806, .T. );
#1734 = CONICAL_SURFACE( '', #2807, 0.550000000000000, 0.785398163397448 );
#1735 = SURFACE_STYLE_USAGE( .BOTH., #2808 );
#1736 = FACE_OUTER_BOUND( '', #2809, .T. );
#1737 = CYLINDRICAL_SURFACE( '', #2810, 0.300000000000000 );
#1738 = SURFACE_STYLE_USAGE( .BOTH., #2811 );
#1739 = FACE_OUTER_BOUND( '', #2812, .T. );
#1740 = PLANE( '', #2813 );
#1741 = SURFACE_STYLE_USAGE( .BOTH., #2814 );
#1742 = FACE_OUTER_BOUND( '', #2815, .T. );
#1743 = PLANE( '', #2816 );
#1744 = SURFACE_STYLE_USAGE( .BOTH., #2817 );
#1745 = FACE_OUTER_BOUND( '', #2818, .T. );
#1746 = FACE_BOUND( '', #2819, .T. );
#1747 = PLANE( '', #2820 );
#1748 = SURFACE_STYLE_USAGE( .BOTH., #2821 );
#1749 = FACE_OUTER_BOUND( '', #2822, .T. );
#1750 = PLANE( '', #2823 );
#1751 = SURFACE_STYLE_USAGE( .BOTH., #2824 );
#1752 = FACE_OUTER_BOUND( '', #2825, .T. );
#1753 = PLANE( '', #2826 );
#1754 = SURFACE_STYLE_USAGE( .BOTH., #2827 );
#1755 = FACE_OUTER_BOUND( '', #2828, .T. );
#1756 = PLANE( '', #2829 );
#1757 = SURFACE_STYLE_USAGE( .BOTH., #2830 );
#1758 = FACE_OUTER_BOUND( '', #2831, .T. );
#1759 = FACE_OUTER_BOUND( '', #2832, .T. );
#1760 = CYLINDRICAL_SURFACE( '', #2833, 0.500000000000000 );
#1761 = SURFACE_STYLE_USAGE( .BOTH., #2834 );
#1762 = FACE_OUTER_BOUND( '', #2835, .T. );
#1763 = PLANE( '', #2836 );
#1764 = SURFACE_STYLE_USAGE( .BOTH., #2837 );
#1765 = FACE_OUTER_BOUND( '', #2838, .T. );
#1766 = PLANE( '', #2839 );
#1767 = SURFACE_STYLE_USAGE( .BOTH., #2840 );
#1768 = FACE_OUTER_BOUND( '', #2841, .T. );
#1769 = PLANE( '', #2842 );
#1770 = SURFACE_STYLE_USAGE( .BOTH., #2843 );
#1771 = FACE_OUTER_BOUND( '', #2844, .T. );
#1772 = PLANE( '', #2845 );
#1773 = SURFACE_STYLE_USAGE( .BOTH., #2846 );
#1774 = FACE_OUTER_BOUND( '', #2847, .T. );
#1775 = PLANE( '', #2848 );
#1776 = SURFACE_STYLE_USAGE( .BOTH., #2849 );
#1777 = FACE_OUTER_BOUND( '', #2850, .T. );
#1778 = PLANE( '', #2851 );
#1779 = SURFACE_STYLE_USAGE( .BOTH., #2852 );
#1780 = FACE_OUTER_BOUND( '', #2853, .T. );
#1781 = PLANE( '', #2854 );
#1782 = SURFACE_STYLE_USAGE( .BOTH., #2855 );
#1783 = FACE_OUTER_BOUND( '', #2856, .T. );
#1784 = PLANE( '', #2857 );
#1785 = SURFACE_STYLE_USAGE( .BOTH., #2858 );
#1786 = FACE_OUTER_BOUND( '', #2859, .T. );
#1787 = PLANE( '', #2860 );
#1788 = SURFACE_STYLE_USAGE( .BOTH., #2861 );
#1789 = FACE_OUTER_BOUND( '', #2862, .T. );
#1790 = PLANE( '', #2863 );
#1791 = SURFACE_STYLE_USAGE( .BOTH., #2864 );
#1792 = FACE_OUTER_BOUND( '', #2865, .T. );
#1793 = PLANE( '', #2866 );
#1794 = SURFACE_STYLE_USAGE( .BOTH., #2867 );
#1795 = FACE_OUTER_BOUND( '', #2868, .T. );
#1796 = CYLINDRICAL_SURFACE( '', #2869, 0.500000000000000 );
#1797 = SURFACE_STYLE_USAGE( .BOTH., #2870 );
#1798 = FACE_OUTER_BOUND( '', #2871, .T. );
#1799 = PLANE( '', #2872 );
#1800 = SURFACE_STYLE_USAGE( .BOTH., #2873 );
#1801 = FACE_OUTER_BOUND( '', #2874, .T. );
#1802 = PLANE( '', #2875 );
#1803 = SURFACE_STYLE_USAGE( .BOTH., #2876 );
#1804 = FACE_OUTER_BOUND( '', #2877, .T. );
#1805 = CYLINDRICAL_SURFACE( '', #2878, 1.00000000000000 );
#1806 = SURFACE_STYLE_USAGE( .BOTH., #2879 );
#1807 = FACE_OUTER_BOUND( '', #2880, .T. );
#1808 = PLANE( '', #2881 );
#1809 = SURFACE_STYLE_USAGE( .BOTH., #2882 );
#1810 = FACE_OUTER_BOUND( '', #2883, .T. );
#1811 = PLANE( '', #2884 );
#1812 = SURFACE_STYLE_USAGE( .BOTH., #2885 );
#1813 = FACE_OUTER_BOUND( '', #2886, .T. );
#1814 = PLANE( '', #2887 );
#1815 = SURFACE_STYLE_USAGE( .BOTH., #2888 );
#1816 = FACE_OUTER_BOUND( '', #2889, .T. );
#1817 = CYLINDRICAL_SURFACE( '', #2890, 1.15000000000000 );
#1818 = SURFACE_STYLE_USAGE( .BOTH., #2891 );
#1819 = FACE_OUTER_BOUND( '', #2892, .T. );
#1820 = PLANE( '', #2893 );
#1821 = SURFACE_STYLE_USAGE( .BOTH., #2894 );
#1822 = FACE_OUTER_BOUND( '', #2895, .T. );
#1823 = PLANE( '', #2896 );
#1824 = SURFACE_STYLE_USAGE( .BOTH., #2897 );
#1825 = FACE_OUTER_BOUND( '', #2898, .T. );
#1826 = PLANE( '', #2899 );
#1827 = SURFACE_STYLE_USAGE( .BOTH., #2900 );
#1828 = FACE_OUTER_BOUND( '', #2901, .T. );
#1829 = PLANE( '', #2902 );
#1830 = SURFACE_STYLE_USAGE( .BOTH., #2903 );
#1831 = FACE_OUTER_BOUND( '', #2904, .T. );
#1832 = PLANE( '', #2905 );
#1833 = SURFACE_STYLE_USAGE( .BOTH., #2906 );
#1834 = FACE_OUTER_BOUND( '', #2907, .T. );
#1835 = PLANE( '', #2908 );
#1836 = SURFACE_STYLE_USAGE( .BOTH., #2909 );
#1837 = FACE_OUTER_BOUND( '', #2910, .T. );
#1838 = CYLINDRICAL_SURFACE( '', #2911, 0.500000000000000 );
#1839 = SURFACE_STYLE_USAGE( .BOTH., #2912 );
#1840 = FACE_OUTER_BOUND( '', #2913, .T. );
#1841 = PLANE( '', #2914 );
#1842 = SURFACE_STYLE_USAGE( .BOTH., #2915 );
#1843 = FACE_OUTER_BOUND( '', #2916, .T. );
#1844 = PLANE( '', #2917 );
#1845 = SURFACE_STYLE_USAGE( .BOTH., #2918 );
#1846 = FACE_OUTER_BOUND( '', #2919, .T. );
#1847 = PLANE( '', #2920 );
#1848 = SURFACE_STYLE_USAGE( .BOTH., #2921 );
#1849 = FACE_OUTER_BOUND( '', #2922, .T. );
#1850 = PLANE( '', #2923 );
#1851 = SURFACE_STYLE_USAGE( .BOTH., #2924 );
#1852 = FACE_OUTER_BOUND( '', #2925, .T. );
#1853 = PLANE( '', #2926 );
#1854 = SURFACE_STYLE_USAGE( .BOTH., #2927 );
#1855 = FACE_OUTER_BOUND( '', #2928, .T. );
#1856 = PLANE( '', #2929 );
#1857 = SURFACE_STYLE_USAGE( .BOTH., #2930 );
#1858 = FACE_OUTER_BOUND( '', #2931, .T. );
#1859 = PLANE( '', #2932 );
#1860 = SURFACE_STYLE_USAGE( .BOTH., #2933 );
#1861 = FACE_OUTER_BOUND( '', #2934, .T. );
#1862 = PLANE( '', #2935 );
#1863 = SURFACE_STYLE_USAGE( .BOTH., #2936 );
#1864 = FACE_OUTER_BOUND( '', #2937, .T. );
#1865 = PLANE( '', #2938 );
#1866 = SURFACE_STYLE_USAGE( .BOTH., #2939 );
#1867 = FACE_OUTER_BOUND( '', #2940, .T. );
#1868 = CYLINDRICAL_SURFACE( '', #2941, 0.500000000000000 );
#1869 = SURFACE_STYLE_USAGE( .BOTH., #2942 );
#1870 = FACE_OUTER_BOUND( '', #2943, .T. );
#1871 = PLANE( '', #2944 );
#1872 = SURFACE_STYLE_USAGE( .BOTH., #2945 );
#1873 = FACE_OUTER_BOUND( '', #2946, .T. );
#1874 = PLANE( '', #2947 );
#1875 = SURFACE_STYLE_USAGE( .BOTH., #2948 );
#1876 = FACE_OUTER_BOUND( '', #2949, .T. );
#1877 = PLANE( '', #2950 );
#1878 = SURFACE_STYLE_USAGE( .BOTH., #2951 );
#1879 = FACE_OUTER_BOUND( '', #2952, .T. );
#1880 = PLANE( '', #2953 );
#1881 = SURFACE_STYLE_USAGE( .BOTH., #2954 );
#1882 = FACE_OUTER_BOUND( '', #2955, .T. );
#1883 = PLANE( '', #2956 );
#1884 = SURFACE_STYLE_USAGE( .BOTH., #2957 );
#1885 = FACE_OUTER_BOUND( '', #2958, .T. );
#1886 = PLANE( '', #2959 );
#1887 = SURFACE_STYLE_USAGE( .BOTH., #2960 );
#1888 = FACE_OUTER_BOUND( '', #2961, .T. );
#1889 = PLANE( '', #2962 );
#1890 = SURFACE_STYLE_USAGE( .BOTH., #2963 );
#1891 = FACE_OUTER_BOUND( '', #2964, .T. );
#1892 = CYLINDRICAL_SURFACE( '', #2965, 0.500000000000000 );
#1893 = SURFACE_STYLE_USAGE( .BOTH., #2966 );
#1894 = FACE_OUTER_BOUND( '', #2967, .T. );
#1895 = PLANE( '', #2968 );
#1896 = SURFACE_STYLE_USAGE( .BOTH., #2969 );
#1897 = FACE_BOUND( '', #2970, .T. );
#1898 = FACE_OUTER_BOUND( '', #2971, .T. );
#1899 = FACE_BOUND( '', #2972, .T. );
#1900 = FACE_BOUND( '', #2973, .T. );
#1901 = FACE_BOUND( '', #2974, .T. );
#1902 = FACE_BOUND( '', #2975, .T. );
#1903 = FACE_BOUND( '', #2976, .T. );
#1904 = PLANE( '', #2977 );
#1905 = SURFACE_STYLE_USAGE( .BOTH., #2978 );
#1906 = FACE_OUTER_BOUND( '', #2979, .T. );
#1907 = CONICAL_SURFACE( '', #2980, 0.550000000000000, 0.785398163397448 );
#1908 = SURFACE_STYLE_USAGE( .BOTH., #2981 );
#1909 = FACE_OUTER_BOUND( '', #2982, .T. );
#1910 = PLANE( '', #2983 );
#1911 = SURFACE_STYLE_USAGE( .BOTH., #2984 );
#1912 = FACE_OUTER_BOUND( '', #2985, .T. );
#1913 = PLANE( '', #2986 );
#1914 = SURFACE_STYLE_USAGE( .BOTH., #2987 );
#1915 = FACE_OUTER_BOUND( '', #2988, .T. );
#1916 = PLANE( '', #2989 );
#1917 = SURFACE_STYLE_USAGE( .BOTH., #2990 );
#1918 = FACE_OUTER_BOUND( '', #2991, .T. );
#1919 = PLANE( '', #2992 );
#1920 = SURFACE_STYLE_USAGE( .BOTH., #2993 );
#1921 = FACE_OUTER_BOUND( '', #2994, .T. );
#1922 = PLANE( '', #2995 );
#1923 = SURFACE_STYLE_USAGE( .BOTH., #2996 );
#1924 = FACE_OUTER_BOUND( '', #2997, .T. );
#1925 = PLANE( '', #2998 );
#1926 = SURFACE_STYLE_USAGE( .BOTH., #2999 );
#1927 = FACE_OUTER_BOUND( '', #3000, .T. );
#1928 = PLANE( '', #3001 );
#1929 = SURFACE_STYLE_USAGE( .BOTH., #3002 );
#1930 = FACE_OUTER_BOUND( '', #3003, .T. );
#1931 = CYLINDRICAL_SURFACE( '', #3004, 1.00000000000000 );
#1932 = SURFACE_STYLE_USAGE( .BOTH., #3005 );
#1933 = FACE_OUTER_BOUND( '', #3006, .T. );
#1934 = PLANE( '', #3007 );
#1935 = SURFACE_STYLE_USAGE( .BOTH., #3008 );
#1936 = FACE_OUTER_BOUND( '', #3009, .T. );
#1937 = PLANE( '', #3010 );
#1938 = SURFACE_STYLE_USAGE( .BOTH., #3011 );
#1939 = FACE_OUTER_BOUND( '', #3012, .T. );
#1940 = PLANE( '', #3013 );
#1941 = SURFACE_STYLE_USAGE( .BOTH., #3014 );
#1942 = FACE_OUTER_BOUND( '', #3015, .T. );
#1943 = CYLINDRICAL_SURFACE( '', #3016, 0.550000000000000 );
#1944 = SURFACE_STYLE_USAGE( .BOTH., #3017 );
#1945 = FACE_OUTER_BOUND( '', #3018, .T. );
#1946 = PLANE( '', #3019 );
#1947 = SURFACE_STYLE_USAGE( .BOTH., #3020 );
#1948 = FACE_OUTER_BOUND( '', #3021, .T. );
#1949 = PLANE( '', #3022 );
#1950 = SURFACE_STYLE_USAGE( .BOTH., #3023 );
#1951 = FACE_OUTER_BOUND( '', #3024, .T. );
#1952 = PLANE( '', #3025 );
#1953 = SURFACE_STYLE_USAGE( .BOTH., #3026 );
#1954 = FACE_OUTER_BOUND( '', #3027, .T. );
#1955 = PLANE( '', #3028 );
#1956 = SURFACE_STYLE_USAGE( .BOTH., #3029 );
#1957 = FACE_OUTER_BOUND( '', #3030, .T. );
#1958 = PLANE( '', #3031 );
#1959 = SURFACE_STYLE_USAGE( .BOTH., #3032 );
#1960 = FACE_OUTER_BOUND( '', #3033, .T. );
#1961 = PLANE( '', #3034 );
#1962 = SURFACE_STYLE_USAGE( .BOTH., #3035 );
#1963 = FACE_OUTER_BOUND( '', #3036, .T. );
#1964 = PLANE( '', #3037 );
#1965 = SURFACE_STYLE_USAGE( .BOTH., #3038 );
#1966 = FACE_OUTER_BOUND( '', #3039, .T. );
#1967 = CYLINDRICAL_SURFACE( '', #3040, 0.500000000000000 );
#1968 = SURFACE_STYLE_USAGE( .BOTH., #3041 );
#1969 = FACE_OUTER_BOUND( '', #3042, .T. );
#1970 = PLANE( '', #3043 );
#1971 = SURFACE_STYLE_USAGE( .BOTH., #3044 );
#1972 = FACE_OUTER_BOUND( '', #3045, .T. );
#1973 = PLANE( '', #3046 );
#1974 = SURFACE_STYLE_USAGE( .BOTH., #3047 );
#1975 = FACE_OUTER_BOUND( '', #3048, .T. );
#1976 = PLANE( '', #3049 );
#1977 = SURFACE_STYLE_USAGE( .BOTH., #3050 );
#1978 = FACE_OUTER_BOUND( '', #3051, .T. );
#1979 = PLANE( '', #3052 );
#1980 = SURFACE_STYLE_USAGE( .BOTH., #3053 );
#1981 = FACE_OUTER_BOUND( '', #3054, .T. );
#1982 = PLANE( '', #3055 );
#1983 = SURFACE_STYLE_USAGE( .BOTH., #3056 );
#1984 = FACE_OUTER_BOUND( '', #3057, .T. );
#1985 = CONICAL_SURFACE( '', #3058, 0.550000000000000, 0.785398163397449 );
#1986 = SURFACE_STYLE_USAGE( .BOTH., #3059 );
#1987 = FACE_OUTER_BOUND( '', #3060, .T. );
#1988 = PLANE( '', #3061 );
#1989 = SURFACE_STYLE_USAGE( .BOTH., #3062 );
#1990 = FACE_OUTER_BOUND( '', #3063, .T. );
#1991 = PLANE( '', #3064 );
#1992 = SURFACE_STYLE_USAGE( .BOTH., #3065 );
#1993 = FACE_OUTER_BOUND( '', #3066, .T. );
#1994 = PLANE( '', #3067 );
#1995 = SURFACE_STYLE_USAGE( .BOTH., #3068 );
#1996 = FACE_OUTER_BOUND( '', #3069, .T. );
#1997 = CYLINDRICAL_SURFACE( '', #3070, 0.550000000000000 );
#1998 = SURFACE_STYLE_USAGE( .BOTH., #3071 );
#1999 = FACE_OUTER_BOUND( '', #3072, .T. );
#2000 = PLANE( '', #3073 );
#2001 = SURFACE_STYLE_USAGE( .BOTH., #3074 );
#2002 = FACE_OUTER_BOUND( '', #3075, .T. );
#2003 = PLANE( '', #3076 );
#2004 = SURFACE_STYLE_USAGE( .BOTH., #3077 );
#2005 = FACE_OUTER_BOUND( '', #3078, .T. );
#2006 = FACE_BOUND( '', #3079, .T. );
#2007 = PLANE( '', #3080 );
#2008 = SURFACE_STYLE_USAGE( .BOTH., #3081 );
#2009 = FACE_OUTER_BOUND( '', #3082, .T. );
#2010 = PLANE( '', #3083 );
#2011 = SURFACE_STYLE_USAGE( .BOTH., #3084 );
#2012 = FACE_OUTER_BOUND( '', #3085, .T. );
#2013 = CYLINDRICAL_SURFACE( '', #3086, 1.15000000000000 );
#2014 = SURFACE_STYLE_USAGE( .BOTH., #3087 );
#2015 = FACE_OUTER_BOUND( '', #3088, .T. );
#2016 = PLANE( '', #3089 );
#2017 = SURFACE_STYLE_USAGE( .BOTH., #3090 );
#2018 = FACE_OUTER_BOUND( '', #3091, .T. );
#2019 = PLANE( '', #3092 );
#2020 = SURFACE_STYLE_USAGE( .BOTH., #3093 );
#2021 = FACE_OUTER_BOUND( '', #3094, .T. );
#2022 = PLANE( '', #3095 );
#2023 = SURFACE_STYLE_USAGE( .BOTH., #3096 );
#2024 = FACE_OUTER_BOUND( '', #3097, .T. );
#2025 = PLANE( '', #3098 );
#2026 = SURFACE_STYLE_USAGE( .BOTH., #3099 );
#2027 = FACE_OUTER_BOUND( '', #3100, .T. );
#2028 = CYLINDRICAL_SURFACE( '', #3101, 0.700000000000000 );
#2029 = SURFACE_STYLE_USAGE( .BOTH., #3102 );
#2030 = FACE_OUTER_BOUND( '', #3103, .T. );
#2031 = PLANE( '', #3104 );
#2032 = SURFACE_STYLE_USAGE( .BOTH., #3105 );
#2033 = FACE_OUTER_BOUND( '', #3106, .T. );
#2034 = PLANE( '', #3107 );
#2035 = SURFACE_STYLE_USAGE( .BOTH., #3108 );
#2036 = FACE_OUTER_BOUND( '', #3109, .T. );
#2037 = PLANE( '', #3110 );
#2038 = SURFACE_STYLE_USAGE( .BOTH., #3111 );
#2039 = FACE_OUTER_BOUND( '', #3112, .T. );
#2040 = PLANE( '', #3113 );
#2041 = SURFACE_STYLE_USAGE( .BOTH., #3114 );
#2042 = FACE_OUTER_BOUND( '', #3115, .T. );
#2043 = PLANE( '', #3116 );
#2044 = SURFACE_STYLE_USAGE( .BOTH., #3117 );
#2045 = FACE_OUTER_BOUND( '', #3118, .T. );
#2046 = PLANE( '', #3119 );
#2047 = SURFACE_STYLE_USAGE( .BOTH., #3120 );
#2048 = FACE_OUTER_BOUND( '', #3121, .T. );
#2049 = PLANE( '', #3122 );
#2050 = SURFACE_STYLE_USAGE( .BOTH., #3123 );
#2051 = FACE_OUTER_BOUND( '', #3124, .T. );
#2052 = PLANE( '', #3125 );
#2053 = SURFACE_STYLE_USAGE( .BOTH., #3126 );
#2054 = FACE_OUTER_BOUND( '', #3127, .T. );
#2055 = PLANE( '', #3128 );
#2056 = SURFACE_STYLE_USAGE( .BOTH., #3129 );
#2057 = FACE_OUTER_BOUND( '', #3130, .T. );
#2058 = PLANE( '', #3131 );
#2059 = SURFACE_STYLE_USAGE( .BOTH., #3132 );
#2060 = FACE_OUTER_BOUND( '', #3133, .T. );
#2061 = PLANE( '', #3134 );
#2062 = SURFACE_STYLE_USAGE( .BOTH., #3135 );
#2063 = FACE_OUTER_BOUND( '', #3136, .T. );
#2064 = PLANE( '', #3137 );
#2065 = SURFACE_STYLE_USAGE( .BOTH., #3138 );
#2066 = FACE_OUTER_BOUND( '', #3139, .T. );
#2067 = PLANE( '', #3140 );
#2068 = SURFACE_STYLE_USAGE( .BOTH., #3141 );
#2069 = FACE_OUTER_BOUND( '', #3142, .T. );
#2070 = FACE_OUTER_BOUND( '', #3143, .T. );
#2071 = CYLINDRICAL_SURFACE( '', #3144, 0.500000000000000 );
#2072 = SURFACE_STYLE_USAGE( .BOTH., #3145 );
#2073 = FACE_OUTER_BOUND( '', #3146, .T. );
#2074 = CYLINDRICAL_SURFACE( '', #3147, 0.550000000000000 );
#2075 = SURFACE_STYLE_USAGE( .BOTH., #3148 );
#2076 = FACE_OUTER_BOUND( '', #3149, .T. );
#2077 = PLANE( '', #3150 );
#2078 = SURFACE_STYLE_USAGE( .BOTH., #3151 );
#2079 = FACE_OUTER_BOUND( '', #3152, .T. );
#2080 = PLANE( '', #3153 );
#2081 = SURFACE_STYLE_USAGE( .BOTH., #3154 );
#2082 = FACE_OUTER_BOUND( '', #3155, .T. );
#2083 = CYLINDRICAL_SURFACE( '', #3156, 0.500000000000000 );
#2084 = SURFACE_STYLE_USAGE( .BOTH., #3157 );
#2085 = FACE_OUTER_BOUND( '', #3158, .T. );
#2086 = PLANE( '', #3159 );
#2087 = SURFACE_STYLE_USAGE( .BOTH., #3160 );
#2088 = FACE_OUTER_BOUND( '', #3161, .T. );
#2089 = FACE_BOUND( '', #3162, .T. );
#2090 = PLANE( '', #3163 );
#2091 = SURFACE_STYLE_USAGE( .BOTH., #3164 );
#2092 = FACE_OUTER_BOUND( '', #3165, .T. );
#2093 = PLANE( '', #3166 );
#2094 = SURFACE_STYLE_USAGE( .BOTH., #3167 );
#2095 = FACE_OUTER_BOUND( '', #3168, .T. );
#2096 = PLANE( '', #3169 );
#2097 = SURFACE_STYLE_USAGE( .BOTH., #3170 );
#2098 = FACE_OUTER_BOUND( '', #3171, .T. );
#2099 = PLANE( '', #3172 );
#2100 = SURFACE_STYLE_USAGE( .BOTH., #3173 );
#2101 = FACE_OUTER_BOUND( '', #3174, .T. );
#2102 = PLANE( '', #3175 );
#2103 = SURFACE_STYLE_USAGE( .BOTH., #3176 );
#2104 = FACE_OUTER_BOUND( '', #3177, .T. );
#2105 = SPHERICAL_SURFACE( '', #3178, 0.500000000000000 );
#2106 = SURFACE_STYLE_USAGE( .BOTH., #3179 );
#2107 = FACE_OUTER_BOUND( '', #3180, .T. );
#2108 = PLANE( '', #3181 );
#2109 = SURFACE_STYLE_USAGE( .BOTH., #3182 );
#2110 = FACE_OUTER_BOUND( '', #3183, .T. );
#2111 = PLANE( '', #3184 );
#2112 = SURFACE_STYLE_USAGE( .BOTH., #3185 );
#2113 = FACE_OUTER_BOUND( '', #3186, .T. );
#2114 = CYLINDRICAL_SURFACE( '', #3187, 0.550000000000000 );
#2115 = SURFACE_STYLE_USAGE( .BOTH., #3188 );
#2116 = FACE_OUTER_BOUND( '', #3189, .T. );
#2117 = PLANE( '', #3190 );
#2118 = SURFACE_STYLE_USAGE( .BOTH., #3191 );
#2119 = FACE_OUTER_BOUND( '', #3192, .T. );
#2120 = PLANE( '', #3193 );
#2121 = SURFACE_STYLE_USAGE( .BOTH., #3194 );
#2122 = FACE_OUTER_BOUND( '', #3195, .T. );
#2123 = CYLINDRICAL_SURFACE( '', #3196, 0.300000000000000 );
#2124 = SURFACE_STYLE_USAGE( .BOTH., #3197 );
#2125 = FACE_OUTER_BOUND( '', #3198, .T. );
#2126 = PLANE( '', #3199 );
#2127 = SURFACE_STYLE_USAGE( .BOTH., #3200 );
#2128 = FACE_OUTER_BOUND( '', #3201, .T. );
#2129 = PLANE( '', #3202 );
#2130 = SURFACE_STYLE_USAGE( .BOTH., #3203 );
#2131 = FACE_OUTER_BOUND( '', #3204, .T. );
#2132 = FACE_BOUND( '', #3205, .T. );
#2133 = PLANE( '', #3206 );
#2134 = SURFACE_STYLE_USAGE( .BOTH., #3207 );
#2135 = FACE_OUTER_BOUND( '', #3208, .T. );
#2136 = PLANE( '', #3209 );
#2137 = SURFACE_STYLE_USAGE( .BOTH., #3210 );
#2138 = FACE_OUTER_BOUND( '', #3211, .T. );
#2139 = PLANE( '', #3212 );
#2140 = SURFACE_STYLE_USAGE( .BOTH., #3213 );
#2141 = FACE_OUTER_BOUND( '', #3214, .T. );
#2142 = PLANE( '', #3215 );
#2143 = SURFACE_STYLE_USAGE( .BOTH., #3216 );
#2144 = FACE_OUTER_BOUND( '', #3217, .T. );
#2145 = CYLINDRICAL_SURFACE( '', #3218, 1.15000000000000 );
#2146 = SURFACE_STYLE_USAGE( .BOTH., #3219 );
#2147 = FACE_OUTER_BOUND( '', #3220, .T. );
#2148 = PLANE( '', #3221 );
#2149 = SURFACE_STYLE_USAGE( .BOTH., #3222 );
#2150 = FACE_OUTER_BOUND( '', #3223, .T. );
#2151 = PLANE( '', #3224 );
#2152 = SURFACE_STYLE_USAGE( .BOTH., #3225 );
#2153 = FACE_OUTER_BOUND( '', #3226, .T. );
#2154 = CYLINDRICAL_SURFACE( '', #3227, 0.500000000000000 );
#2155 = SURFACE_STYLE_USAGE( .BOTH., #3228 );
#2156 = FACE_OUTER_BOUND( '', #3229, .T. );
#2157 = CYLINDRICAL_SURFACE( '', #3230, 0.500000000000000 );
#2158 = SURFACE_STYLE_USAGE( .BOTH., #3231 );
#2159 = FACE_OUTER_BOUND( '', #3232, .T. );
#2160 = PLANE( '', #3233 );
#2161 = SURFACE_STYLE_USAGE( .BOTH., #3234 );
#2162 = FACE_OUTER_BOUND( '', #3235, .T. );
#2163 = PLANE( '', #3236 );
#2164 = SURFACE_STYLE_USAGE( .BOTH., #3237 );
#2165 = FACE_OUTER_BOUND( '', #3238, .T. );
#2166 = PLANE( '', #3239 );
#2167 = SURFACE_STYLE_USAGE( .BOTH., #3240 );
#2168 = FACE_OUTER_BOUND( '', #3241, .T. );
#2169 = PLANE( '', #3242 );
#2170 = SURFACE_STYLE_USAGE( .BOTH., #3243 );
#2171 = FACE_OUTER_BOUND( '', #3244, .T. );
#2172 = PLANE( '', #3245 );
#2173 = PRODUCT_CONTEXT( '', #375, 'mechanical' );
#2174 = PRODUCT_DEFINITION_FORMATION_WITH_SPECIFIED_SOURCE( ' ', 'NONE', #1097, .NOT_KNOWN. );
#2175 = REPRESENTATION_MAP( #1106, #384 );
#2176 = AXIS2_PLACEMENT_3D( '', #3246, #3247, #3248 );
#2177 = REPRESENTATION_MAP( #1106, #389 );
#2178 = AXIS2_PLACEMENT_3D( '', #3249, #3250, #3251 );
#2179 = REPRESENTATION_MAP( #1106, #394 );
#2180 = AXIS2_PLACEMENT_3D( '', #3252, #3253, #3254 );
#2181 = REPRESENTATION_MAP( #1106, #399 );
#2182 = AXIS2_PLACEMENT_3D( '', #3255, #3256, #3257 );
#2183 = REPRESENTATION_MAP( #1106, #404 );
#2184 = AXIS2_PLACEMENT_3D( '', #3258, #3259, #3260 );
#2185 = REPRESENTATION_MAP( #1106, #409 );
#2186 = AXIS2_PLACEMENT_3D( '', #3261, #3262, #3263 );
#2187 = REPRESENTATION_MAP( #1106, #414 );
#2188 = AXIS2_PLACEMENT_3D( '', #3264, #3265, #3266 );
#2189 = CARTESIAN_POINT( '', ( 0.000000000000000, 0.000000000000000, 0.000000000000000 ) );
#2190 = DIRECTION( '', ( 0.000000000000000, 0.000000000000000, 1.00000000000000 ) );
#2191 = DIRECTION( '', ( 1.00000000000000, 0.000000000000000, 0.000000000000000 ) );
#2192 = PRODUCT_CONTEXT( '', #380, 'mechanical' );
#2193 = PRODUCT_DEFINITION_FORMATION_WITH_SPECIFIED_SOURCE( ' ', 'NONE', #1107, .NOT_KNOWN. );
#2194 = CLOSED_SHELL( '', ( #1056, #1072, #650, #730, #838, #1028, #1016, #900, #692, #758, #722, #808, #1076, #726, #994, #536, #1094, #584, #666, #498, #914, #876, #736, #586, #1084, #706, #902, #460, #856, #990, #540, #654, #858, #804, #622, #1064, #866, #920, #774, #482, #750, #500, #894, #674, #980, #780, #696, #806, #846, #824, #1066, #432, #732, #794, #1008, #524, #708, #968, #918, #956, #1074, #814, #428, #572, #624, #798, #832, #680, #1090, #598, #848, #458, #850, #566, #542, #776, #560, #896, #1030, #532, #610, #948, #446, #746, #992, #544, #506, #978, #816, #986, #662, #1036, #934, #912, #656, #508, #906, #734, #648, #926, #828, #964, #510, #472, #468, #1082, #424, #970, #1078, #434, #712, #1010, #942, #882, #440, #788, #972, #760, #952, #626, #910, #562, #1022, #954, #632, #558, #1026, #512, #830, #1020, #928, #652, #514, #938, #602, #670, #996, #868, #874, #1096 ) );
#2195 = PRODUCT_CONTEXT( '', #385, 'mechanical' );
#2196 = PRODUCT_DEFINITION_FORMATION_WITH_SPECIFIED_SOURCE( ' ', 'NONE', #1110, .NOT_KNOWN. );
#2197 = CLOSED_SHELL( '', ( #742, #466, #582, #802, #1042, #714, #1058, #438, #1032, #614, #878, #982, #452, #930, #764, #594, #478, #644, #872, #528, #518, #1060, #486, #698, #1048, #922, #944, #768, #470, #754, #784, #1038, #426, #1046, #668, #812, #682, #430, #606, #642, #974, #884, #1040, #476, #474, #686, #890, #588, #704, #484, #1014, #908, #516, #1086, #852, #718, #946, #664, #494, #870, #672, #738, #834, #620, #842, #716, #676, #554, #556, #1054, #960, #526, #822, #1062, #456, #762, #826, #550, #1050, #984, #628, #860 ) );
#2198 = PRODUCT_CONTEXT( '', #390, 'mechanical' );
#2199 = PRODUCT_DEFINITION_FORMATION_WITH_SPECIFIED_SOURCE( ' ', 'NONE', #1113, .NOT_KNOWN. );
#2200 = CLOSED_SHELL( '', ( #552, #694, #766, #604, #464, #448, #600, #678, #490, #728, #810, #958, #1092, #770 ) );
#2201 = PRODUCT_CONTEXT( '', #395, 'mechanical' );
#2202 = PRODUCT_DEFINITION_FORMATION_WITH_SPECIFIED_SOURCE( ' ', 'NONE', #1116, .NOT_KNOWN. );
#2203 = CLOSED_SHELL( '', ( #454, #608, #1002, #800, #744, #1088, #756, #534, #854, #862, #576, #570, #492, #1006 ) );
#2204 = PRODUCT_CONTEXT( '', #400, 'mechanical' );
#2205 = PRODUCT_DEFINITION_FORMATION_WITH_SPECIFIED_SOURCE( ' ', 'NONE', #1119, .NOT_KNOWN. );
#2206 = CLOSED_SHELL( '', ( #634, #496, #782, #724, #1034, #888, #932, #612, #530, #538, #442, #1068, #844, #578 ) );
#2207 = PRODUCT_CONTEXT( '', #405, 'mechanical' );
#2208 = PRODUCT_DEFINITION_FORMATION_WITH_SPECIFIED_SOURCE( ' ', 'NONE', #1122, .NOT_KNOWN. );
#2209 = CLOSED_SHELL( '', ( #592, #792, #640, #636, #618, #638, #504, #574, #688, #1024, #450, #924, #630, #772 ) );
#2210 = PRODUCT_CONTEXT( '', #410, 'mechanical' );
#2211 = PRODUCT_DEFINITION_FORMATION_WITH_SPECIFIED_SOURCE( ' ', 'NONE', #1125, .NOT_KNOWN. );
#2212 = CLOSED_SHELL( '', ( #936, #1018, #520, #700, #966, #886, #710, #940, #546, #1080, #548, #790, #818, #976, #950, #836, #748, #488, #796, #580, #778, #522, #962, #444, #436, #590, #880, #596, #1044, #1012, #462, #1052, #916, #1070, #720, #660, #564, #616, #988, #898, #840, #702, #568, #1004, #998, #1000, #740, #820, #684, #690, #480, #904, #892, #864, #646, #786, #502, #752, #658 ) );
#2213 =  ( LENGTH_UNIT(  )NAMED_UNIT( #1133 )SI_UNIT( .MILLI., .METRE. ) );
#2214 = SURFACE_SIDE_STYLE( '', ( #3268 ) );
#2215 = EDGE_LOOP( '', ( #3269 ) );
#2216 = EDGE_LOOP( '', ( #3270 ) );
#2217 = AXIS2_PLACEMENT_3D( '', #3271, #3272, #3273 );
#2218 = SURFACE_SIDE_STYLE( '', ( #3274 ) );
#2219 = EDGE_LOOP( '', ( #3275, #3276, #3277, #3278 ) );
#2220 = AXIS2_PLACEMENT_3D( '', #3279, #3280, #3281 );
#2221 = SURFACE_SIDE_STYLE( '', ( #3282 ) );
#2222 = EDGE_LOOP( '', ( #3283, #3284, #3285, #3286 ) );
#2223 = AXIS2_PLACEMENT_3D( '', #3287, #3288, #3289 );
#2224 = SURFACE_SIDE_STYLE( '', ( #3290 ) );
#2225 = EDGE_LOOP( '', ( #3291, #3292, #3293, #3294 ) );
#2226 = AXIS2_PLACEMENT_3D( '', #3295, #3296, #3297 );
#2227 = SURFACE_SIDE_STYLE( '', ( #3298 ) );
#2228 = EDGE_LOOP( '', ( #3299, #3300, #3301, #3302, #3303, #3304, #3305, #3306 ) );
#2229 = AXIS2_PLACEMENT_3D( '', #3307, #3308, #3309 );
#2230 = SURFACE_SIDE_STYLE( '', ( #3310 ) );
#2231 = EDGE_LOOP( '', ( #3311, #3312, #3313, #3314 ) );
#2232 = AXIS2_PLACEMENT_3D( '', #3315, #3316, #3317 );
#2233 = SURFACE_SIDE_STYLE( '', ( #3318 ) );
#2234 = EDGE_LOOP( '', ( #3319, #3320, #3321, #3322 ) );
#2235 = AXIS2_PLACEMENT_3D( '', #3323, #3324, #3325 );
#2236 = SURFACE_SIDE_STYLE( '', ( #3326 ) );
#2237 = EDGE_LOOP( '', ( #3327, #3328, #3329, #3330 ) );
#2238 = AXIS2_PLACEMENT_3D( '', #3331, #3332, #3333 );
#2239 = SURFACE_SIDE_STYLE( '', ( #3334 ) );
#2240 = EDGE_LOOP( '', ( #3335, #3336, #3337, #3338, #3339, #3340 ) );
#2241 = AXIS2_PLACEMENT_3D( '', #3341, #3342, #3343 );
#2242 = SURFACE_SIDE_STYLE( '', ( #3344 ) );
#2243 = EDGE_LOOP( '', ( #3345, #3346, #3347, #3348 ) );
#2244 = AXIS2_PLACEMENT_3D( '', #3349, #3350, #3351 );
#2245 = SURFACE_SIDE_STYLE( '', ( #3352 ) );
#2246 = EDGE_LOOP( '', ( #3353, #3354, #3355, #3356 ) );
#2247 = AXIS2_PLACEMENT_3D( '', #3357, #3358, #3359 );
#2248 = SURFACE_SIDE_STYLE( '', ( #3360 ) );
#2249 = EDGE_LOOP( '', ( #3361, #3362, #3363, #3364 ) );
#2250 = AXIS2_PLACEMENT_3D( '', #3365, #3366, #3367 );
#2251 = SURFACE_SIDE_STYLE( '', ( #3368 ) );
#2252 = EDGE_LOOP( '', ( #3369, #3370, #3371, #3372 ) );
#2253 = AXIS2_PLACEMENT_3D( '', #3373, #3374, #3375 );
#2254 = SURFACE_SIDE_STYLE( '', ( #3376 ) );
#2255 = EDGE_LOOP( '', ( #3377, #3378, #3379, #3380 ) );
#2256 = AXIS2_PLACEMENT_3D( '', #3381, #3382, #3383 );
#2257 = SURFACE_SIDE_STYLE( '', ( #3384 ) );
#2258 = EDGE_LOOP( '', ( #3385, #3386, #3387, #3388 ) );
#2259 = AXIS2_PLACEMENT_3D( '', #3389, #3390, #3391 );
#2260 = SURFACE_SIDE_STYLE( '', ( #3392 ) );
#2261 = EDGE_LOOP( '', ( #3393, #3394, #3395, #3396, #3397, #3398, #3399, #3400 ) );
#2262 = AXIS2_PLACEMENT_3D( '', #3401, #3402, #3403 );
#2263 = SURFACE_SIDE_STYLE( '', ( #3404 ) );
#2264 = EDGE_LOOP( '', ( #3405, #3406, #3407, #3408 ) );
#2265 = AXIS2_PLACEMENT_3D( '', #3409, #3410, #3411 );
#2266 = SURFACE_SIDE_STYLE( '', ( #3412 ) );
#2267 = EDGE_LOOP( '', ( #3413, #3414, #3415, #3416, #3417 ) );
#2268 = AXIS2_PLACEMENT_3D( '', #3418, #3419, #3420 );
#2269 = SURFACE_SIDE_STYLE( '', ( #3421 ) );
#2270 = EDGE_LOOP( '', ( #3422, #3423, #3424, #3425 ) );
#2271 = AXIS2_PLACEMENT_3D( '', #3426, #3427, #3428 );
#2272 = SURFACE_SIDE_STYLE( '', ( #3429 ) );
#2273 = EDGE_LOOP( '', ( #3430, #3431, #3432, #3433, #3434, #3435 ) );
#2274 = AXIS2_PLACEMENT_3D( '', #3436, #3437, #3438 );
#2275 = SURFACE_SIDE_STYLE( '', ( #3439 ) );
#2276 = EDGE_LOOP( '', ( #3440, #3441, #3442, #3443, #3444, #3445, #3446, #3447 ) );
#2277 = AXIS2_PLACEMENT_3D( '', #3448, #3449, #3450 );
#2278 = SURFACE_SIDE_STYLE( '', ( #3451 ) );
#2279 = EDGE_LOOP( '', ( #3452, #3453, #3454, #3455, #3456, #3457 ) );
#2280 = AXIS2_PLACEMENT_3D( '', #3458, #3459, #3460 );
#2281 = SURFACE_SIDE_STYLE( '', ( #3461 ) );
#2282 = EDGE_LOOP( '', ( #3462, #3463, #3464, #3465 ) );
#2283 = AXIS2_PLACEMENT_3D( '', #3466, #3467, #3468 );
#2284 = SURFACE_SIDE_STYLE( '', ( #3469 ) );
#2285 = EDGE_LOOP( '', ( #3470, #3471, #3472, #3473 ) );
#2286 = AXIS2_PLACEMENT_3D( '', #3474, #3475, #3476 );
#2287 = SURFACE_SIDE_STYLE( '', ( #3477 ) );
#2288 = EDGE_LOOP( '', ( #3478, #3479, #3480, #3481 ) );
#2289 = AXIS2_PLACEMENT_3D( '', #3482, #3483, #3484 );
#2290 = SURFACE_SIDE_STYLE( '', ( #3485 ) );
#2291 = EDGE_LOOP( '', ( #3486, #3487, #3488, #3489 ) );
#2292 = AXIS2_PLACEMENT_3D( '', #3490, #3491, #3492 );
#2293 = SURFACE_SIDE_STYLE( '', ( #3493 ) );
#2294 = EDGE_LOOP( '', ( #3494, #3495, #3496, #3497, #3498, #3499, #3500 ) );
#2295 = AXIS2_PLACEMENT_3D( '', #3501, #3502, #3503 );
#2296 = SURFACE_SIDE_STYLE( '', ( #3504 ) );
#2297 = EDGE_LOOP( '', ( #3505, #3506, #3507, #3508 ) );
#2298 = AXIS2_PLACEMENT_3D( '', #3509, #3510, #3511 );
#2299 = SURFACE_SIDE_STYLE( '', ( #3512 ) );
#2300 = EDGE_LOOP( '', ( #3513, #3514, #3515, #3516 ) );
#2301 = AXIS2_PLACEMENT_3D( '', #3517, #3518, #3519 );
#2302 = SURFACE_SIDE_STYLE( '', ( #3520 ) );
#2303 = EDGE_LOOP( '', ( #3521, #3522, #3523, #3524 ) );
#2304 = AXIS2_PLACEMENT_3D( '', #3525, #3526, #3527 );
#2305 = SURFACE_SIDE_STYLE( '', ( #3528 ) );
#2306 = EDGE_LOOP( '', ( #3529, #3530, #3531, #3532 ) );
#2307 = AXIS2_PLACEMENT_3D( '', #3533, #3534, #3535 );
#2308 = SURFACE_SIDE_STYLE( '', ( #3536 ) );
#2309 = EDGE_LOOP( '', ( #3537, #3538, #3539, #3540 ) );
#2310 = AXIS2_PLACEMENT_3D( '', #3541, #3542, #3543 );
#2311 = SURFACE_SIDE_STYLE( '', ( #3544 ) );
#2312 = EDGE_LOOP( '', ( #3545, #3546, #3547, #3548 ) );
#2313 = AXIS2_PLACEMENT_3D( '', #3549, #3550, #3551 );
#2314 = SURFACE_SIDE_STYLE( '', ( #3552 ) );
#2315 = EDGE_LOOP( '', ( #3553, #3554, #3555, #3556, #3557, #3558, #3559, #3560 ) );
#2316 = AXIS2_PLACEMENT_3D( '', #3561, #3562, #3563 );
#2317 = SURFACE_SIDE_STYLE( '', ( #3564 ) );
#2318 = EDGE_LOOP( '', ( #3565, #3566, #3567, #3568 ) );
#2319 = AXIS2_PLACEMENT_3D( '', #3569, #3570, #3571 );
#2320 = SURFACE_SIDE_STYLE( '', ( #3572 ) );
#2321 = EDGE_LOOP( '', ( #3573, #3574, #3575, #3576 ) );
#2322 = AXIS2_PLACEMENT_3D( '', #3577, #3578, #3579 );
#2323 = SURFACE_SIDE_STYLE( '', ( #3580 ) );
#2324 = EDGE_LOOP( '', ( #3581, #3582, #3583, #3584 ) );
#2325 = AXIS2_PLACEMENT_3D( '', #3585, #3586, #3587 );
#2326 = SURFACE_SIDE_STYLE( '', ( #3588 ) );
#2327 = EDGE_LOOP( '', ( #3589, #3590, #3591, #3592, #3593, #3594, #3595, #3596, #3597, #3598 ) );
#2328 = AXIS2_PLACEMENT_3D( '', #3599, #3600, #3601 );
#2329 = SURFACE_SIDE_STYLE( '', ( #3602 ) );
#2330 = EDGE_LOOP( '', ( #3603, #3604, #3605, #3606 ) );
#2331 = AXIS2_PLACEMENT_3D( '', #3607, #3608, #3609 );
#2332 = SURFACE_SIDE_STYLE( '', ( #3610 ) );
#2333 = EDGE_LOOP( '', ( #3611, #3612, #3613, #3614 ) );
#2334 = AXIS2_PLACEMENT_3D( '', #3615, #3616, #3617 );
#2335 = SURFACE_SIDE_STYLE( '', ( #3618 ) );
#2336 = EDGE_LOOP( '', ( #3619, #3620, #3621, #3622, #3623, #3624, #3625, #3626 ) );
#2337 = AXIS2_PLACEMENT_3D( '', #3627, #3628, #3629 );
#2338 = SURFACE_SIDE_STYLE( '', ( #3630 ) );
#2339 = EDGE_LOOP( '', ( #3631, #3632, #3633, #3634, #3635, #3636 ) );
#2340 = AXIS2_PLACEMENT_3D( '', #3637, #3638, #3639 );
#2341 = SURFACE_SIDE_STYLE( '', ( #3640 ) );
#2342 = EDGE_LOOP( '', ( #3641, #3642, #3643, #3644 ) );
#2343 = AXIS2_PLACEMENT_3D( '', #3645, #3646, #3647 );
#2344 = SURFACE_SIDE_STYLE( '', ( #3648 ) );
#2345 = EDGE_LOOP( '', ( #3649, #3650, #3651, #3652 ) );
#2346 = AXIS2_PLACEMENT_3D( '', #3653, #3654, #3655 );
#2347 = SURFACE_SIDE_STYLE( '', ( #3656 ) );
#2348 = EDGE_LOOP( '', ( #3657, #3658, #3659, #3660 ) );
#2349 = AXIS2_PLACEMENT_3D( '', #3661, #3662, #3663 );
#2350 = SURFACE_SIDE_STYLE( '', ( #3664 ) );
#2351 = EDGE_LOOP( '', ( #3665, #3666, #3667, #3668 ) );
#2352 = AXIS2_PLACEMENT_3D( '', #3669, #3670, #3671 );
#2353 = SURFACE_SIDE_STYLE( '', ( #3672 ) );
#2354 = EDGE_LOOP( '', ( #3673, #3674, #3675, #3676, #3677, #3678, #3679 ) );
#2355 = AXIS2_PLACEMENT_3D( '', #3680, #3681, #3682 );
#2356 = SURFACE_SIDE_STYLE( '', ( #3683 ) );
#2357 = EDGE_LOOP( '', ( #3684, #3685, #3686, #3687, #3688 ) );
#2358 = AXIS2_PLACEMENT_3D( '', #3689, #3690, #3691 );
#2359 = SURFACE_SIDE_STYLE( '', ( #3692 ) );
#2360 = EDGE_LOOP( '', ( #3693, #3694, #3695, #3696 ) );
#2361 = AXIS2_PLACEMENT_3D( '', #3697, #3698, #3699 );
#2362 = SURFACE_SIDE_STYLE( '', ( #3700 ) );
#2363 = EDGE_LOOP( '', ( #3701, #3702, #3703, #3704, #3705 ) );
#2364 = AXIS2_PLACEMENT_3D( '', #3706, #3707, #3708 );
#2365 = SURFACE_SIDE_STYLE( '', ( #3709 ) );
#2366 = EDGE_LOOP( '', ( #3710, #3711, #3712, #3713 ) );
#2367 = AXIS2_PLACEMENT_3D( '', #3714, #3715, #3716 );
#2368 = SURFACE_SIDE_STYLE( '', ( #3717 ) );
#2369 = EDGE_LOOP( '', ( #3718, #3719, #3720, #3721 ) );
#2370 = AXIS2_PLACEMENT_3D( '', #3722, #3723, #3724 );
#2371 = SURFACE_SIDE_STYLE( '', ( #3725 ) );
#2372 = EDGE_LOOP( '', ( #3726, #3727, #3728, #3729, #3730 ) );
#2373 = AXIS2_PLACEMENT_3D( '', #3731, #3732, #3733 );
#2374 = SURFACE_SIDE_STYLE( '', ( #3734 ) );
#2375 = EDGE_LOOP( '', ( #3735, #3736, #3737, #3738, #3739, #3740, #3741, #3742 ) );
#2376 = AXIS2_PLACEMENT_3D( '', #3743, #3744, #3745 );
#2377 = SURFACE_SIDE_STYLE( '', ( #3746 ) );
#2378 = EDGE_LOOP( '', ( #3747 ) );
#2379 = AXIS2_PLACEMENT_3D( '', #3748, #3749, #3750 );
#2380 = SURFACE_SIDE_STYLE( '', ( #3751 ) );
#2381 = EDGE_LOOP( '', ( #3752, #3753, #3754, #3755 ) );
#2382 = AXIS2_PLACEMENT_3D( '', #3756, #3757, #3758 );
#2383 = SURFACE_SIDE_STYLE( '', ( #3759 ) );
#2384 = EDGE_LOOP( '', ( #3760, #3761, #3762, #3763 ) );
#2385 = EDGE_LOOP( '', ( #3764, #3765, #3766, #3767 ) );
#2386 = EDGE_LOOP( '', ( #3768, #3769, #3770, #3771 ) );
#2387 = EDGE_LOOP( '', ( #3772, #3773, #3774, #3775, #3776, #3777, #3778, #3779 ) );
#2388 = AXIS2_PLACEMENT_3D( '', #3780, #3781, #3782 );
#2389 = SURFACE_SIDE_STYLE( '', ( #3783 ) );
#2390 = EDGE_LOOP( '', ( #3784, #3785, #3786, #3787 ) );
#2391 = AXIS2_PLACEMENT_3D( '', #3788, #3789, #3790 );
#2392 = SURFACE_SIDE_STYLE( '', ( #3791 ) );
#2393 = EDGE_LOOP( '', ( #3792, #3793, #3794, #3795 ) );
#2394 = AXIS2_PLACEMENT_3D( '', #3796, #3797, #3798 );
#2395 = SURFACE_SIDE_STYLE( '', ( #3799 ) );
#2396 = EDGE_LOOP( '', ( #3800, #3801, #3802, #3803 ) );
#2397 = AXIS2_PLACEMENT_3D( '', #3804, #3805, #3806 );
#2398 = SURFACE_SIDE_STYLE( '', ( #3807 ) );
#2399 = EDGE_LOOP( '', ( #3808, #3809, #3810, #3811 ) );
#2400 = AXIS2_PLACEMENT_3D( '', #3812, #3813, #3814 );
#2401 = SURFACE_SIDE_STYLE( '', ( #3815 ) );
#2402 = EDGE_LOOP( '', ( #3816, #3817, #3818, #3819 ) );
#2403 = AXIS2_PLACEMENT_3D( '', #3820, #3821, #3822 );
#2404 = SURFACE_SIDE_STYLE( '', ( #3823 ) );
#2405 = EDGE_LOOP( '', ( #3824, #3825, #3826, #3827, #3828, #3829 ) );
#2406 = AXIS2_PLACEMENT_3D( '', #3830, #3831, #3832 );
#2407 = SURFACE_SIDE_STYLE( '', ( #3833 ) );
#2408 = EDGE_LOOP( '', ( #3834, #3835, #3836, #3837, #3838, #3839, #3840 ) );
#2409 = AXIS2_PLACEMENT_3D( '', #3841, #3842, #3843 );
#2410 = SURFACE_SIDE_STYLE( '', ( #3844 ) );
#2411 = EDGE_LOOP( '', ( #3845, #3846, #3847, #3848 ) );
#2412 = AXIS2_PLACEMENT_3D( '', #3849, #3850, #3851 );
#2413 = SURFACE_SIDE_STYLE( '', ( #3852 ) );
#2414 = EDGE_LOOP( '', ( #3853, #3854, #3855, #3856 ) );
#2415 = AXIS2_PLACEMENT_3D( '', #3857, #3858, #3859 );
#2416 = SURFACE_SIDE_STYLE( '', ( #3860 ) );
#2417 = EDGE_LOOP( '', ( #3861, #3862, #3863, #3864 ) );
#2418 = AXIS2_PLACEMENT_3D( '', #3865, #3866, #3867 );
#2419 = SURFACE_SIDE_STYLE( '', ( #3868 ) );
#2420 = EDGE_LOOP( '', ( #3869, #3870, #3871, #3872, #3873, #3874, #3875, #3876 ) );
#2421 = AXIS2_PLACEMENT_3D( '', #3877, #3878, #3879 );
#2422 = SURFACE_SIDE_STYLE( '', ( #3880 ) );
#2423 = EDGE_LOOP( '', ( #3881, #3882, #3883, #3884 ) );
#2424 = AXIS2_PLACEMENT_3D( '', #3885, #3886, #3887 );
#2425 = SURFACE_SIDE_STYLE( '', ( #3888 ) );
#2426 = EDGE_LOOP( '', ( #3889, #3890, #3891, #3892 ) );
#2427 = AXIS2_PLACEMENT_3D( '', #3893, #3894, #3895 );
#2428 = SURFACE_SIDE_STYLE( '', ( #3896 ) );
#2429 = EDGE_LOOP( '', ( #3897, #3898, #3899 ) );
#2430 = AXIS2_PLACEMENT_3D( '', #3900, #3901, #3902 );
#2431 = SURFACE_SIDE_STYLE( '', ( #3903 ) );
#2432 = EDGE_LOOP( '', ( #3904, #3905, #3906, #3907, #3908 ) );
#2433 = AXIS2_PLACEMENT_3D( '', #3909, #3910, #3911 );
#2434 = SURFACE_SIDE_STYLE( '', ( #3912 ) );
#2435 = EDGE_LOOP( '', ( #3913, #3914, #3915, #3916 ) );
#2436 = AXIS2_PLACEMENT_3D( '', #3917, #3918, #3919 );
#2437 = SURFACE_SIDE_STYLE( '', ( #3920 ) );
#2438 = EDGE_LOOP( '', ( #3921, #3922, #3923, #3924 ) );
#2439 = AXIS2_PLACEMENT_3D( '', #3925, #3926, #3927 );
#2440 = SURFACE_SIDE_STYLE( '', ( #3928 ) );
#2441 = EDGE_LOOP( '', ( #3929, #3930, #3931, #3932 ) );
#2442 = AXIS2_PLACEMENT_3D( '', #3933, #3934, #3935 );
#2443 = SURFACE_SIDE_STYLE( '', ( #3936 ) );
#2444 = EDGE_LOOP( '', ( #3937, #3938, #3939, #3940, #3941, #3942, #3943, #3944 ) );
#2445 = AXIS2_PLACEMENT_3D( '', #3945, #3946, #3947 );
#2446 = SURFACE_SIDE_STYLE( '', ( #3948 ) );
#2447 = EDGE_LOOP( '', ( #3949, #3950, #3951, #3952, #3953, #3954, #3955, #3956 ) );
#2448 = AXIS2_PLACEMENT_3D( '', #3957, #3958, #3959 );
#2449 = SURFACE_SIDE_STYLE( '', ( #3960 ) );
#2450 = EDGE_LOOP( '', ( #3961, #3962, #3963, #3964, #3965, #3966, #3967, #3968 ) );
#2451 = AXIS2_PLACEMENT_3D( '', #3969, #3970, #3971 );
#2452 = SURFACE_SIDE_STYLE( '', ( #3972 ) );
#2453 = EDGE_LOOP( '', ( #3973, #3974, #3975, #3976 ) );
#2454 = AXIS2_PLACEMENT_3D( '', #3977, #3978, #3979 );
#2455 = SURFACE_SIDE_STYLE( '', ( #3980 ) );
#2456 = EDGE_LOOP( '', ( #3981, #3982, #3983, #3984 ) );
#2457 = AXIS2_PLACEMENT_3D( '', #3985, #3986, #3987 );
#2458 = SURFACE_SIDE_STYLE( '', ( #3988 ) );
#2459 = EDGE_LOOP( '', ( #3989, #3990, #3991, #3992 ) );
#2460 = AXIS2_PLACEMENT_3D( '', #3993, #3994, #3995 );
#2461 = SURFACE_SIDE_STYLE( '', ( #3996 ) );
#2462 = EDGE_LOOP( '', ( #3997, #3998, #3999, #4000, #4001, #4002, #4003, #4004, #4005, #4006, #4007, #4008, #4009, #4010, #4011, #4012, #4013, #4014, #4015, #4016 ) );
#2463 = AXIS2_PLACEMENT_3D( '', #4017, #4018, #4019 );
#2464 = SURFACE_SIDE_STYLE( '', ( #4020 ) );
#2465 = EDGE_LOOP( '', ( #4021, #4022, #4023, #4024 ) );
#2466 = AXIS2_PLACEMENT_3D( '', #4025, #4026, #4027 );
#2467 = SURFACE_SIDE_STYLE( '', ( #4028 ) );
#2468 = EDGE_LOOP( '', ( #4029, #4030, #4031 ) );
#2469 = AXIS2_PLACEMENT_3D( '', #4032, #4033, #4034 );
#2470 = SURFACE_SIDE_STYLE( '', ( #4035 ) );
#2471 = EDGE_LOOP( '', ( #4036, #4037, #4038, #4039 ) );
#2472 = AXIS2_PLACEMENT_3D( '', #4040, #4041, #4042 );
#2473 = SURFACE_SIDE_STYLE( '', ( #4043 ) );
#2474 = EDGE_LOOP( '', ( #4044, #4045, #4046, #4047 ) );
#2475 = AXIS2_PLACEMENT_3D( '', #4048, #4049, #4050 );
#2476 = SURFACE_SIDE_STYLE( '', ( #4051 ) );
#2477 = EDGE_LOOP( '', ( #4052, #4053, #4054, #4055, #4056, #4057 ) );
#2478 = AXIS2_PLACEMENT_3D( '', #4058, #4059, #4060 );
#2479 = SURFACE_SIDE_STYLE( '', ( #4061 ) );
#2480 = EDGE_LOOP( '', ( #4062, #4063, #4064, #4065, #4066 ) );
#2481 = AXIS2_PLACEMENT_3D( '', #4067, #4068, #4069 );
#2482 = SURFACE_SIDE_STYLE( '', ( #4070 ) );
#2483 = EDGE_LOOP( '', ( #4071, #4072, #4073, #4074 ) );
#2484 = AXIS2_PLACEMENT_3D( '', #4075, #4076, #4077 );
#2485 = SURFACE_SIDE_STYLE( '', ( #4078 ) );
#2486 = EDGE_LOOP( '', ( #4079, #4080, #4081, #4082 ) );
#2487 = AXIS2_PLACEMENT_3D( '', #4083, #4084, #4085 );
#2488 = SURFACE_SIDE_STYLE( '', ( #4086 ) );
#2489 = EDGE_LOOP( '', ( #4087, #4088, #4089, #4090 ) );
#2490 = AXIS2_PLACEMENT_3D( '', #4091, #4092, #4093 );
#2491 = SURFACE_SIDE_STYLE( '', ( #4094 ) );
#2492 = EDGE_LOOP( '', ( #4095, #4096, #4097, #4098 ) );
#2493 = AXIS2_PLACEMENT_3D( '', #4099, #4100, #4101 );
#2494 = SURFACE_SIDE_STYLE( '', ( #4102 ) );
#2495 = EDGE_LOOP( '', ( #4103, #4104, #4105, #4106 ) );
#2496 = AXIS2_PLACEMENT_3D( '', #4107, #4108, #4109 );
#2497 = SURFACE_SIDE_STYLE( '', ( #4110 ) );
#2498 = EDGE_LOOP( '', ( #4111, #4112, #4113, #4114 ) );
#2499 = AXIS2_PLACEMENT_3D( '', #4115, #4116, #4117 );
#2500 = SURFACE_SIDE_STYLE( '', ( #4118 ) );
#2501 = EDGE_LOOP( '', ( #4119, #4120, #4121, #4122 ) );
#2502 = AXIS2_PLACEMENT_3D( '', #4123, #4124, #4125 );
#2503 = SURFACE_SIDE_STYLE( '', ( #4126 ) );
#2504 = EDGE_LOOP( '', ( #4127, #4128, #4129, #4130 ) );
#2505 = AXIS2_PLACEMENT_3D( '', #4131, #4132, #4133 );
#2506 = SURFACE_SIDE_STYLE( '', ( #4134 ) );
#2507 = EDGE_LOOP( '', ( #4135, #4136, #4137, #4138 ) );
#2508 = AXIS2_PLACEMENT_3D( '', #4139, #4140, #4141 );
#2509 = SURFACE_SIDE_STYLE( '', ( #4142 ) );
#2510 = EDGE_LOOP( '', ( #4143, #4144, #4145, #4146, #4147, #4148, #4149, #4150 ) );
#2511 = AXIS2_PLACEMENT_3D( '', #4151, #4152, #4153 );
#2512 = SURFACE_SIDE_STYLE( '', ( #4154 ) );
#2513 = EDGE_LOOP( '', ( #4155, #4156, #4157, #4158 ) );
#2514 = AXIS2_PLACEMENT_3D( '', #4159, #4160, #4161 );
#2515 = SURFACE_SIDE_STYLE( '', ( #4162 ) );
#2516 = EDGE_LOOP( '', ( #4163, #4164, #4165, #4166 ) );
#2517 = AXIS2_PLACEMENT_3D( '', #4167, #4168, #4169 );
#2518 = SURFACE_SIDE_STYLE( '', ( #4170 ) );
#2519 = EDGE_LOOP( '', ( #4171, #4172, #4173, #4174 ) );
#2520 = AXIS2_PLACEMENT_3D( '', #4175, #4176, #4177 );
#2521 = SURFACE_SIDE_STYLE( '', ( #4178 ) );
#2522 = EDGE_LOOP( '', ( #4179, #4180, #4181 ) );
#2523 = AXIS2_PLACEMENT_3D( '', #4182, #4183, #4184 );
#2524 = SURFACE_SIDE_STYLE( '', ( #4185 ) );
#2525 = EDGE_LOOP( '', ( #4186, #4187, #4188, #4189 ) );
#2526 = AXIS2_PLACEMENT_3D( '', #4190, #4191, #4192 );
#2527 = SURFACE_SIDE_STYLE( '', ( #4193 ) );
#2528 = EDGE_LOOP( '', ( #4194, #4195, #4196, #4197 ) );
#2529 = AXIS2_PLACEMENT_3D( '', #4198, #4199, #4200 );
#2530 = SURFACE_SIDE_STYLE( '', ( #4201 ) );
#2531 = EDGE_LOOP( '', ( #4202, #4203, #4204, #4205 ) );
#2532 = AXIS2_PLACEMENT_3D( '', #4206, #4207, #4208 );
#2533 = SURFACE_SIDE_STYLE( '', ( #4209 ) );
#2534 = EDGE_LOOP( '', ( #4210, #4211, #4212, #4213 ) );
#2535 = AXIS2_PLACEMENT_3D( '', #4214, #4215, #4216 );
#2536 = SURFACE_SIDE_STYLE( '', ( #4217 ) );
#2537 = EDGE_LOOP( '', ( #4218, #4219, #4220, #4221, #4222, #4223, #4224, #4225 ) );
#2538 = AXIS2_PLACEMENT_3D( '', #4226, #4227, #4228 );
#2539 = SURFACE_SIDE_STYLE( '', ( #4229 ) );
#2540 = EDGE_LOOP( '', ( #4230, #4231, #4232, #4233 ) );
#2541 = AXIS2_PLACEMENT_3D( '', #4234, #4235, #4236 );
#2542 = SURFACE_SIDE_STYLE( '', ( #4237 ) );
#2543 = EDGE_LOOP( '', ( #4238, #4239, #4240, #4241 ) );
#2544 = AXIS2_PLACEMENT_3D( '', #4242, #4243, #4244 );
#2545 = SURFACE_SIDE_STYLE( '', ( #4245 ) );
#2546 = EDGE_LOOP( '', ( #4246, #4247, #4248, #4249 ) );
#2547 = AXIS2_PLACEMENT_3D( '', #4250, #4251, #4252 );
#2548 = SURFACE_SIDE_STYLE( '', ( #4253 ) );
#2549 = EDGE_LOOP( '', ( #4254, #4255, #4256, #4257, #4258, #4259, #4260, #4261, #4262, #4263, #4264, #4265, #4266, #4267, #4268, #4269, #4270, #4271, #4272, #4273, #4274, #4275 ) );
#2550 = AXIS2_PLACEMENT_3D( '', #4276, #4277, #4278 );
#2551 = SURFACE_SIDE_STYLE( '', ( #4279 ) );
#2552 = EDGE_LOOP( '', ( #4280, #4281, #4282, #4283 ) );
#2553 = AXIS2_PLACEMENT_3D( '', #4284, #4285, #4286 );
#2554 = SURFACE_SIDE_STYLE( '', ( #4287 ) );
#2555 = EDGE_LOOP( '', ( #4288, #4289, #4290, #4291 ) );
#2556 = AXIS2_PLACEMENT_3D( '', #4292, #4293, #4294 );
#2557 = SURFACE_SIDE_STYLE( '', ( #4295 ) );
#2558 = EDGE_LOOP( '', ( #4296, #4297, #4298, #4299 ) );
#2559 = AXIS2_PLACEMENT_3D( '', #4300, #4301, #4302 );
#2560 = SURFACE_SIDE_STYLE( '', ( #4303 ) );
#2561 = EDGE_LOOP( '', ( #4304, #4305, #4306, #4307, #4308, #4309, #4310, #4311, #4312, #4313 ) );
#2562 = AXIS2_PLACEMENT_3D( '', #4314, #4315, #4316 );
#2563 = SURFACE_SIDE_STYLE( '', ( #4317 ) );
#2564 = EDGE_LOOP( '', ( #4318, #4319, #4320, #4321 ) );
#2565 = AXIS2_PLACEMENT_3D( '', #4322, #4323, #4324 );
#2566 = SURFACE_SIDE_STYLE( '', ( #4325 ) );
#2567 = EDGE_LOOP( '', ( #4326, #4327, #4328, #4329 ) );
#2568 = AXIS2_PLACEMENT_3D( '', #4330, #4331, #4332 );
#2569 = SURFACE_SIDE_STYLE( '', ( #4333 ) );
#2570 = EDGE_LOOP( '', ( #4334, #4335, #4336, #4337 ) );
#2571 = AXIS2_PLACEMENT_3D( '', #4338, #4339, #4340 );
#2572 = SURFACE_SIDE_STYLE( '', ( #4341 ) );
#2573 = EDGE_LOOP( '', ( #4342, #4343, #4344, #4345 ) );
#2574 = AXIS2_PLACEMENT_3D( '', #4346, #4347, #4348 );
#2575 = SURFACE_SIDE_STYLE( '', ( #4349 ) );
#2576 = EDGE_LOOP( '', ( #4350, #4351, #4352, #4353 ) );
#2577 = AXIS2_PLACEMENT_3D( '', #4354, #4355, #4356 );
#2578 = SURFACE_SIDE_STYLE( '', ( #4357 ) );
#2579 = EDGE_LOOP( '', ( #4358, #4359, #4360, #4361 ) );
#2580 = AXIS2_PLACEMENT_3D( '', #4362, #4363, #4364 );
#2581 = SURFACE_SIDE_STYLE( '', ( #4365 ) );
#2582 = EDGE_LOOP( '', ( #4366, #4367, #4368, #4369 ) );
#2583 = AXIS2_PLACEMENT_3D( '', #4370, #4371, #4372 );
#2584 = SURFACE_SIDE_STYLE( '', ( #4373 ) );
#2585 = EDGE_LOOP( '', ( #4374, #4375, #4376, #4377, #4378 ) );
#2586 = AXIS2_PLACEMENT_3D( '', #4379, #4380, #4381 );
#2587 = SURFACE_SIDE_STYLE( '', ( #4382 ) );
#2588 = EDGE_LOOP( '', ( #4383, #4384, #4385, #4386 ) );
#2589 = AXIS2_PLACEMENT_3D( '', #4387, #4388, #4389 );
#2590 = SURFACE_SIDE_STYLE( '', ( #4390 ) );
#2591 = EDGE_LOOP( '', ( #4391, #4392, #4393, #4394 ) );
#2592 = AXIS2_PLACEMENT_3D( '', #4395, #4396, #4397 );
#2593 = SURFACE_SIDE_STYLE( '', ( #4398 ) );
#2594 = EDGE_LOOP( '', ( #4399, #4400, #4401, #4402 ) );
#2595 = AXIS2_PLACEMENT_3D( '', #4403, #4404, #4405 );
#2596 = SURFACE_SIDE_STYLE( '', ( #4406 ) );
#2597 = EDGE_LOOP( '', ( #4407, #4408, #4409, #4410 ) );
#2598 = AXIS2_PLACEMENT_3D( '', #4411, #4412, #4413 );
#2599 = SURFACE_SIDE_STYLE( '', ( #4414 ) );
#2600 = EDGE_LOOP( '', ( #4415, #4416, #4417, #4418, #4419, #4420, #4421, #4422 ) );
#2601 = AXIS2_PLACEMENT_3D( '', #4423, #4424, #4425 );
#2602 = SURFACE_SIDE_STYLE( '', ( #4426 ) );
#2603 = EDGE_LOOP( '', ( #4427, #4428, #4429, #4430 ) );
#2604 = EDGE_LOOP( '', ( #4431, #4432, #4433, #4434 ) );
#2605 = EDGE_LOOP( '', ( #4435, #4436, #4437, #4438 ) );
#2606 = EDGE_LOOP( '', ( #4439, #4440, #4441, #4442, #4443, #4444, #4445, #4446 ) );
#2607 = AXIS2_PLACEMENT_3D( '', #4447, #4448, #4449 );
#2608 = SURFACE_SIDE_STYLE( '', ( #4450 ) );
#2609 = EDGE_LOOP( '', ( #4451, #4452, #4453, #4454 ) );
#2610 = AXIS2_PLACEMENT_3D( '', #4455, #4456, #4457 );
#2611 = SURFACE_SIDE_STYLE( '', ( #4458 ) );
#2612 = EDGE_LOOP( '', ( #4459, #4460, #4461, #4462 ) );
#2613 = AXIS2_PLACEMENT_3D( '', #4463, #4464, #4465 );
#2614 = SURFACE_SIDE_STYLE( '', ( #4466 ) );
#2615 = EDGE_LOOP( '', ( #4467, #4468, #4469, #4470 ) );
#2616 = AXIS2_PLACEMENT_3D( '', #4471, #4472, #4473 );
#2617 = SURFACE_SIDE_STYLE( '', ( #4474 ) );
#2618 = EDGE_LOOP( '', ( #4475, #4476, #4477, #4478 ) );
#2619 = AXIS2_PLACEMENT_3D( '', #4479, #4480, #4481 );
#2620 = SURFACE_SIDE_STYLE( '', ( #4482 ) );
#2621 = EDGE_LOOP( '', ( #4483, #4484, #4485, #4486 ) );
#2622 = AXIS2_PLACEMENT_3D( '', #4487, #4488, #4489 );
#2623 = SURFACE_SIDE_STYLE( '', ( #4490 ) );
#2624 = EDGE_LOOP( '', ( #4491, #4492, #4493, #4494, #4495 ) );
#2625 = AXIS2_PLACEMENT_3D( '', #4496, #4497, #4498 );
#2626 = SURFACE_SIDE_STYLE( '', ( #4499 ) );
#2627 = EDGE_LOOP( '', ( #4500, #4501, #4502, #4503 ) );
#2628 = AXIS2_PLACEMENT_3D( '', #4504, #4505, #4506 );
#2629 = SURFACE_SIDE_STYLE( '', ( #4507 ) );
#2630 = EDGE_LOOP( '', ( #4508, #4509, #4510, #4511, #4512, #4513, #4514, #4515, #4516, #4517, #4518, #4519 ) );
#2631 = AXIS2_PLACEMENT_3D( '', #4520, #4521, #4522 );
#2632 = SURFACE_SIDE_STYLE( '', ( #4523 ) );
#2633 = EDGE_LOOP( '', ( #4524, #4525, #4526, #4527 ) );
#2634 = AXIS2_PLACEMENT_3D( '', #4528, #4529, #4530 );
#2635 = SURFACE_SIDE_STYLE( '', ( #4531 ) );
#2636 = EDGE_LOOP( '', ( #4532, #4533, #4534, #4535, #4536, #4537, #4538, #4539 ) );
#2637 = AXIS2_PLACEMENT_3D( '', #4540, #4541, #4542 );
#2638 = SURFACE_SIDE_STYLE( '', ( #4543 ) );
#2639 = EDGE_LOOP( '', ( #4544, #4545, #4546, #4547 ) );
#2640 = AXIS2_PLACEMENT_3D( '', #4548, #4549, #4550 );
#2641 = SURFACE_SIDE_STYLE( '', ( #4551 ) );
#2642 = EDGE_LOOP( '', ( #4552, #4553, #4554, #4555 ) );
#2643 = AXIS2_PLACEMENT_3D( '', #4556, #4557, #4558 );
#2644 = SURFACE_SIDE_STYLE( '', ( #4559 ) );
#2645 = EDGE_LOOP( '', ( #4560, #4561, #4562 ) );
#2646 = AXIS2_PLACEMENT_3D( '', #4563, #4564, #4565 );
#2647 = SURFACE_SIDE_STYLE( '', ( #4566 ) );
#2648 = EDGE_LOOP( '', ( #4567, #4568, #4569, #4570 ) );
#2649 = AXIS2_PLACEMENT_3D( '', #4571, #4572, #4573 );
#2650 = SURFACE_SIDE_STYLE( '', ( #4574 ) );
#2651 = EDGE_LOOP( '', ( #4575, #4576, #4577, #4578 ) );
#2652 = AXIS2_PLACEMENT_3D( '', #4579, #4580, #4581 );
#2653 = SURFACE_SIDE_STYLE( '', ( #4582 ) );
#2654 = EDGE_LOOP( '', ( #4583, #4584, #4585, #4586, #4587, #4588 ) );
#2655 = AXIS2_PLACEMENT_3D( '', #4589, #4590, #4591 );
#2656 = SURFACE_SIDE_STYLE( '', ( #4592 ) );
#2657 = EDGE_LOOP( '', ( #4593, #4594, #4595, #4596 ) );
#2658 = AXIS2_PLACEMENT_3D( '', #4597, #4598, #4599 );
#2659 = SURFACE_SIDE_STYLE( '', ( #4600 ) );
#2660 = EDGE_LOOP( '', ( #4601, #4602, #4603, #4604, #4605 ) );
#2661 = AXIS2_PLACEMENT_3D( '', #4606, #4607, #4608 );
#2662 = SURFACE_SIDE_STYLE( '', ( #4609 ) );
#2663 = EDGE_LOOP( '', ( #4610, #4611, #4612, #4613 ) );
#2664 = AXIS2_PLACEMENT_3D( '', #4614, #4615, #4616 );
#2665 = SURFACE_SIDE_STYLE( '', ( #4617 ) );
#2666 = EDGE_LOOP( '', ( #4618, #4619, #4620, #4621 ) );
#2667 = AXIS2_PLACEMENT_3D( '', #4622, #4623, #4624 );
#2668 = SURFACE_SIDE_STYLE( '', ( #4625 ) );
#2669 = EDGE_LOOP( '', ( #4626, #4627, #4628, #4629 ) );
#2670 = AXIS2_PLACEMENT_3D( '', #4630, #4631, #4632 );
#2671 = SURFACE_SIDE_STYLE( '', ( #4633 ) );
#2672 = EDGE_LOOP( '', ( #4634, #4635, #4636, #4637 ) );
#2673 = AXIS2_PLACEMENT_3D( '', #4638, #4639, #4640 );
#2674 = SURFACE_SIDE_STYLE( '', ( #4641 ) );
#2675 = EDGE_LOOP( '', ( #4642, #4643, #4644, #4645, #4646 ) );
#2676 = AXIS2_PLACEMENT_3D( '', #4647, #4648, #4649 );
#2677 = SURFACE_SIDE_STYLE( '', ( #4650 ) );
#2678 = EDGE_LOOP( '', ( #4651, #4652, #4653, #4654 ) );
#2679 = AXIS2_PLACEMENT_3D( '', #4655, #4656, #4657 );
#2680 = SURFACE_SIDE_STYLE( '', ( #4658 ) );
#2681 = EDGE_LOOP( '', ( #4659, #4660, #4661, #4662 ) );
#2682 = AXIS2_PLACEMENT_3D( '', #4663, #4664, #4665 );
#2683 = SURFACE_SIDE_STYLE( '', ( #4666 ) );
#2684 = EDGE_LOOP( '', ( #4667, #4668, #4669, #4670, #4671, #4672 ) );
#2685 = AXIS2_PLACEMENT_3D( '', #4673, #4674, #4675 );
#2686 = SURFACE_SIDE_STYLE( '', ( #4676 ) );
#2687 = EDGE_LOOP( '', ( #4677, #4678, #4679, #4680 ) );
#2688 = AXIS2_PLACEMENT_3D( '', #4681, #4682, #4683 );
#2689 = SURFACE_SIDE_STYLE( '', ( #4684 ) );
#2690 = EDGE_LOOP( '', ( #4685, #4686, #4687, #4688, #4689 ) );
#2691 = AXIS2_PLACEMENT_3D( '', #4690, #4691, #4692 );
#2692 = SURFACE_SIDE_STYLE( '', ( #4693 ) );
#2693 = EDGE_LOOP( '', ( #4694, #4695, #4696, #4697 ) );
#2694 = AXIS2_PLACEMENT_3D( '', #4698, #4699, #4700 );
#2695 = SURFACE_SIDE_STYLE( '', ( #4701 ) );
#2696 = EDGE_LOOP( '', ( #4702, #4703, #4704, #4705 ) );
#2697 = AXIS2_PLACEMENT_3D( '', #4706, #4707, #4708 );
#2698 = SURFACE_SIDE_STYLE( '', ( #4709 ) );
#2699 = EDGE_LOOP( '', ( #4710, #4711, #4712, #4713, #4714, #4715, #4716, #4717, #4718, #4719, #4720, #4721, #4722, #4723, #4724, #4725, #4726, #4727, #4728, #4729, #4730, #4731, #4732, #4733, #4734, #4735, #4736, #4737, #4738, #4739, #4740, #4741, #4742, #4743, #4744, #4745, #4746, #4747, #4748, #4749 ) );
#2700 = EDGE_LOOP( '', ( #4750, #4751, #4752, #4753, #4754, #4755, #4756, #4757, #4758, #4759, #4760, #4761, #4762, #4763, #4764, #4765 ) );
#2701 = AXIS2_PLACEMENT_3D( '', #4766, #4767, #4768 );
#2702 = SURFACE_SIDE_STYLE( '', ( #4769 ) );
#2703 = EDGE_LOOP( '', ( #4770, #4771, #4772, #4773 ) );
#2704 = AXIS2_PLACEMENT_3D( '', #4774, #4775, #4776 );
#2705 = SURFACE_SIDE_STYLE( '', ( #4777 ) );
#2706 = EDGE_LOOP( '', ( #4778 ) );
#2707 = EDGE_LOOP( '', ( #4779 ) );
#2708 = AXIS2_PLACEMENT_3D( '', #4780, #4781, #4782 );
#2709 = SURFACE_SIDE_STYLE( '', ( #4783 ) );
#2710 = EDGE_LOOP( '', ( #4784, #4785, #4786, #4787, #4788 ) );
#2711 = AXIS2_PLACEMENT_3D( '', #4789, #4790, #4791 );
#2712 = SURFACE_SIDE_STYLE( '', ( #4792 ) );
#2713 = EDGE_LOOP( '', ( #4793, #4794, #4795, #4796 ) );
#2714 = AXIS2_PLACEMENT_3D( '', #4797, #4798, #4799 );
#2715 = SURFACE_SIDE_STYLE( '', ( #4800 ) );
#2716 = EDGE_LOOP( '', ( #4801, #4802, #4803 ) );
#2717 = AXIS2_PLACEMENT_3D( '', #4804, #4805, #4806 );
#2718 = SURFACE_SIDE_STYLE( '', ( #4807 ) );
#2719 = EDGE_LOOP( '', ( #4808, #4809, #4810, #4811, #4812, #4813, #4814 ) );
#2720 = AXIS2_PLACEMENT_3D( '', #4815, #4816, #4817 );
#2721 = SURFACE_SIDE_STYLE( '', ( #4818 ) );
#2722 = EDGE_LOOP( '', ( #4819, #4820, #4821, #4822 ) );
#2723 = AXIS2_PLACEMENT_3D( '', #4823, #4824, #4825 );
#2724 = SURFACE_SIDE_STYLE( '', ( #4826 ) );
#2725 = EDGE_LOOP( '', ( #4827, #4828, #4829, #4830, #4831, #4832, #4833, #4834 ) );
#2726 = AXIS2_PLACEMENT_3D( '', #4835, #4836, #4837 );
#2727 = SURFACE_SIDE_STYLE( '', ( #4838 ) );
#2728 = EDGE_LOOP( '', ( #4839, #4840, #4841, #4842 ) );
#2729 = AXIS2_PLACEMENT_3D( '', #4843, #4844, #4845 );
#2730 = SURFACE_SIDE_STYLE( '', ( #4846 ) );
#2731 = EDGE_LOOP( '', ( #4847, #4848, #4849, #4850, #4851, #4852, #4853 ) );
#2732 = AXIS2_PLACEMENT_3D( '', #4854, #4855, #4856 );
#2733 = SURFACE_SIDE_STYLE( '', ( #4857 ) );
#2734 = EDGE_LOOP( '', ( #4858, #4859, #4860, #4861, #4862, #4863, #4864, #4865, #4866, #4867, #4868, #4869, #4870, #4871, #4872, #4873, #4874, #4875, #4876, #4877, #4878, #4879 ) );
#2735 = AXIS2_PLACEMENT_3D( '', #4880, #4881, #4882 );
#2736 = SURFACE_SIDE_STYLE( '', ( #4883 ) );
#2737 = EDGE_LOOP( '', ( #4884, #4885, #4886, #4887 ) );
#2738 = AXIS2_PLACEMENT_3D( '', #4888, #4889, #4890 );
#2739 = SURFACE_SIDE_STYLE( '', ( #4891 ) );
#2740 = EDGE_LOOP( '', ( #4892, #4893, #4894, #4895 ) );
#2741 = AXIS2_PLACEMENT_3D( '', #4896, #4897, #4898 );
#2742 = SURFACE_SIDE_STYLE( '', ( #4899 ) );
#2743 = EDGE_LOOP( '', ( #4900, #4901, #4902, #4903 ) );
#2744 = AXIS2_PLACEMENT_3D( '', #4904, #4905, #4906 );
#2745 = SURFACE_SIDE_STYLE( '', ( #4907 ) );
#2746 = EDGE_LOOP( '', ( #4908, #4909, #4910, #4911 ) );
#2747 = AXIS2_PLACEMENT_3D( '', #4912, #4913, #4914 );
#2748 = SURFACE_SIDE_STYLE( '', ( #4915 ) );
#2749 = EDGE_LOOP( '', ( #4916, #4917, #4918, #4919, #4920, #4921, #4922, #4923 ) );
#2750 = AXIS2_PLACEMENT_3D( '', #4924, #4925, #4926 );
#2751 = SURFACE_SIDE_STYLE( '', ( #4927 ) );
#2752 = EDGE_LOOP( '', ( #4928, #4929, #4930, #4931 ) );
#2753 = AXIS2_PLACEMENT_3D( '', #4932, #4933, #4934 );
#2754 = SURFACE_SIDE_STYLE( '', ( #4935 ) );
#2755 = EDGE_LOOP( '', ( #4936, #4937, #4938, #4939 ) );
#2756 = AXIS2_PLACEMENT_3D( '', #4940, #4941, #4942 );
#2757 = SURFACE_SIDE_STYLE( '', ( #4943 ) );
#2758 = EDGE_LOOP( '', ( #4944, #4945, #4946 ) );
#2759 = AXIS2_PLACEMENT_3D( '', #4947, #4948, #4949 );
#2760 = SURFACE_SIDE_STYLE( '', ( #4950 ) );
#2761 = EDGE_LOOP( '', ( #4951, #4952, #4953, #4954 ) );
#2762 = AXIS2_PLACEMENT_3D( '', #4955, #4956, #4957 );
#2763 = SURFACE_SIDE_STYLE( '', ( #4958 ) );
#2764 = EDGE_LOOP( '', ( #4959, #4960, #4961, #4962 ) );
#2765 = AXIS2_PLACEMENT_3D( '', #4963, #4964, #4965 );
#2766 = SURFACE_SIDE_STYLE( '', ( #4966 ) );
#2767 = EDGE_LOOP( '', ( #4967, #4968, #4969, #4970, #4971, #4972, #4973, #4974 ) );
#2768 = AXIS2_PLACEMENT_3D( '', #4975, #4976, #4977 );
#2769 = SURFACE_SIDE_STYLE( '', ( #4978 ) );
#2770 = EDGE_LOOP( '', ( #4979, #4980, #4981, #4982 ) );
#2771 = AXIS2_PLACEMENT_3D( '', #4983, #4984, #4985 );
#2772 = SURFACE_SIDE_STYLE( '', ( #4986 ) );
#2773 = EDGE_LOOP( '', ( #4987, #4988, #4989, #4990, #4991, #4992, #4993, #4994 ) );
#2774 = AXIS2_PLACEMENT_3D( '', #4995, #4996, #4997 );
#2775 = SURFACE_SIDE_STYLE( '', ( #4998 ) );
#2776 = EDGE_LOOP( '', ( #4999, #5000, #5001, #5002 ) );
#2777 = AXIS2_PLACEMENT_3D( '', #5003, #5004, #5005 );
#2778 = SURFACE_SIDE_STYLE( '', ( #5006 ) );
#2779 = EDGE_LOOP( '', ( #5007, #5008, #5009, #5010 ) );
#2780 = AXIS2_PLACEMENT_3D( '', #5011, #5012, #5013 );
#2781 = SURFACE_SIDE_STYLE( '', ( #5014 ) );
#2782 = EDGE_LOOP( '', ( #5015, #5016, #5017, #5018, #5019, #5020, #5021, #5022 ) );
#2783 = AXIS2_PLACEMENT_3D( '', #5023, #5024, #5025 );
#2784 = SURFACE_SIDE_STYLE( '', ( #5026 ) );
#2785 = EDGE_LOOP( '', ( #5027, #5028, #5029, #5030, #5031 ) );
#2786 = AXIS2_PLACEMENT_3D( '', #5032, #5033, #5034 );
#2787 = SURFACE_SIDE_STYLE( '', ( #5035 ) );
#2788 = EDGE_LOOP( '', ( #5036, #5037, #5038, #5039, #5040, #5041, #5042, #5043 ) );
#2789 = AXIS2_PLACEMENT_3D( '', #5044, #5045, #5046 );
#2790 = SURFACE_SIDE_STYLE( '', ( #5047 ) );
#2791 = EDGE_LOOP( '', ( #5048, #5049, #5050, #5051 ) );
#2792 = AXIS2_PLACEMENT_3D( '', #5052, #5053, #5054 );
#2793 = SURFACE_SIDE_STYLE( '', ( #5055 ) );
#2794 = EDGE_LOOP( '', ( #5056, #5057, #5058, #5059, #5060 ) );
#2795 = AXIS2_PLACEMENT_3D( '', #5061, #5062, #5063 );
#2796 = SURFACE_SIDE_STYLE( '', ( #5064 ) );
#2797 = EDGE_LOOP( '', ( #5065, #5066, #5067, #5068, #5069 ) );
#2798 = AXIS2_PLACEMENT_3D( '', #5070, #5071, #5072 );
#2799 = SURFACE_SIDE_STYLE( '', ( #5073 ) );
#2800 = EDGE_LOOP( '', ( #5074, #5075, #5076, #5077, #5078 ) );
#2801 = AXIS2_PLACEMENT_3D( '', #5079, #5080, #5081 );
#2802 = SURFACE_SIDE_STYLE( '', ( #5082 ) );
#2803 = EDGE_LOOP( '', ( #5083, #5084, #5085, #5086 ) );
#2804 = AXIS2_PLACEMENT_3D( '', #5087, #5088, #5089 );
#2805 = SURFACE_SIDE_STYLE( '', ( #5090 ) );
#2806 = EDGE_LOOP( '', ( #5091, #5092, #5093, #5094 ) );
#2807 = AXIS2_PLACEMENT_3D( '', #5095, #5096, #5097 );
#2808 = SURFACE_SIDE_STYLE( '', ( #5098 ) );
#2809 = EDGE_LOOP( '', ( #5099, #5100, #5101, #5102 ) );
#2810 = AXIS2_PLACEMENT_3D( '', #5103, #5104, #5105 );
#2811 = SURFACE_SIDE_STYLE( '', ( #5106 ) );
#2812 = EDGE_LOOP( '', ( #5107, #5108, #5109, #5110, #5111, #5112 ) );
#2813 = AXIS2_PLACEMENT_3D( '', #5113, #5114, #5115 );
#2814 = SURFACE_SIDE_STYLE( '', ( #5116 ) );
#2815 = EDGE_LOOP( '', ( #5117, #5118, #5119, #5120 ) );
#2816 = AXIS2_PLACEMENT_3D( '', #5121, #5122, #5123 );
#2817 = SURFACE_SIDE_STYLE( '', ( #5124 ) );
#2818 = EDGE_LOOP( '', ( #5125, #5126, #5127, #5128 ) );
#2819 = EDGE_LOOP( '', ( #5129, #5130, #5131, #5132 ) );
#2820 = AXIS2_PLACEMENT_3D( '', #5133, #5134, #5135 );
#2821 = SURFACE_SIDE_STYLE( '', ( #5136 ) );
#2822 = EDGE_LOOP( '', ( #5137, #5138, #5139, #5140 ) );
#2823 = AXIS2_PLACEMENT_3D( '', #5141, #5142, #5143 );
#2824 = SURFACE_SIDE_STYLE( '', ( #5144 ) );
#2825 = EDGE_LOOP( '', ( #5145, #5146, #5147, #5148 ) );
#2826 = AXIS2_PLACEMENT_3D( '', #5149, #5150, #5151 );
#2827 = SURFACE_SIDE_STYLE( '', ( #5152 ) );
#2828 = EDGE_LOOP( '', ( #5153, #5154, #5155, #5156 ) );
#2829 = AXIS2_PLACEMENT_3D( '', #5157, #5158, #5159 );
#2830 = SURFACE_SIDE_STYLE( '', ( #5160 ) );
#2831 = EDGE_LOOP( '', ( #5161 ) );
#2832 = EDGE_LOOP( '', ( #5162 ) );
#2833 = AXIS2_PLACEMENT_3D( '', #5163, #5164, #5165 );
#2834 = SURFACE_SIDE_STYLE( '', ( #5166 ) );
#2835 = EDGE_LOOP( '', ( #5167, #5168, #5169, #5170 ) );
#2836 = AXIS2_PLACEMENT_3D( '', #5171, #5172, #5173 );
#2837 = SURFACE_SIDE_STYLE( '', ( #5174 ) );
#2838 = EDGE_LOOP( '', ( #5175, #5176, #5177, #5178 ) );
#2839 = AXIS2_PLACEMENT_3D( '', #5179, #5180, #5181 );
#2840 = SURFACE_SIDE_STYLE( '', ( #5182 ) );
#2841 = EDGE_LOOP( '', ( #5183, #5184, #5185, #5186 ) );
#2842 = AXIS2_PLACEMENT_3D( '', #5187, #5188, #5189 );
#2843 = SURFACE_SIDE_STYLE( '', ( #5190 ) );
#2844 = EDGE_LOOP( '', ( #5191, #5192, #5193, #5194 ) );
#2845 = AXIS2_PLACEMENT_3D( '', #5195, #5196, #5197 );
#2846 = SURFACE_SIDE_STYLE( '', ( #5198 ) );
#2847 = EDGE_LOOP( '', ( #5199, #5200, #5201, #5202 ) );
#2848 = AXIS2_PLACEMENT_3D( '', #5203, #5204, #5205 );
#2849 = SURFACE_SIDE_STYLE( '', ( #5206 ) );
#2850 = EDGE_LOOP( '', ( #5207, #5208, #5209, #5210 ) );
#2851 = AXIS2_PLACEMENT_3D( '', #5211, #5212, #5213 );
#2852 = SURFACE_SIDE_STYLE( '', ( #5214 ) );
#2853 = EDGE_LOOP( '', ( #5215, #5216, #5217, #5218 ) );
#2854 = AXIS2_PLACEMENT_3D( '', #5219, #5220, #5221 );
#2855 = SURFACE_SIDE_STYLE( '', ( #5222 ) );
#2856 = EDGE_LOOP( '', ( #5223, #5224, #5225, #5226 ) );
#2857 = AXIS2_PLACEMENT_3D( '', #5227, #5228, #5229 );
#2858 = SURFACE_SIDE_STYLE( '', ( #5230 ) );
#2859 = EDGE_LOOP( '', ( #5231, #5232, #5233, #5234, #5235 ) );
#2860 = AXIS2_PLACEMENT_3D( '', #5236, #5237, #5238 );
#2861 = SURFACE_SIDE_STYLE( '', ( #5239 ) );
#2862 = EDGE_LOOP( '', ( #5240, #5241, #5242, #5243 ) );
#2863 = AXIS2_PLACEMENT_3D( '', #5244, #5245, #5246 );
#2864 = SURFACE_SIDE_STYLE( '', ( #5247 ) );
#2865 = EDGE_LOOP( '', ( #5248, #5249, #5250, #5251 ) );
#2866 = AXIS2_PLACEMENT_3D( '', #5252, #5253, #5254 );
#2867 = SURFACE_SIDE_STYLE( '', ( #5255 ) );
#2868 = EDGE_LOOP( '', ( #5256, #5257, #5258, #5259 ) );
#2869 = AXIS2_PLACEMENT_3D( '', #5260, #5261, #5262 );
#2870 = SURFACE_SIDE_STYLE( '', ( #5263 ) );
#2871 = EDGE_LOOP( '', ( #5264, #5265, #5266, #5267 ) );
#2872 = AXIS2_PLACEMENT_3D( '', #5268, #5269, #5270 );
#2873 = SURFACE_SIDE_STYLE( '', ( #5271 ) );
#2874 = EDGE_LOOP( '', ( #5272, #5273, #5274, #5275 ) );
#2875 = AXIS2_PLACEMENT_3D( '', #5276, #5277, #5278 );
#2876 = SURFACE_SIDE_STYLE( '', ( #5279 ) );
#2877 = EDGE_LOOP( '', ( #5280, #5281, #5282, #5283 ) );
#2878 = AXIS2_PLACEMENT_3D( '', #5284, #5285, #5286 );
#2879 = SURFACE_SIDE_STYLE( '', ( #5287 ) );
#2880 = EDGE_LOOP( '', ( #5288, #5289, #5290, #5291, #5292, #5293, #5294 ) );
#2881 = AXIS2_PLACEMENT_3D( '', #5295, #5296, #5297 );
#2882 = SURFACE_SIDE_STYLE( '', ( #5298 ) );
#2883 = EDGE_LOOP( '', ( #5299, #5300, #5301, #5302, #5303, #5304, #5305, #5306 ) );
#2884 = AXIS2_PLACEMENT_3D( '', #5307, #5308, #5309 );
#2885 = SURFACE_SIDE_STYLE( '', ( #5310 ) );
#2886 = EDGE_LOOP( '', ( #5311, #5312, #5313, #5314 ) );
#2887 = AXIS2_PLACEMENT_3D( '', #5315, #5316, #5317 );
#2888 = SURFACE_SIDE_STYLE( '', ( #5318 ) );
#2889 = EDGE_LOOP( '', ( #5319, #5320, #5321, #5322 ) );
#2890 = AXIS2_PLACEMENT_3D( '', #5323, #5324, #5325 );
#2891 = SURFACE_SIDE_STYLE( '', ( #5326 ) );
#2892 = EDGE_LOOP( '', ( #5327, #5328, #5329, #5330 ) );
#2893 = AXIS2_PLACEMENT_3D( '', #5331, #5332, #5333 );
#2894 = SURFACE_SIDE_STYLE( '', ( #5334 ) );
#2895 = EDGE_LOOP( '', ( #5335, #5336, #5337, #5338 ) );
#2896 = AXIS2_PLACEMENT_3D( '', #5339, #5340, #5341 );
#2897 = SURFACE_SIDE_STYLE( '', ( #5342 ) );
#2898 = EDGE_LOOP( '', ( #5343, #5344, #5345, #5346 ) );
#2899 = AXIS2_PLACEMENT_3D( '', #5347, #5348, #5349 );
#2900 = SURFACE_SIDE_STYLE( '', ( #5350 ) );
#2901 = EDGE_LOOP( '', ( #5351, #5352, #5353, #5354 ) );
#2902 = AXIS2_PLACEMENT_3D( '', #5355, #5356, #5357 );
#2903 = SURFACE_SIDE_STYLE( '', ( #5358 ) );
#2904 = EDGE_LOOP( '', ( #5359, #5360, #5361, #5362, #5363, #5364, #5365, #5366, #5367, #5368 ) );
#2905 = AXIS2_PLACEMENT_3D( '', #5369, #5370, #5371 );
#2906 = SURFACE_SIDE_STYLE( '', ( #5372 ) );
#2907 = EDGE_LOOP( '', ( #5373, #5374, #5375, #5376 ) );
#2908 = AXIS2_PLACEMENT_3D( '', #5377, #5378, #5379 );
#2909 = SURFACE_SIDE_STYLE( '', ( #5380 ) );
#2910 = EDGE_LOOP( '', ( #5381, #5382, #5383, #5384 ) );
#2911 = AXIS2_PLACEMENT_3D( '', #5385, #5386, #5387 );
#2912 = SURFACE_SIDE_STYLE( '', ( #5388 ) );
#2913 = EDGE_LOOP( '', ( #5389, #5390, #5391, #5392 ) );
#2914 = AXIS2_PLACEMENT_3D( '', #5393, #5394, #5395 );
#2915 = SURFACE_SIDE_STYLE( '', ( #5396 ) );
#2916 = EDGE_LOOP( '', ( #5397, #5398, #5399, #5400, #5401, #5402, #5403, #5404, #5405, #5406, #5407, #5408, #5409, #5410 ) );
#2917 = AXIS2_PLACEMENT_3D( '', #5411, #5412, #5413 );
#2918 = SURFACE_SIDE_STYLE( '', ( #5414 ) );
#2919 = EDGE_LOOP( '', ( #5415, #5416, #5417, #5418, #5419, #5420, #5421, #5422, #5423, #5424, #5425, #5426, #5427, #5428, #5429, #5430 ) );
#2920 = AXIS2_PLACEMENT_3D( '', #5431, #5432, #5433 );
#2921 = SURFACE_SIDE_STYLE( '', ( #5434 ) );
#2922 = EDGE_LOOP( '', ( #5435, #5436, #5437, #5438 ) );
#2923 = AXIS2_PLACEMENT_3D( '', #5439, #5440, #5441 );
#2924 = SURFACE_SIDE_STYLE( '', ( #5442 ) );
#2925 = EDGE_LOOP( '', ( #5443, #5444, #5445, #5446, #5447, #5448, #5449 ) );
#2926 = AXIS2_PLACEMENT_3D( '', #5450, #5451, #5452 );
#2927 = SURFACE_SIDE_STYLE( '', ( #5453 ) );
#2928 = EDGE_LOOP( '', ( #5454, #5455, #5456, #5457 ) );
#2929 = AXIS2_PLACEMENT_3D( '', #5458, #5459, #5460 );
#2930 = SURFACE_SIDE_STYLE( '', ( #5461 ) );
#2931 = EDGE_LOOP( '', ( #5462, #5463, #5464, #5465, #5466, #5467, #5468, #5469, #5470, #5471, #5472, #5473 ) );
#2932 = AXIS2_PLACEMENT_3D( '', #5474, #5475, #5476 );
#2933 = SURFACE_SIDE_STYLE( '', ( #5477 ) );
#2934 = EDGE_LOOP( '', ( #5478 ) );
#2935 = AXIS2_PLACEMENT_3D( '', #5479, #5480, #5481 );
#2936 = SURFACE_SIDE_STYLE( '', ( #5482 ) );
#2937 = EDGE_LOOP( '', ( #5483, #5484, #5485, #5486 ) );
#2938 = AXIS2_PLACEMENT_3D( '', #5487, #5488, #5489 );
#2939 = SURFACE_SIDE_STYLE( '', ( #5490 ) );
#2940 = EDGE_LOOP( '', ( #5491, #5492, #5493, #5494, #5495, #5496, #5497, #5498 ) );
#2941 = AXIS2_PLACEMENT_3D( '', #5499, #5500, #5501 );
#2942 = SURFACE_SIDE_STYLE( '', ( #5502 ) );
#2943 = EDGE_LOOP( '', ( #5503, #5504, #5505, #5506 ) );
#2944 = AXIS2_PLACEMENT_3D( '', #5507, #5508, #5509 );
#2945 = SURFACE_SIDE_STYLE( '', ( #5510 ) );
#2946 = EDGE_LOOP( '', ( #5511, #5512, #5513, #5514 ) );
#2947 = AXIS2_PLACEMENT_3D( '', #5515, #5516, #5517 );
#2948 = SURFACE_SIDE_STYLE( '', ( #5518 ) );
#2949 = EDGE_LOOP( '', ( #5519, #5520, #5521, #5522 ) );
#2950 = AXIS2_PLACEMENT_3D( '', #5523, #5524, #5525 );
#2951 = SURFACE_SIDE_STYLE( '', ( #5526 ) );
#2952 = EDGE_LOOP( '', ( #5527, #5528, #5529, #5530, #5531, #5532, #5533 ) );
#2953 = AXIS2_PLACEMENT_3D( '', #5534, #5535, #5536 );
#2954 = SURFACE_SIDE_STYLE( '', ( #5537 ) );
#2955 = EDGE_LOOP( '', ( #5538, #5539, #5540, #5541 ) );
#2956 = AXIS2_PLACEMENT_3D( '', #5542, #5543, #5544 );
#2957 = SURFACE_SIDE_STYLE( '', ( #5545 ) );
#2958 = EDGE_LOOP( '', ( #5546, #5547, #5548, #5549 ) );
#2959 = AXIS2_PLACEMENT_3D( '', #5550, #5551, #5552 );
#2960 = SURFACE_SIDE_STYLE( '', ( #5553 ) );
#2961 = EDGE_LOOP( '', ( #5554, #5555, #5556, #5557 ) );
#2962 = AXIS2_PLACEMENT_3D( '', #5558, #5559, #5560 );
#2963 = SURFACE_SIDE_STYLE( '', ( #5561 ) );
#2964 = EDGE_LOOP( '', ( #5562, #5563, #5564, #5565 ) );
#2965 = AXIS2_PLACEMENT_3D( '', #5566, #5567, #5568 );
#2966 = SURFACE_SIDE_STYLE( '', ( #5569 ) );
#2967 = EDGE_LOOP( '', ( #5570, #5571, #5572, #5573 ) );
#2968 = AXIS2_PLACEMENT_3D( '', #5574, #5575, #5576 );
#2969 = SURFACE_SIDE_STYLE( '', ( #5577 ) );
#2970 = EDGE_LOOP( '', ( #5578 ) );
#2971 = EDGE_LOOP( '', ( #5579, #5580, #5581, #5582, #5583, #5584, #5585, #5586, #5587, #5588, #5589, #5590 ) );
#2972 = EDGE_LOOP( '', ( #5591 ) );
#2973 = EDGE_LOOP( '', ( #5592, #5593, #5594, #5595 ) );
#2974 = EDGE_LOOP( '', ( #5596 ) );
#2975 = EDGE_LOOP( '', ( #5597 ) );
#2976 = EDGE_LOOP( '', ( #5598, #5599, #5600, #5601 ) );
#2977 = AXIS2_PLACEMENT_3D( '', #5602, #5603, #5604 );
#2978 = SURFACE_SIDE_STYLE( '', ( #5605 ) );
#2979 = EDGE_LOOP( '', ( #5606, #5607, #5608, #5609 ) );
#2980 = AXIS2_PLACEMENT_3D( '', #5610, #5611, #5612 );
#2981 = SURFACE_SIDE_STYLE( '', ( #5613 ) );
#2982 = EDGE_LOOP( '', ( #5614, #5615, #5616, #5617 ) );
#2983 = AXIS2_PLACEMENT_3D( '', #5618, #5619, #5620 );
#2984 = SURFACE_SIDE_STYLE( '', ( #5621 ) );
#2985 = EDGE_LOOP( '', ( #5622 ) );
#2986 = AXIS2_PLACEMENT_3D( '', #5623, #5624, #5625 );
#2987 = SURFACE_SIDE_STYLE( '', ( #5626 ) );
#2988 = EDGE_LOOP( '', ( #5627, #5628, #5629, #5630 ) );
#2989 = AXIS2_PLACEMENT_3D( '', #5631, #5632, #5633 );
#2990 = SURFACE_SIDE_STYLE( '', ( #5634 ) );
#2991 = EDGE_LOOP( '', ( #5635, #5636, #5637, #5638 ) );
#2992 = AXIS2_PLACEMENT_3D( '', #5639, #5640, #5641 );
#2993 = SURFACE_SIDE_STYLE( '', ( #5642 ) );
#2994 = EDGE_LOOP( '', ( #5643, #5644, #5645, #5646 ) );
#2995 = AXIS2_PLACEMENT_3D( '', #5647, #5648, #5649 );
#2996 = SURFACE_SIDE_STYLE( '', ( #5650 ) );
#2997 = EDGE_LOOP( '', ( #5651, #5652, #5653, #5654, #5655, #5656 ) );
#2998 = AXIS2_PLACEMENT_3D( '', #5657, #5658, #5659 );
#2999 = SURFACE_SIDE_STYLE( '', ( #5660 ) );
#3000 = EDGE_LOOP( '', ( #5661, #5662, #5663, #5664 ) );
#3001 = AXIS2_PLACEMENT_3D( '', #5665, #5666, #5667 );
#3002 = SURFACE_SIDE_STYLE( '', ( #5668 ) );
#3003 = EDGE_LOOP( '', ( #5669, #5670, #5671, #5672 ) );
#3004 = AXIS2_PLACEMENT_3D( '', #5673, #5674, #5675 );
#3005 = SURFACE_SIDE_STYLE( '', ( #5676 ) );
#3006 = EDGE_LOOP( '', ( #5677, #5678, #5679, #5680 ) );
#3007 = AXIS2_PLACEMENT_3D( '', #5681, #5682, #5683 );
#3008 = SURFACE_SIDE_STYLE( '', ( #5684 ) );
#3009 = EDGE_LOOP( '', ( #5685, #5686, #5687, #5688 ) );
#3010 = AXIS2_PLACEMENT_3D( '', #5689, #5690, #5691 );
#3011 = SURFACE_SIDE_STYLE( '', ( #5692 ) );
#3012 = EDGE_LOOP( '', ( #5693, #5694, #5695, #5696, #5697, #5698, #5699, #5700, #5701, #5702, #5703, #5704, #5705, #5706 ) );
#3013 = AXIS2_PLACEMENT_3D( '', #5707, #5708, #5709 );
#3014 = SURFACE_SIDE_STYLE( '', ( #5710 ) );
#3015 = EDGE_LOOP( '', ( #5711, #5712, #5713, #5714 ) );
#3016 = AXIS2_PLACEMENT_3D( '', #5715, #5716, #5717 );
#3017 = SURFACE_SIDE_STYLE( '', ( #5718 ) );
#3018 = EDGE_LOOP( '', ( #5719, #5720, #5721, #5722 ) );
#3019 = AXIS2_PLACEMENT_3D( '', #5723, #5724, #5725 );
#3020 = SURFACE_SIDE_STYLE( '', ( #5726 ) );
#3021 = EDGE_LOOP( '', ( #5727, #5728, #5729, #5730 ) );
#3022 = AXIS2_PLACEMENT_3D( '', #5731, #5732, #5733 );
#3023 = SURFACE_SIDE_STYLE( '', ( #5734 ) );
#3024 = EDGE_LOOP( '', ( #5735, #5736, #5737, #5738 ) );
#3025 = AXIS2_PLACEMENT_3D( '', #5739, #5740, #5741 );
#3026 = SURFACE_SIDE_STYLE( '', ( #5742 ) );
#3027 = EDGE_LOOP( '', ( #5743, #5744, #5745 ) );
#3028 = AXIS2_PLACEMENT_3D( '', #5746, #5747, #5748 );
#3029 = SURFACE_SIDE_STYLE( '', ( #5749 ) );
#3030 = EDGE_LOOP( '', ( #5750, #5751, #5752, #5753 ) );
#3031 = AXIS2_PLACEMENT_3D( '', #5754, #5755, #5756 );
#3032 = SURFACE_SIDE_STYLE( '', ( #5757 ) );
#3033 = EDGE_LOOP( '', ( #5758, #5759, #5760, #5761, #5762, #5763, #5764, #5765 ) );
#3034 = AXIS2_PLACEMENT_3D( '', #5766, #5767, #5768 );
#3035 = SURFACE_SIDE_STYLE( '', ( #5769 ) );
#3036 = EDGE_LOOP( '', ( #5770, #5771, #5772, #5773 ) );
#3037 = AXIS2_PLACEMENT_3D( '', #5774, #5775, #5776 );
#3038 = SURFACE_SIDE_STYLE( '', ( #5777 ) );
#3039 = EDGE_LOOP( '', ( #5778, #5779, #5780, #5781, #5782, #5783 ) );
#3040 = AXIS2_PLACEMENT_3D( '', #5784, #5785, #5786 );
#3041 = SURFACE_SIDE_STYLE( '', ( #5787 ) );
#3042 = EDGE_LOOP( '', ( #5788 ) );
#3043 = AXIS2_PLACEMENT_3D( '', #5789, #5790, #5791 );
#3044 = SURFACE_SIDE_STYLE( '', ( #5792 ) );
#3045 = EDGE_LOOP( '', ( #5793, #5794, #5795, #5796 ) );
#3046 = AXIS2_PLACEMENT_3D( '', #5797, #5798, #5799 );
#3047 = SURFACE_SIDE_STYLE( '', ( #5800 ) );
#3048 = EDGE_LOOP( '', ( #5801, #5802, #5803, #5804 ) );
#3049 = AXIS2_PLACEMENT_3D( '', #5805, #5806, #5807 );
#3050 = SURFACE_SIDE_STYLE( '', ( #5808 ) );
#3051 = EDGE_LOOP( '', ( #5809, #5810, #5811, #5812, #5813, #5814, #5815, #5816, #5817, #5818 ) );
#3052 = AXIS2_PLACEMENT_3D( '', #5819, #5820, #5821 );
#3053 = SURFACE_SIDE_STYLE( '', ( #5822 ) );
#3054 = EDGE_LOOP( '', ( #5823, #5824, #5825, #5826 ) );
#3055 = AXIS2_PLACEMENT_3D( '', #5827, #5828, #5829 );
#3056 = SURFACE_SIDE_STYLE( '', ( #5830 ) );
#3057 = EDGE_LOOP( '', ( #5831, #5832, #5833, #5834 ) );
#3058 = AXIS2_PLACEMENT_3D( '', #5835, #5836, #5837 );
#3059 = SURFACE_SIDE_STYLE( '', ( #5838 ) );
#3060 = EDGE_LOOP( '', ( #5839, #5840, #5841, #5842 ) );
#3061 = AXIS2_PLACEMENT_3D( '', #5843, #5844, #5845 );
#3062 = SURFACE_SIDE_STYLE( '', ( #5846 ) );
#3063 = EDGE_LOOP( '', ( #5847, #5848, #5849, #5850, #5851, #5852 ) );
#3064 = AXIS2_PLACEMENT_3D( '', #5853, #5854, #5855 );
#3065 = SURFACE_SIDE_STYLE( '', ( #5856 ) );
#3066 = EDGE_LOOP( '', ( #5857, #5858, #5859, #5860 ) );
#3067 = AXIS2_PLACEMENT_3D( '', #5861, #5862, #5863 );
#3068 = SURFACE_SIDE_STYLE( '', ( #5864 ) );
#3069 = EDGE_LOOP( '', ( #5865, #5866, #5867, #5868 ) );
#3070 = AXIS2_PLACEMENT_3D( '', #5869, #5870, #5871 );
#3071 = SURFACE_SIDE_STYLE( '', ( #5872 ) );
#3072 = EDGE_LOOP( '', ( #5873, #5874, #5875, #5876 ) );
#3073 = AXIS2_PLACEMENT_3D( '', #5877, #5878, #5879 );
#3074 = SURFACE_SIDE_STYLE( '', ( #5880 ) );
#3075 = EDGE_LOOP( '', ( #5881, #5882, #5883, #5884 ) );
#3076 = AXIS2_PLACEMENT_3D( '', #5885, #5886, #5887 );
#3077 = SURFACE_SIDE_STYLE( '', ( #5888 ) );
#3078 = EDGE_LOOP( '', ( #5889, #5890, #5891, #5892 ) );
#3079 = EDGE_LOOP( '', ( #5893, #5894, #5895, #5896 ) );
#3080 = AXIS2_PLACEMENT_3D( '', #5897, #5898, #5899 );
#3081 = SURFACE_SIDE_STYLE( '', ( #5900 ) );
#3082 = EDGE_LOOP( '', ( #5901, #5902, #5903, #5904 ) );
#3083 = AXIS2_PLACEMENT_3D( '', #5905, #5906, #5907 );
#3084 = SURFACE_SIDE_STYLE( '', ( #5908 ) );
#3085 = EDGE_LOOP( '', ( #5909, #5910, #5911, #5912 ) );
#3086 = AXIS2_PLACEMENT_3D( '', #5913, #5914, #5915 );
#3087 = SURFACE_SIDE_STYLE( '', ( #5916 ) );
#3088 = EDGE_LOOP( '', ( #5917, #5918, #5919, #5920 ) );
#3089 = AXIS2_PLACEMENT_3D( '', #5921, #5922, #5923 );
#3090 = SURFACE_SIDE_STYLE( '', ( #5924 ) );
#3091 = EDGE_LOOP( '', ( #5925, #5926, #5927, #5928 ) );
#3092 = AXIS2_PLACEMENT_3D( '', #5929, #5930, #5931 );
#3093 = SURFACE_SIDE_STYLE( '', ( #5932 ) );
#3094 = EDGE_LOOP( '', ( #5933, #5934, #5935, #5936 ) );
#3095 = AXIS2_PLACEMENT_3D( '', #5937, #5938, #5939 );
#3096 = SURFACE_SIDE_STYLE( '', ( #5940 ) );
#3097 = EDGE_LOOP( '', ( #5941, #5942, #5943, #5944 ) );
#3098 = AXIS2_PLACEMENT_3D( '', #5945, #5946, #5947 );
#3099 = SURFACE_SIDE_STYLE( '', ( #5948 ) );
#3100 = EDGE_LOOP( '', ( #5949, #5950, #5951, #5952 ) );
#3101 = AXIS2_PLACEMENT_3D( '', #5953, #5954, #5955 );
#3102 = SURFACE_SIDE_STYLE( '', ( #5956 ) );
#3103 = EDGE_LOOP( '', ( #5957, #5958, #5959, #5960 ) );
#3104 = AXIS2_PLACEMENT_3D( '', #5961, #5962, #5963 );
#3105 = SURFACE_SIDE_STYLE( '', ( #5964 ) );
#3106 = EDGE_LOOP( '', ( #5965, #5966, #5967, #5968 ) );
#3107 = AXIS2_PLACEMENT_3D( '', #5969, #5970, #5971 );
#3108 = SURFACE_SIDE_STYLE( '', ( #5972 ) );
#3109 = EDGE_LOOP( '', ( #5973, #5974, #5975, #5976, #5977, #5978 ) );
#3110 = AXIS2_PLACEMENT_3D( '', #5979, #5980, #5981 );
#3111 = SURFACE_SIDE_STYLE( '', ( #5982 ) );
#3112 = EDGE_LOOP( '', ( #5983, #5984, #5985, #5986 ) );
#3113 = AXIS2_PLACEMENT_3D( '', #5987, #5988, #5989 );
#3114 = SURFACE_SIDE_STYLE( '', ( #5990 ) );
#3115 = EDGE_LOOP( '', ( #5991, #5992, #5993, #5994 ) );
#3116 = AXIS2_PLACEMENT_3D( '', #5995, #5996, #5997 );
#3117 = SURFACE_SIDE_STYLE( '', ( #5998 ) );
#3118 = EDGE_LOOP( '', ( #5999, #6000, #6001, #6002, #6003, #6004 ) );
#3119 = AXIS2_PLACEMENT_3D( '', #6005, #6006, #6007 );
#3120 = SURFACE_SIDE_STYLE( '', ( #6008 ) );
#3121 = EDGE_LOOP( '', ( #6009, #6010, #6011, #6012, #6013 ) );
#3122 = AXIS2_PLACEMENT_3D( '', #6014, #6015, #6016 );
#3123 = SURFACE_SIDE_STYLE( '', ( #6017 ) );
#3124 = EDGE_LOOP( '', ( #6018, #6019, #6020, #6021 ) );
#3125 = AXIS2_PLACEMENT_3D( '', #6022, #6023, #6024 );
#3126 = SURFACE_SIDE_STYLE( '', ( #6025 ) );
#3127 = EDGE_LOOP( '', ( #6026, #6027, #6028, #6029 ) );
#3128 = AXIS2_PLACEMENT_3D( '', #6030, #6031, #6032 );
#3129 = SURFACE_SIDE_STYLE( '', ( #6033 ) );
#3130 = EDGE_LOOP( '', ( #6034, #6035, #6036, #6037 ) );
#3131 = AXIS2_PLACEMENT_3D( '', #6038, #6039, #6040 );
#3132 = SURFACE_SIDE_STYLE( '', ( #6041 ) );
#3133 = EDGE_LOOP( '', ( #6042, #6043, #6044, #6045 ) );
#3134 = AXIS2_PLACEMENT_3D( '', #6046, #6047, #6048 );
#3135 = SURFACE_SIDE_STYLE( '', ( #6049 ) );
#3136 = EDGE_LOOP( '', ( #6050, #6051, #6052, #6053, #6054, #6055, #6056, #6057, #6058, #6059 ) );
#3137 = AXIS2_PLACEMENT_3D( '', #6060, #6061, #6062 );
#3138 = SURFACE_SIDE_STYLE( '', ( #6063 ) );
#3139 = EDGE_LOOP( '', ( #6064, #6065, #6066, #6067, #6068, #6069, #6070, #6071, #6072, #6073 ) );
#3140 = AXIS2_PLACEMENT_3D( '', #6074, #6075, #6076 );
#3141 = SURFACE_SIDE_STYLE( '', ( #6077 ) );
#3142 = EDGE_LOOP( '', ( #6078 ) );
#3143 = EDGE_LOOP( '', ( #6079 ) );
#3144 = AXIS2_PLACEMENT_3D( '', #6080, #6081, #6082 );
#3145 = SURFACE_SIDE_STYLE( '', ( #6083 ) );
#3146 = EDGE_LOOP( '', ( #6084, #6085, #6086, #6087 ) );
#3147 = AXIS2_PLACEMENT_3D( '', #6088, #6089, #6090 );
#3148 = SURFACE_SIDE_STYLE( '', ( #6091 ) );
#3149 = EDGE_LOOP( '', ( #6092, #6093, #6094, #6095, #6096, #6097, #6098, #6099 ) );
#3150 = AXIS2_PLACEMENT_3D( '', #6100, #6101, #6102 );
#3151 = SURFACE_SIDE_STYLE( '', ( #6103 ) );
#3152 = EDGE_LOOP( '', ( #6104, #6105, #6106, #6107 ) );
#3153 = AXIS2_PLACEMENT_3D( '', #6108, #6109, #6110 );
#3154 = SURFACE_SIDE_STYLE( '', ( #6111 ) );
#3155 = EDGE_LOOP( '', ( #6112, #6113, #6114, #6115 ) );
#3156 = AXIS2_PLACEMENT_3D( '', #6116, #6117, #6118 );
#3157 = SURFACE_SIDE_STYLE( '', ( #6119 ) );
#3158 = EDGE_LOOP( '', ( #6120, #6121, #6122, #6123 ) );
#3159 = AXIS2_PLACEMENT_3D( '', #6124, #6125, #6126 );
#3160 = SURFACE_SIDE_STYLE( '', ( #6127 ) );
#3161 = EDGE_LOOP( '', ( #6128, #6129, #6130, #6131, #6132, #6133, #6134, #6135, #6136, #6137, #6138, #6139, #6140, #6141, #6142, #6143, #6144, #6145, #6146, #6147, #6148, #6149, #6150, #6151 ) );
#3162 = EDGE_LOOP( '', ( #6152, #6153, #6154, #6155, #6156, #6157, #6158, #6159, #6160, #6161, #6162, #6163, #6164, #6165, #6166, #6167 ) );
#3163 = AXIS2_PLACEMENT_3D( '', #6168, #6169, #6170 );
#3164 = SURFACE_SIDE_STYLE( '', ( #6171 ) );
#3165 = EDGE_LOOP( '', ( #6172, #6173, #6174, #6175, #6176 ) );
#3166 = AXIS2_PLACEMENT_3D( '', #6177, #6178, #6179 );
#3167 = SURFACE_SIDE_STYLE( '', ( #6180 ) );
#3168 = EDGE_LOOP( '', ( #6181, #6182, #6183, #6184 ) );
#3169 = AXIS2_PLACEMENT_3D( '', #6185, #6186, #6187 );
#3170 = SURFACE_SIDE_STYLE( '', ( #6188 ) );
#3171 = EDGE_LOOP( '', ( #6189, #6190, #6191, #6192 ) );
#3172 = AXIS2_PLACEMENT_3D( '', #6193, #6194, #6195 );
#3173 = SURFACE_SIDE_STYLE( '', ( #6196 ) );
#3174 = EDGE_LOOP( '', ( #6197, #6198, #6199, #6200 ) );
#3175 = AXIS2_PLACEMENT_3D( '', #6201, #6202, #6203 );
#3176 = SURFACE_SIDE_STYLE( '', ( #6204 ) );
#3177 = EDGE_LOOP( '', ( #6205, #6206, #6207 ) );
#3178 = AXIS2_PLACEMENT_3D( '', #6208, #6209, #6210 );
#3179 = SURFACE_SIDE_STYLE( '', ( #6211 ) );
#3180 = EDGE_LOOP( '', ( #6212, #6213, #6214, #6215 ) );
#3181 = AXIS2_PLACEMENT_3D( '', #6216, #6217, #6218 );
#3182 = SURFACE_SIDE_STYLE( '', ( #6219 ) );
#3183 = EDGE_LOOP( '', ( #6220, #6221, #6222, #6223 ) );
#3184 = AXIS2_PLACEMENT_3D( '', #6224, #6225, #6226 );
#3185 = SURFACE_SIDE_STYLE( '', ( #6227 ) );
#3186 = EDGE_LOOP( '', ( #6228, #6229, #6230, #6231 ) );
#3187 = AXIS2_PLACEMENT_3D( '', #6232, #6233, #6234 );
#3188 = SURFACE_SIDE_STYLE( '', ( #6235 ) );
#3189 = EDGE_LOOP( '', ( #6236, #6237, #6238, #6239 ) );
#3190 = AXIS2_PLACEMENT_3D( '', #6240, #6241, #6242 );
#3191 = SURFACE_SIDE_STYLE( '', ( #6243 ) );
#3192 = EDGE_LOOP( '', ( #6244, #6245, #6246, #6247 ) );
#3193 = AXIS2_PLACEMENT_3D( '', #6248, #6249, #6250 );
#3194 = SURFACE_SIDE_STYLE( '', ( #6251 ) );
#3195 = EDGE_LOOP( '', ( #6252, #6253, #6254, #6255 ) );
#3196 = AXIS2_PLACEMENT_3D( '', #6256, #6257, #6258 );
#3197 = SURFACE_SIDE_STYLE( '', ( #6259 ) );
#3198 = EDGE_LOOP( '', ( #6260, #6261, #6262, #6263 ) );
#3199 = AXIS2_PLACEMENT_3D( '', #6264, #6265, #6266 );
#3200 = SURFACE_SIDE_STYLE( '', ( #6267 ) );
#3201 = EDGE_LOOP( '', ( #6268, #6269, #6270, #6271, #6272, #6273, #6274, #6275 ) );
#3202 = AXIS2_PLACEMENT_3D( '', #6276, #6277, #6278 );
#3203 = SURFACE_SIDE_STYLE( '', ( #6279 ) );
#3204 = EDGE_LOOP( '', ( #6280, #6281, #6282, #6283 ) );
#3205 = EDGE_LOOP( '', ( #6284, #6285, #6286, #6287 ) );
#3206 = AXIS2_PLACEMENT_3D( '', #6288, #6289, #6290 );
#3207 = SURFACE_SIDE_STYLE( '', ( #6291 ) );
#3208 = EDGE_LOOP( '', ( #6292, #6293, #6294, #6295 ) );
#3209 = AXIS2_PLACEMENT_3D( '', #6296, #6297, #6298 );
#3210 = SURFACE_SIDE_STYLE( '', ( #6299 ) );
#3211 = EDGE_LOOP( '', ( #6300, #6301, #6302, #6303 ) );
#3212 = AXIS2_PLACEMENT_3D( '', #6304, #6305, #6306 );
#3213 = SURFACE_SIDE_STYLE( '', ( #6307 ) );
#3214 = EDGE_LOOP( '', ( #6308, #6309, #6310, #6311 ) );
#3215 = AXIS2_PLACEMENT_3D( '', #6312, #6313, #6314 );
#3216 = SURFACE_SIDE_STYLE( '', ( #6315 ) );
#3217 = EDGE_LOOP( '', ( #6316, #6317, #6318, #6319 ) );
#3218 = AXIS2_PLACEMENT_3D( '', #6320, #6321, #6322 );
#3219 = SURFACE_SIDE_STYLE( '', ( #6323 ) );
#3220 = EDGE_LOOP( '', ( #6324, #6325, #6326, #6327, #6328 ) );
#3221 = AXIS2_PLACEMENT_3D( '', #6329, #6330, #6331 );
#3222 = SURFACE_SIDE_STYLE( '', ( #6332 ) );
#3223 = EDGE_LOOP( '', ( #6333, #6334, #6335, #6336 ) );
#3224 = AXIS2_PLACEMENT_3D( '', #6337, #6338, #6339 );
#3225 = SURFACE_SIDE_STYLE( '', ( #6340 ) );
#3226 = EDGE_LOOP( '', ( #6341, #6342, #6343, #6344, #6345, #6346, #6347, #6348 ) );
#3227 = AXIS2_PLACEMENT_3D( '', #6349, #6350, #6351 );
#3228 = SURFACE_SIDE_STYLE( '', ( #6352 ) );
#3229 = EDGE_LOOP( '', ( #6353, #6354, #6355, #6356 ) );
#3230 = AXIS2_PLACEMENT_3D( '', #6357, #6358, #6359 );
#3231 = SURFACE_SIDE_STYLE( '', ( #6360 ) );
#3232 = EDGE_LOOP( '', ( #6361, #6362, #6363, #6364 ) );
#3233 = AXIS2_PLACEMENT_3D( '', #6365, #6366, #6367 );
#3234 = SURFACE_SIDE_STYLE( '', ( #6368 ) );
#3235 = EDGE_LOOP( '', ( #6369, #6370, #6371, #6372 ) );
#3236 = AXIS2_PLACEMENT_3D( '', #6373, #6374, #6375 );
#3237 = SURFACE_SIDE_STYLE( '', ( #6376 ) );
#3238 = EDGE_LOOP( '', ( #6377, #6378, #6379, #6380 ) );
#3239 = AXIS2_PLACEMENT_3D( '', #6381, #6382, #6383 );
#3240 = SURFACE_SIDE_STYLE( '', ( #6384 ) );
#3241 = EDGE_LOOP( '', ( #6385, #6386, #6387, #6388 ) );
#3242 = AXIS2_PLACEMENT_3D( '', #6389, #6390, #6391 );
#3243 = SURFACE_SIDE_STYLE( '', ( #6392 ) );
#3244 = EDGE_LOOP( '', ( #6393, #6394, #6395, #6396 ) );
#3245 = AXIS2_PLACEMENT_3D( '', #6397, #6398, #6399 );
#3246 = CARTESIAN_POINT( '', ( 0.000000000000000, 0.000000000000000, 0.000000000000000 ) );
#3247 = DIRECTION( '', ( 0.000000000000000, 0.000000000000000, 1.00000000000000 ) );
#3248 = DIRECTION( '', ( 1.00000000000000, 0.000000000000000, 0.000000000000000 ) );
#3249 = CARTESIAN_POINT( '', ( 3.46944695195362E-015, -5.63785129692462E-015, 8.90000000000000 ) );
#3250 = DIRECTION( '', ( 2.77555756156289E-016, -2.77555756156289E-016, 1.00000000000000 ) );
#3251 = DIRECTION( '', ( -1.00000000000000, 3.66087399865745E-034, 2.77555756156289E-016 ) );
#3252 = CARTESIAN_POINT( '', ( 6.50135083749566E-015, 8.67383422031853E-016, -2.49435389988899 ) );
#3253 = DIRECTION( '', ( -5.16921445555217E-016, -6.51996539893536E-017, 1.00000000000000 ) );
#3254 = DIRECTION( '', ( -1.00000000000000, -1.61152667809906E-016, -5.16921445555217E-016 ) );
#3255 = CARTESIAN_POINT( '', ( 6.50135083749566E-015, 8.67383422031853E-016, -2.49435389988899 ) );
#3256 = DIRECTION( '', ( -5.16921445555217E-016, -6.51996539893536E-017, 1.00000000000000 ) );
#3257 = DIRECTION( '', ( -1.00000000000000, -1.61152667809906E-016, -5.16921445555217E-016 ) );
#3258 = CARTESIAN_POINT( '', ( 6.50135083749566E-015, 8.67383422031853E-016, -2.49435389988899 ) );
#3259 = DIRECTION( '', ( -5.16921445555217E-016, -6.51996539893536E-017, 1.00000000000000 ) );
#3260 = DIRECTION( '', ( -1.00000000000000, -1.61152667809906E-016, -5.16921445555217E-016 ) );
#3261 = CARTESIAN_POINT( '', ( 6.50135083749566E-015, 8.67383422031853E-016, -2.49435389988899 ) );
#3262 = DIRECTION( '', ( -5.16921445555217E-016, -6.51996539893536E-017, 1.00000000000000 ) );
#3263 = DIRECTION( '', ( -1.00000000000000, -1.61152667809906E-016, -5.16921445555217E-016 ) );
#3264 = CARTESIAN_POINT( '', ( -1.64798730217796E-014, 4.01154803819636E-015, 3.45000000000000 ) );
#3265 = DIRECTION( '', ( 0.000000000000000, 0.000000000000000, 1.00000000000000 ) );
#3266 = DIRECTION( '', ( 1.00000000000000, 0.000000000000000, 0.000000000000000 ) );
#3268 = SURFACE_STYLE_FILL_AREA( #6400 );
#3269 = ORIENTED_EDGE( '', *, *, #6401, .T. );
#3270 = ORIENTED_EDGE( '', *, *, #6402, .T. );
#3271 = CARTESIAN_POINT( '', ( -2.40000000000000, 2.50000000000000, 1.35525271560688E-016 ) );
#3272 = DIRECTION( '', ( 7.22801448323669E-017, -5.20706246211423E-032, -1.00000000000000 ) );
#3273 = DIRECTION( '', ( 1.00000000000000, 0.000000000000000, 7.22801448323669E-017 ) );
#3274 = SURFACE_STYLE_FILL_AREA( #6403 );
#3275 = ORIENTED_EDGE( '', *, *, #6404, .T. );
#3276 = ORIENTED_EDGE( '', *, *, #6405, .T. );
#3277 = ORIENTED_EDGE( '', *, *, #6406, .T. );
#3278 = ORIENTED_EDGE( '', *, *, #6407, .T. );
#3279 = CARTESIAN_POINT( '', ( -3.40000000000000, -3.45000000000000, -2.00000000000000 ) );
#3280 = DIRECTION( '', ( 0.000000000000000, 0.000000000000000, -1.00000000000000 ) );
#3281 = DIRECTION( '', ( -1.00000000000000, 0.000000000000000, 0.000000000000000 ) );
#3282 = SURFACE_STYLE_FILL_AREA( #6408 );
#3283 = ORIENTED_EDGE( '', *, *, #6409, .F. );
#3284 = ORIENTED_EDGE( '', *, *, #6410, .F. );
#3285 = ORIENTED_EDGE( '', *, *, #6411, .F. );
#3286 = ORIENTED_EDGE( '', *, *, #6412, .F. );
#3287 = CARTESIAN_POINT( '', ( 1.65105080756887, 3.75000000000000, 0.000000000000000 ) );
#3288 = DIRECTION( '', ( -0.000000000000000, -0.000000000000000, 1.00000000000000 ) );
#3289 = DIRECTION( '', ( -1.00000000000000, 0.000000000000000, 0.000000000000000 ) );
#3290 = SURFACE_STYLE_FILL_AREA( #6413 );
#3291 = ORIENTED_EDGE( '', *, *, #6414, .T. );
#3292 = ORIENTED_EDGE( '', *, *, #6415, .T. );
#3293 = ORIENTED_EDGE( '', *, *, #6416, .T. );
#3294 = ORIENTED_EDGE( '', *, *, #6417, .F. );
#3295 = CARTESIAN_POINT( '', ( -2.25000000000000, -3.95000000000000, -5.20000000000000 ) );
#3296 = DIRECTION( '', ( 0.000000000000000, 0.000000000000000, -1.00000000000000 ) );
#3297 = DIRECTION( '', ( -1.00000000000000, 0.000000000000000, 0.000000000000000 ) );
#3298 = SURFACE_STYLE_FILL_AREA( #6418 );
#3299 = ORIENTED_EDGE( '', *, *, #6419, .T. );
#3300 = ORIENTED_EDGE( '', *, *, #6420, .F. );
#3301 = ORIENTED_EDGE( '', *, *, #6421, .F. );
#3302 = ORIENTED_EDGE( '', *, *, #6422, .F. );
#3303 = ORIENTED_EDGE( '', *, *, #6423, .F. );
#3304 = ORIENTED_EDGE( '', *, *, #6424, .F. );
#3305 = ORIENTED_EDGE( '', *, *, #6425, .F. );
#3306 = ORIENTED_EDGE( '', *, *, #6426, .F. );
#3307 = CARTESIAN_POINT( '', ( -3.40000000000000, 3.45000000000000, 6.30000000000000 ) );
#3308 = DIRECTION( '', ( -0.000000000000000, -0.000000000000000, 1.00000000000000 ) );
#3309 = DIRECTION( '', ( -1.00000000000000, 0.000000000000000, 0.000000000000000 ) );
#3310 = SURFACE_STYLE_FILL_AREA( #6427 );
#3311 = ORIENTED_EDGE( '', *, *, #6428, .F. );
#3312 = ORIENTED_EDGE( '', *, *, #6429, .F. );
#3313 = ORIENTED_EDGE( '', *, *, #6430, .T. );
#3314 = ORIENTED_EDGE( '', *, *, #6431, .T. );
#3315 = CARTESIAN_POINT( '', ( 1.83002540378444, 4.45000000000000, 0.850000000000000 ) );
#3316 = DIRECTION( '', ( -7.22801448323669E-017, 5.20706246211423E-032, 1.00000000000000 ) );
#3317 = DIRECTION( '', ( -1.00000000000000, 0.000000000000000, -7.22801448323669E-017 ) );
#3318 = SURFACE_STYLE_FILL_AREA( #6432 );
#3319 = ORIENTED_EDGE( '', *, *, #6433, .T. );
#3320 = ORIENTED_EDGE( '', *, *, #6434, .F. );
#3321 = ORIENTED_EDGE( '', *, *, #6435, .F. );
#3322 = ORIENTED_EDGE( '', *, *, #6436, .F. );
#3323 = CARTESIAN_POINT( '', ( -2.45000000000000, 2.35000000000000, 8.05000000000000 ) );
#3324 = DIRECTION( '', ( -1.00000000000000, -0.000000000000000, -0.000000000000000 ) );
#3325 = DIRECTION( '', ( 0.000000000000000, 0.000000000000000, -1.00000000000000 ) );
#3326 = SURFACE_STYLE_FILL_AREA( #6437 );
#3327 = ORIENTED_EDGE( '', *, *, #6438, .T. );
#3328 = ORIENTED_EDGE( '', *, *, #6439, .F. );
#3329 = ORIENTED_EDGE( '', *, *, #6440, .F. );
#3330 = ORIENTED_EDGE( '', *, *, #6441, .T. );
#3331 = CARTESIAN_POINT( '', ( 2.90000000000000, -2.90000000000000, -2.60000000000000 ) );
#3332 = DIRECTION( '', ( 1.00000000000000, -7.47725636196900E-017, 0.000000000000000 ) );
#3333 = DIRECTION( '', ( 7.47725636196900E-017, 1.00000000000000, 0.000000000000000 ) );
#3334 = SURFACE_STYLE_FILL_AREA( #6442 );
#3335 = ORIENTED_EDGE( '', *, *, #6443, .F. );
#3336 = ORIENTED_EDGE( '', *, *, #6444, .T. );
#3337 = ORIENTED_EDGE( '', *, *, #6445, .F. );
#3338 = ORIENTED_EDGE( '', *, *, #6446, .T. );
#3339 = ORIENTED_EDGE( '', *, *, #6447, .F. );
#3340 = ORIENTED_EDGE( '', *, *, #6448, .F. );
#3341 = CARTESIAN_POINT( '', ( -0.525000000000000, 3.95000000000000, 4.50000000000000 ) );
#3342 = DIRECTION( '', ( 0.000000000000000, 0.000000000000000, 1.00000000000000 ) );
#3343 = DIRECTION( '', ( 1.00000000000000, 0.000000000000000, 0.000000000000000 ) );
#3344 = SURFACE_STYLE_FILL_AREA( #6449 );
#3345 = ORIENTED_EDGE( '', *, *, #6450, .F. );
#3346 = ORIENTED_EDGE( '', *, *, #6451, .F. );
#3347 = ORIENTED_EDGE( '', *, *, #6452, .F. );
#3348 = ORIENTED_EDGE( '', *, *, #6453, .F. );
#3349 = CARTESIAN_POINT( '', ( -3.47500000000000, -3.35000000000000, 2.99435389988899 ) );
#3350 = DIRECTION( '', ( -0.000000000000000, 1.00000000000000, -0.000000000000000 ) );
#3351 = DIRECTION( '', ( 0.000000000000000, 0.000000000000000, -1.00000000000000 ) );
#3352 = SURFACE_STYLE_FILL_AREA( #6454 );
#3353 = ORIENTED_EDGE( '', *, *, #6455, .T. );
#3354 = ORIENTED_EDGE( '', *, *, #6436, .T. );
#3355 = ORIENTED_EDGE( '', *, *, #6456, .T. );
#3356 = ORIENTED_EDGE( '', *, *, #6457, .F. );
#3357 = CARTESIAN_POINT( '', ( -2.45000000000000, 2.85000000000000, 0.000000000000000 ) );
#3358 = DIRECTION( '', ( 0.000000000000000, -1.00000000000000, 0.000000000000000 ) );
#3359 = DIRECTION( '', ( 0.000000000000000, 0.000000000000000, -1.00000000000000 ) );
#3360 = SURFACE_STYLE_FILL_AREA( #6458 );
#3361 = ORIENTED_EDGE( '', *, *, #6459, .T. );
#3362 = ORIENTED_EDGE( '', *, *, #6460, .T. );
#3363 = ORIENTED_EDGE( '', *, *, #6461, .F. );
#3364 = ORIENTED_EDGE( '', *, *, #6462, .F. );
#3365 = CARTESIAN_POINT( '', ( 1.00000000000000, -1.00000000000000, 3.79470760369927E-016 ) );
#3366 = DIRECTION( '', ( 2.44775235369814E-016, -1.00000000000000, -5.20706246211423E-032 ) );
#3367 = DIRECTION( '', ( 1.27455993974933E-047, -5.20706246211423E-032, 1.00000000000000 ) );
#3368 = SURFACE_STYLE_FILL_AREA( #6463 );
#3369 = ORIENTED_EDGE( '', *, *, #6464, .T. );
#3370 = ORIENTED_EDGE( '', *, *, #6465, .T. );
#3371 = ORIENTED_EDGE( '', *, *, #6466, .F. );
#3372 = ORIENTED_EDGE( '', *, *, #6467, .F. );
#3373 = CARTESIAN_POINT( '', ( 3.82500000000000, -3.35000000000000, -1.00564610011101 ) );
#3374 = DIRECTION( '', ( 0.000000000000000, 0.000000000000000, 1.00000000000000 ) );
#3375 = DIRECTION( '', ( 1.00000000000000, 0.000000000000000, 0.000000000000000 ) );
#3376 = SURFACE_STYLE_FILL_AREA( #6468 );
#3377 = ORIENTED_EDGE( '', *, *, #6469, .F. );
#3378 = ORIENTED_EDGE( '', *, *, #6470, .F. );
#3379 = ORIENTED_EDGE( '', *, *, #6471, .T. );
#3380 = ORIENTED_EDGE( '', *, *, #6472, .T. );
#3381 = CARTESIAN_POINT( '', ( -4.17500000000000, -3.35000000000000, -1.00564610011101 ) );
#3382 = DIRECTION( '', ( 0.000000000000000, 0.000000000000000, 1.00000000000000 ) );
#3383 = DIRECTION( '', ( 1.00000000000000, 0.000000000000000, 0.000000000000000 ) );
#3384 = SURFACE_STYLE_FILL_AREA( #6473 );
#3385 = ORIENTED_EDGE( '', *, *, #6474, .T. );
#3386 = ORIENTED_EDGE( '', *, *, #6475, .F. );
#3387 = ORIENTED_EDGE( '', *, *, #6476, .F. );
#3388 = ORIENTED_EDGE( '', *, *, #6477, .F. );
#3389 = CARTESIAN_POINT( '', ( -3.40000000000000, 3.45000000000000, -2.60000000000000 ) );
#3390 = DIRECTION( '', ( -0.000000000000000, -0.000000000000000, -1.00000000000000 ) );
#3391 = DIRECTION( '', ( 1.00000000000000, 0.000000000000000, 0.000000000000000 ) );
#3392 = SURFACE_STYLE_FILL_AREA( #6478 );
#3393 = ORIENTED_EDGE( '', *, *, #6479, .T. );
#3394 = ORIENTED_EDGE( '', *, *, #6480, .T. );
#3395 = ORIENTED_EDGE( '', *, *, #6481, .T. );
#3396 = ORIENTED_EDGE( '', *, *, #6482, .T. );
#3397 = ORIENTED_EDGE( '', *, *, #6483, .T. );
#3398 = ORIENTED_EDGE( '', *, *, #6484, .T. );
#3399 = ORIENTED_EDGE( '', *, *, #6485, .T. );
#3400 = ORIENTED_EDGE( '', *, *, #6486, .T. );
#3401 = CARTESIAN_POINT( '', ( -3.82500000000000, -3.35000000000000, -1.00564610011101 ) );
#3402 = DIRECTION( '', ( 0.000000000000000, 1.00000000000000, 0.000000000000000 ) );
#3403 = DIRECTION( '', ( 0.000000000000000, 0.000000000000000, 1.00000000000000 ) );
#3404 = SURFACE_STYLE_FILL_AREA( #6487 );
#3405 = ORIENTED_EDGE( '', *, *, #6488, .T. );
#3406 = ORIENTED_EDGE( '', *, *, #6489, .F. );
#3407 = ORIENTED_EDGE( '', *, *, #6490, .F. );
#3408 = ORIENTED_EDGE( '', *, *, #6491, .T. );
#3409 = CARTESIAN_POINT( '', ( 1.30000000000002, -3.95000000000000, -4.40000000000000 ) );
#3410 = DIRECTION( '', ( 0.000000000000000, 0.000000000000000, -1.00000000000000 ) );
#3411 = DIRECTION( '', ( -1.00000000000000, 0.000000000000000, 0.000000000000000 ) );
#3412 = SURFACE_STYLE_FILL_AREA( #6492 );
#3413 = ORIENTED_EDGE( '', *, *, #6493, .F. );
#3414 = ORIENTED_EDGE( '', *, *, #6494, .F. );
#3415 = ORIENTED_EDGE( '', *, *, #6495, .F. );
#3416 = ORIENTED_EDGE( '', *, *, #6409, .T. );
#3417 = ORIENTED_EDGE( '', *, *, #6496, .F. );
#3418 = CARTESIAN_POINT( '', ( 1.95105080756887, 3.45000000000000, 3.50000000000000 ) );
#3419 = DIRECTION( '', ( -2.72869674283263E-016, -6.06863371617080E-032, 1.00000000000000 ) );
#3420 = DIRECTION( '', ( 1.00000000000000, 0.000000000000000, 2.72869674283264E-016 ) );
#3421 = SURFACE_STYLE_FILL_AREA( #6497 );
#3422 = ORIENTED_EDGE( '', *, *, #6498, .T. );
#3423 = ORIENTED_EDGE( '', *, *, #6499, .F. );
#3424 = ORIENTED_EDGE( '', *, *, #6500, .F. );
#3425 = ORIENTED_EDGE( '', *, *, #6501, .F. );
#3426 = CARTESIAN_POINT( '', ( -3.40000000000000, -3.45000000000000, 6.80000000000000 ) );
#3427 = DIRECTION( '', ( 2.44775235369814E-016, -1.00000000000000, 0.000000000000000 ) );
#3428 = DIRECTION( '', ( 0.000000000000000, 0.000000000000000, 1.00000000000000 ) );
#3429 = SURFACE_STYLE_FILL_AREA( #6502 );
#3430 = ORIENTED_EDGE( '', *, *, #6503, .F. );
#3431 = ORIENTED_EDGE( '', *, *, #6504, .T. );
#3432 = ORIENTED_EDGE( '', *, *, #6505, .F. );
#3433 = ORIENTED_EDGE( '', *, *, #6506, .F. );
#3434 = ORIENTED_EDGE( '', *, *, #6507, .F. );
#3435 = ORIENTED_EDGE( '', *, *, #6508, .F. );
#3436 = CARTESIAN_POINT( '', ( -2.37500000000000, -2.35000000000000, 2.85000000000000 ) );
#3437 = DIRECTION( '', ( -0.000000000000000, -0.000000000000000, 1.00000000000000 ) );
#3438 = DIRECTION( '', ( -1.00000000000000, 0.000000000000000, 0.000000000000000 ) );
#3439 = SURFACE_STYLE_FILL_AREA( #6509 );
#3440 = ORIENTED_EDGE( '', *, *, #6510, .T. );
#3441 = ORIENTED_EDGE( '', *, *, #6511, .T. );
#3442 = ORIENTED_EDGE( '', *, *, #6512, .T. );
#3443 = ORIENTED_EDGE( '', *, *, #6513, .T. );
#3444 = ORIENTED_EDGE( '', *, *, #6464, .F. );
#3445 = ORIENTED_EDGE( '', *, *, #6514, .F. );
#3446 = ORIENTED_EDGE( '', *, *, #6515, .T. );
#3447 = ORIENTED_EDGE( '', *, *, #6516, .T. );
#3448 = CARTESIAN_POINT( '', ( 3.82500000000000, -3.35000000000000, 3.34435389988899 ) );
#3449 = DIRECTION( '', ( 1.00000000000000, 0.000000000000000, 0.000000000000000 ) );
#3450 = DIRECTION( '', ( 0.000000000000000, 0.000000000000000, -1.00000000000000 ) );
#3451 = SURFACE_STYLE_FILL_AREA( #6517 );
#3452 = ORIENTED_EDGE( '', *, *, #6518, .F. );
#3453 = ORIENTED_EDGE( '', *, *, #6475, .T. );
#3454 = ORIENTED_EDGE( '', *, *, #6519, .T. );
#3455 = ORIENTED_EDGE( '', *, *, #6520, .T. );
#3456 = ORIENTED_EDGE( '', *, *, #6521, .T. );
#3457 = ORIENTED_EDGE( '', *, *, #6522, .T. );
#3458 = CARTESIAN_POINT( '', ( -3.90000000000000, 3.95000000000000, -2.60000000000000 ) );
#3459 = DIRECTION( '', ( -1.00000000000000, -1.09792625061823E-016, 0.000000000000000 ) );
#3460 = DIRECTION( '', ( 1.09792625061823E-016, -1.00000000000000, 0.000000000000000 ) );
#3461 = SURFACE_STYLE_FILL_AREA( #6523 );
#3462 = ORIENTED_EDGE( '', *, *, #6524, .F. );
#3463 = ORIENTED_EDGE( '', *, *, #6525, .T. );
#3464 = ORIENTED_EDGE( '', *, *, #6526, .T. );
#3465 = ORIENTED_EDGE( '', *, *, #6527, .F. );
#3466 = CARTESIAN_POINT( '', ( 1.00000000000000, 1.00000000000000, 3.79470760369927E-016 ) );
#3467 = DIRECTION( '', ( 3.76367228912797E-048, 1.00000000000000, -5.20706246211423E-032 ) );
#3468 = DIRECTION( '', ( 0.000000000000000, 5.20706246211423E-032, 1.00000000000000 ) );
#3469 = SURFACE_STYLE_FILL_AREA( #6528 );
#3470 = ORIENTED_EDGE( '', *, *, #6529, .F. );
#3471 = ORIENTED_EDGE( '', *, *, #6530, .T. );
#3472 = ORIENTED_EDGE( '', *, *, #6531, .F. );
#3473 = ORIENTED_EDGE( '', *, *, #6532, .F. );
#3474 = CARTESIAN_POINT( '', ( -1.44999999999999, 3.95000000000000, -4.40000000000000 ) );
#3475 = DIRECTION( '', ( 8.67361737988392E-016, 1.00000000000000, -0.000000000000000 ) );
#3476 = DIRECTION( '', ( 1.00000000000000, -8.67361737988392E-016, 0.000000000000000 ) );
#3477 = SURFACE_STYLE_FILL_AREA( #6533 );
#3478 = ORIENTED_EDGE( '', *, *, #6534, .F. );
#3479 = ORIENTED_EDGE( '', *, *, #6527, .T. );
#3480 = ORIENTED_EDGE( '', *, *, #6535, .T. );
#3481 = ORIENTED_EDGE( '', *, *, #6536, .F. );
#3482 = CARTESIAN_POINT( '', ( -1.00000000000000, 1.00000000000000, 2.16840434497101E-016 ) );
#3483 = DIRECTION( '', ( 1.00000000000000, 1.08420217248550E-016, 7.22801448323669E-017 ) );
#3484 = DIRECTION( '', ( -1.08420217248550E-016, 1.00000000000000, 0.000000000000000 ) );
#3485 = SURFACE_STYLE_FILL_AREA( #6537 );
#3486 = ORIENTED_EDGE( '', *, *, #6538, .T. );
#3487 = ORIENTED_EDGE( '', *, *, #6539, .T. );
#3488 = ORIENTED_EDGE( '', *, *, #6540, .F. );
#3489 = ORIENTED_EDGE( '', *, *, #6541, .T. );
#3490 = CARTESIAN_POINT( '', ( 1.40000000000002, -3.45000000000000, -2.60000000000000 ) );
#3491 = DIRECTION( '', ( 0.000000000000000, 1.00000000000000, 0.000000000000000 ) );
#3492 = DIRECTION( '', ( 0.000000000000000, 0.000000000000000, 1.00000000000000 ) );
#3493 = SURFACE_STYLE_FILL_AREA( #6542 );
#3494 = ORIENTED_EDGE( '', *, *, #6541, .F. );
#3495 = ORIENTED_EDGE( '', *, *, #6543, .F. );
#3496 = ORIENTED_EDGE( '', *, *, #6544, .T. );
#3497 = ORIENTED_EDGE( '', *, *, #6545, .T. );
#3498 = ORIENTED_EDGE( '', *, *, #6491, .F. );
#3499 = ORIENTED_EDGE( '', *, *, #6546, .F. );
#3500 = ORIENTED_EDGE( '', *, *, #6547, .T. );
#3501 = CARTESIAN_POINT( '', ( 1.40000000000002, -3.95000000000000, 0.000000000000000 ) );
#3502 = DIRECTION( '', ( 0.999741835544943, 1.92697292448439E-016, -0.0227214053532941 ) );
#3503 = DIRECTION( '', ( -0.0227214053532941, 0.000000000000000, -0.999741835544943 ) );
#3504 = SURFACE_STYLE_FILL_AREA( #6548 );
#3505 = ORIENTED_EDGE( '', *, *, #6549, .F. );
#3506 = ORIENTED_EDGE( '', *, *, #6519, .F. );
#3507 = ORIENTED_EDGE( '', *, *, #6550, .T. );
#3508 = ORIENTED_EDGE( '', *, *, #6551, .T. );
#3509 = CARTESIAN_POINT( '', ( -3.90000000000000, 3.45000000000000, -2.00000000000000 ) );
#3510 = DIRECTION( '', ( 0.000000000000000, 1.00000000000000, 0.000000000000000 ) );
#3511 = DIRECTION( '', ( 0.000000000000000, 0.000000000000000, 1.00000000000000 ) );
#3512 = SURFACE_STYLE_FILL_AREA( #6552 );
#3513 = ORIENTED_EDGE( '', *, *, #6553, .T. );
#3514 = ORIENTED_EDGE( '', *, *, #6554, .F. );
#3515 = ORIENTED_EDGE( '', *, *, #6555, .F. );
#3516 = ORIENTED_EDGE( '', *, *, #6556, .T. );
#3517 = CARTESIAN_POINT( '', ( 1.25000000000000, 1.25000000000000, 11.5500000000000 ) );
#3518 = DIRECTION( '', ( 0.000000000000000, -1.00000000000000, 0.000000000000000 ) );
#3519 = DIRECTION( '', ( 0.000000000000000, 0.000000000000000, -1.00000000000000 ) );
#3520 = SURFACE_STYLE_FILL_AREA( #6557 );
#3521 = ORIENTED_EDGE( '', *, *, #6558, .F. );
#3522 = ORIENTED_EDGE( '', *, *, #6559, .F. );
#3523 = ORIENTED_EDGE( '', *, *, #6560, .T. );
#3524 = ORIENTED_EDGE( '', *, *, #6561, .T. );
#3525 = CARTESIAN_POINT( '', ( 3.32500000000000, -2.00000000000000, 0.860000000000000 ) );
#3526 = DIRECTION( '', ( 0.000000000000000, -1.00000000000000, 0.000000000000000 ) );
#3527 = DIRECTION( '', ( 0.000000000000000, 0.000000000000000, -1.00000000000000 ) );
#3528 = SURFACE_STYLE_FILL_AREA( #6562 );
#3529 = ORIENTED_EDGE( '', *, *, #6563, .T. );
#3530 = ORIENTED_EDGE( '', *, *, #6564, .T. );
#3531 = ORIENTED_EDGE( '', *, *, #6565, .F. );
#3532 = ORIENTED_EDGE( '', *, *, #6566, .T. );
#3533 = CARTESIAN_POINT( '', ( 1.40000000000002, 3.45000000000000, -2.60000000000000 ) );
#3534 = DIRECTION( '', ( 0.000000000000000, -1.00000000000000, 0.000000000000000 ) );
#3535 = DIRECTION( '', ( 0.000000000000000, 0.000000000000000, -1.00000000000000 ) );
#3536 = SURFACE_STYLE_FILL_AREA( #6567 );
#3537 = ORIENTED_EDGE( '', *, *, #6531, .T. );
#3538 = ORIENTED_EDGE( '', *, *, #6568, .T. );
#3539 = ORIENTED_EDGE( '', *, *, #6569, .T. );
#3540 = ORIENTED_EDGE( '', *, *, #6570, .F. );
#3541 = CARTESIAN_POINT( '', ( -2.25000000000000, 3.45000000000000, -5.20000000000000 ) );
#3542 = DIRECTION( '', ( 1.00000000000000, -8.67361737988392E-016, 0.000000000000000 ) );
#3543 = DIRECTION( '', ( 8.67361737988392E-016, 1.00000000000000, 0.000000000000000 ) );
#3544 = SURFACE_STYLE_FILL_AREA( #6571 );
#3545 = ORIENTED_EDGE( '', *, *, #6572, .T. );
#3546 = ORIENTED_EDGE( '', *, *, #6573, .T. );
#3547 = ORIENTED_EDGE( '', *, *, #6574, .T. );
#3548 = ORIENTED_EDGE( '', *, *, #6575, .T. );
#3549 = CARTESIAN_POINT( '', ( -3.07500000000000, -3.22500000000000, 8.55000000000000 ) );
#3550 = DIRECTION( '', ( 0.000000000000000, 1.00000000000000, 0.000000000000000 ) );
#3551 = DIRECTION( '', ( 0.000000000000000, 0.000000000000000, 1.00000000000000 ) );
#3552 = SURFACE_STYLE_FILL_AREA( #6576 );
#3553 = ORIENTED_EDGE( '', *, *, #6577, .F. );
#3554 = ORIENTED_EDGE( '', *, *, #6578, .T. );
#3555 = ORIENTED_EDGE( '', *, *, #6579, .T. );
#3556 = ORIENTED_EDGE( '', *, *, #6580, .T. );
#3557 = ORIENTED_EDGE( '', *, *, #6510, .F. );
#3558 = ORIENTED_EDGE( '', *, *, #6581, .F. );
#3559 = ORIENTED_EDGE( '', *, *, #6582, .F. );
#3560 = ORIENTED_EDGE( '', *, *, #6583, .T. );
#3561 = CARTESIAN_POINT( '', ( 5.00000000000000, 2.00000000000000, 3.34435389988899 ) );
#3562 = DIRECTION( '', ( 0.000000000000000, 1.00000000000000, 0.000000000000000 ) );
#3563 = DIRECTION( '', ( 0.000000000000000, 0.000000000000000, 1.00000000000000 ) );
#3564 = SURFACE_STYLE_FILL_AREA( #6584 );
#3565 = ORIENTED_EDGE( '', *, *, #6482, .F. );
#3566 = ORIENTED_EDGE( '', *, *, #6585, .F. );
#3567 = ORIENTED_EDGE( '', *, *, #6586, .F. );
#3568 = ORIENTED_EDGE( '', *, *, #6587, .F. );
#3569 = CARTESIAN_POINT( '', ( 3.47500000000000, -3.35000000000000, 2.99435389988899 ) );
#3570 = DIRECTION( '', ( -0.000000000000000, 1.00000000000000, -0.000000000000000 ) );
#3571 = DIRECTION( '', ( 0.000000000000000, 0.000000000000000, -1.00000000000000 ) );
#3572 = SURFACE_STYLE_FILL_AREA( #6588 );
#3573 = ORIENTED_EDGE( '', *, *, #6589, .F. );
#3574 = ORIENTED_EDGE( '', *, *, #6590, .F. );
#3575 = ORIENTED_EDGE( '', *, *, #6591, .T. );
#3576 = ORIENTED_EDGE( '', *, *, #6592, .F. );
#3577 = CARTESIAN_POINT( '', ( 3.30000000000000, 3.45000000000000, -2.00000000000000 ) );
#3578 = DIRECTION( '', ( 0.000000000000000, 1.00000000000000, 0.000000000000000 ) );
#3579 = DIRECTION( '', ( 0.000000000000000, 0.000000000000000, 1.00000000000000 ) );
#3580 = SURFACE_STYLE_FILL_AREA( #6593 );
#3581 = ORIENTED_EDGE( '', *, *, #6594, .T. );
#3582 = ORIENTED_EDGE( '', *, *, #6595, .F. );
#3583 = ORIENTED_EDGE( '', *, *, #6596, .T. );
#3584 = ORIENTED_EDGE( '', *, *, #6597, .F. );
#3585 = CARTESIAN_POINT( '', ( 5.00000000000000, 2.65000000000000, 2.49435389988899 ) );
#3586 = DIRECTION( '', ( 0.000000000000000, 1.00000000000000, 0.000000000000000 ) );
#3587 = DIRECTION( '', ( 0.000000000000000, 0.000000000000000, 1.00000000000000 ) );
#3588 = SURFACE_STYLE_FILL_AREA( #6598 );
#3589 = ORIENTED_EDGE( '', *, *, #6599, .T. );
#3590 = ORIENTED_EDGE( '', *, *, #6600, .T. );
#3591 = ORIENTED_EDGE( '', *, *, #6601, .T. );
#3592 = ORIENTED_EDGE( '', *, *, #6602, .T. );
#3593 = ORIENTED_EDGE( '', *, *, #6603, .T. );
#3594 = ORIENTED_EDGE( '', *, *, #6604, .T. );
#3595 = ORIENTED_EDGE( '', *, *, #6605, .T. );
#3596 = ORIENTED_EDGE( '', *, *, #6606, .T. );
#3597 = ORIENTED_EDGE( '', *, *, #6607, .F. );
#3598 = ORIENTED_EDGE( '', *, *, #6608, .T. );
#3599 = CARTESIAN_POINT( '', ( 1.83002540378444, -4.45000000000000, 0.850000000000000 ) );
#3600 = DIRECTION( '', ( -7.22801448323669E-017, -6.97630140850492E-032, 1.00000000000000 ) );
#3601 = DIRECTION( '', ( 1.00000000000000, 2.44775235369814E-016, 7.22801448323669E-017 ) );
#3602 = SURFACE_STYLE_FILL_AREA( #6609 );
#3603 = ORIENTED_EDGE( '', *, *, #6610, .F. );
#3604 = ORIENTED_EDGE( '', *, *, #6611, .T. );
#3605 = ORIENTED_EDGE( '', *, *, #6558, .T. );
#3606 = ORIENTED_EDGE( '', *, *, #6612, .F. );
#3607 = CARTESIAN_POINT( '', ( 3.32500000000000, 3.95000000000000, 0.850000000000000 ) );
#3608 = DIRECTION( '', ( 0.000000000000000, 0.000000000000000, -1.00000000000000 ) );
#3609 = DIRECTION( '', ( -1.00000000000000, 0.000000000000000, 0.000000000000000 ) );
#3610 = SURFACE_STYLE_FILL_AREA( #6613 );
#3611 = ORIENTED_EDGE( '', *, *, #6614, .T. );
#3612 = ORIENTED_EDGE( '', *, *, #6615, .F. );
#3613 = ORIENTED_EDGE( '', *, *, #6616, .T. );
#3614 = ORIENTED_EDGE( '', *, *, #6617, .F. );
#3615 = CARTESIAN_POINT( '', ( -1.14999999999999, 1.65000000000000, 14.0500000000000 ) );
#3616 = DIRECTION( '', ( 0.707106781186548, 0.000000000000000, -0.707106781186547 ) );
#3617 = DIRECTION( '', ( -0.707106781186547, 0.000000000000000, -0.707106781186548 ) );
#3618 = SURFACE_STYLE_FILL_AREA( #6618 );
#3619 = ORIENTED_EDGE( '', *, *, #6619, .F. );
#3620 = ORIENTED_EDGE( '', *, *, #6620, .T. );
#3621 = ORIENTED_EDGE( '', *, *, #6621, .T. );
#3622 = ORIENTED_EDGE( '', *, *, #6622, .T. );
#3623 = ORIENTED_EDGE( '', *, *, #6623, .T. );
#3624 = ORIENTED_EDGE( '', *, *, #6624, .F. );
#3625 = ORIENTED_EDGE( '', *, *, #6471, .F. );
#3626 = ORIENTED_EDGE( '', *, *, #6625, .T. );
#3627 = CARTESIAN_POINT( '', ( -4.17500000000000, -3.35000000000000, 3.69435389988899 ) );
#3628 = DIRECTION( '', ( 1.00000000000000, 0.000000000000000, 0.000000000000000 ) );
#3629 = DIRECTION( '', ( 0.000000000000000, 0.000000000000000, -1.00000000000000 ) );
#3630 = SURFACE_STYLE_FILL_AREA( #6626 );
#3631 = ORIENTED_EDGE( '', *, *, #6627, .F. );
#3632 = ORIENTED_EDGE( '', *, *, #6628, .F. );
#3633 = ORIENTED_EDGE( '', *, *, #6629, .T. );
#3634 = ORIENTED_EDGE( '', *, *, #6630, .T. );
#3635 = ORIENTED_EDGE( '', *, *, #6631, .F. );
#3636 = ORIENTED_EDGE( '', *, *, #6632, .F. );
#3637 = CARTESIAN_POINT( '', ( 1.27500000000000, -3.95000000000000, 5.50000000000000 ) );
#3638 = DIRECTION( '', ( -1.73082228796529E-016, 0.707106781186550, -0.707106781186545 ) );
#3639 = DIRECTION( '', ( 1.73082228796528E-016, -0.707106781186545, -0.707106781186550 ) );
#3640 = SURFACE_STYLE_FILL_AREA( #6633 );
#3641 = ORIENTED_EDGE( '', *, *, #6634, .F. );
#3642 = ORIENTED_EDGE( '', *, *, #6635, .T. );
#3643 = ORIENTED_EDGE( '', *, *, #6636, .T. );
#3644 = ORIENTED_EDGE( '', *, *, #6637, .F. );
#3645 = CARTESIAN_POINT( '', ( -0.525000000000000, -3.45000000000000, 4.50000000000000 ) );
#3646 = DIRECTION( '', ( 1.00000000000000, 2.44775235369814E-016, 0.000000000000000 ) );
#3647 = DIRECTION( '', ( 0.000000000000000, 0.000000000000000, -1.00000000000000 ) );
#3648 = SURFACE_STYLE_FILL_AREA( #6638 );
#3649 = ORIENTED_EDGE( '', *, *, #6639, .F. );
#3650 = ORIENTED_EDGE( '', *, *, #6536, .T. );
#3651 = ORIENTED_EDGE( '', *, *, #6640, .T. );
#3652 = ORIENTED_EDGE( '', *, *, #6641, .F. );
#3653 = CARTESIAN_POINT( '', ( -1.00000000000000, 3.00000000000000, 2.16840434497101E-016 ) );
#3654 = DIRECTION( '', ( -1.08420217248550E-016, -1.00000000000000, 4.42339956156604E-032 ) );
#3655 = DIRECTION( '', ( 1.00000000000000, -1.08420217248550E-016, 0.000000000000000 ) );
#3656 = SURFACE_STYLE_FILL_AREA( #6642 );
#3657 = ORIENTED_EDGE( '', *, *, #6643, .F. );
#3658 = ORIENTED_EDGE( '', *, *, #6644, .F. );
#3659 = ORIENTED_EDGE( '', *, *, #6645, .T. );
#3660 = ORIENTED_EDGE( '', *, *, #6646, .T. );
#3661 = CARTESIAN_POINT( '', ( -3.32500000000000, -2.00000000000000, 0.860000000000000 ) );
#3662 = DIRECTION( '', ( -1.00000000000000, -1.20466908053945E-016, 0.000000000000000 ) );
#3663 = DIRECTION( '', ( 1.20466908053945E-016, -1.00000000000000, 0.000000000000000 ) );
#3664 = SURFACE_STYLE_FILL_AREA( #6647 );
#3665 = ORIENTED_EDGE( '', *, *, #6493, .T. );
#3666 = ORIENTED_EDGE( '', *, *, #6648, .T. );
#3667 = ORIENTED_EDGE( '', *, *, #6649, .T. );
#3668 = ORIENTED_EDGE( '', *, *, #6650, .F. );
#3669 = CARTESIAN_POINT( '', ( 1.83002540378444, 4.45000000000000, 0.000000000000000 ) );
#3670 = DIRECTION( '', ( -0.000000000000000, -0.000000000000000, -1.00000000000000 ) );
#3671 = DIRECTION( '', ( 1.00000000000000, 0.000000000000000, 0.000000000000000 ) );
#3672 = SURFACE_STYLE_FILL_AREA( #6651 );
#3673 = ORIENTED_EDGE( '', *, *, #6566, .F. );
#3674 = ORIENTED_EDGE( '', *, *, #6652, .F. );
#3675 = ORIENTED_EDGE( '', *, *, #6653, .T. );
#3676 = ORIENTED_EDGE( '', *, *, #6654, .F. );
#3677 = ORIENTED_EDGE( '', *, *, #6655, .T. );
#3678 = ORIENTED_EDGE( '', *, *, #6656, .T. );
#3679 = ORIENTED_EDGE( '', *, *, #6657, .F. );
#3680 = CARTESIAN_POINT( '', ( 0.500000000000000, -3.95000000000000, -4.40000000000000 ) );
#3681 = DIRECTION( '', ( -0.999741835544943, -1.92697292448439E-016, -0.0227214053532970 ) );
#3682 = DIRECTION( '', ( -0.0227214053532970, 0.000000000000000, 0.999741835544943 ) );
#3683 = SURFACE_STYLE_FILL_AREA( #6658 );
#3684 = ORIENTED_EDGE( '', *, *, #6659, .F. );
#3685 = ORIENTED_EDGE( '', *, *, #6568, .F. );
#3686 = ORIENTED_EDGE( '', *, *, #6660, .F. );
#3687 = ORIENTED_EDGE( '', *, *, #6661, .F. );
#3688 = ORIENTED_EDGE( '', *, *, #6662, .T. );
#3689 = CARTESIAN_POINT( '', ( -2.25000000000000, 3.70000000000000, -5.20000000000000 ) );
#3690 = DIRECTION( '', ( 0.707106781186548, 0.707106781186548, 0.000000000000000 ) );
#3691 = DIRECTION( '', ( -0.707106781186548, 0.707106781186548, 0.000000000000000 ) );
#3692 = SURFACE_STYLE_FILL_AREA( #6663 );
#3693 = ORIENTED_EDGE( '', *, *, #6664, .T. );
#3694 = ORIENTED_EDGE( '', *, *, #6665, .F. );
#3695 = ORIENTED_EDGE( '', *, *, #6666, .T. );
#3696 = ORIENTED_EDGE( '', *, *, #6667, .T. );
#3697 = CARTESIAN_POINT( '', ( 0.750000000000019, -1.65000000000000, 13.8500000000000 ) );
#3698 = DIRECTION( '', ( 1.00000000000000, 0.000000000000000, 0.000000000000000 ) );
#3699 = DIRECTION( '', ( 0.000000000000000, 0.000000000000000, -1.00000000000000 ) );
#3700 = SURFACE_STYLE_FILL_AREA( #6668 );
#3701 = ORIENTED_EDGE( '', *, *, #6669, .F. );
#3702 = ORIENTED_EDGE( '', *, *, #6670, .T. );
#3703 = ORIENTED_EDGE( '', *, *, #6671, .T. );
#3704 = ORIENTED_EDGE( '', *, *, #6672, .T. );
#3705 = ORIENTED_EDGE( '', *, *, #6673, .T. );
#3706 = CARTESIAN_POINT( '', ( -2.45000000000000, 3.22500000000000, 0.000000000000000 ) );
#3707 = DIRECTION( '', ( -1.00000000000000, -2.31296463463566E-015, 0.000000000000000 ) );
#3708 = DIRECTION( '', ( 2.31296463463566E-015, -1.00000000000000, 0.000000000000000 ) );
#3709 = SURFACE_STYLE_FILL_AREA( #6674 );
#3710 = ORIENTED_EDGE( '', *, *, #6444, .F. );
#3711 = ORIENTED_EDGE( '', *, *, #6675, .F. );
#3712 = ORIENTED_EDGE( '', *, *, #6676, .F. );
#3713 = ORIENTED_EDGE( '', *, *, #6677, .F. );
#3714 = CARTESIAN_POINT( '', ( -1.17500000000000, 3.95000000000000, 4.50000000000000 ) );
#3715 = DIRECTION( '', ( 0.707106781186547, -0.707106781186548, 0.000000000000000 ) );
#3716 = DIRECTION( '', ( 0.707106781186548, 0.707106781186547, 0.000000000000000 ) );
#3717 = SURFACE_STYLE_FILL_AREA( #6678 );
#3718 = ORIENTED_EDGE( '', *, *, #6679, .F. );
#3719 = ORIENTED_EDGE( '', *, *, #6680, .F. );
#3720 = ORIENTED_EDGE( '', *, *, #6681, .T. );
#3721 = ORIENTED_EDGE( '', *, *, #6682, .T. );
#3722 = CARTESIAN_POINT( '', ( -2.95000000000000, -1.75000000000000, -2.60000000000000 ) );
#3723 = DIRECTION( '', ( 1.00000000000000, 0.000000000000000, 0.000000000000000 ) );
#3724 = DIRECTION( '', ( 0.000000000000000, 0.000000000000000, -1.00000000000000 ) );
#3725 = SURFACE_STYLE_FILL_AREA( #6683 );
#3726 = ORIENTED_EDGE( '', *, *, #6684, .T. );
#3727 = ORIENTED_EDGE( '', *, *, #6685, .F. );
#3728 = ORIENTED_EDGE( '', *, *, #6686, .T. );
#3729 = ORIENTED_EDGE( '', *, *, #6687, .F. );
#3730 = ORIENTED_EDGE( '', *, *, #6688, .F. );
#3731 = CARTESIAN_POINT( '', ( 2.25000000000000, -3.70000000000000, -5.20000000000000 ) );
#3732 = DIRECTION( '', ( -0.707106781186547, -0.707106781186548, 0.000000000000000 ) );
#3733 = DIRECTION( '', ( 0.707106781186548, -0.707106781186547, 0.000000000000000 ) );
#3734 = SURFACE_STYLE_FILL_AREA( #6689 );
#3735 = ORIENTED_EDGE( '', *, *, #6690, .T. );
#3736 = ORIENTED_EDGE( '', *, *, #6691, .T. );
#3737 = ORIENTED_EDGE( '', *, *, #6692, .F. );
#3738 = ORIENTED_EDGE( '', *, *, #6693, .T. );
#3739 = ORIENTED_EDGE( '', *, *, #6694, .F. );
#3740 = ORIENTED_EDGE( '', *, *, #6695, .F. );
#3741 = ORIENTED_EDGE( '', *, *, #6696, .F. );
#3742 = ORIENTED_EDGE( '', *, *, #6450, .T. );
#3743 = CARTESIAN_POINT( '', ( 5.00000000000000, 2.00000000000000, 3.34435389988899 ) );
#3744 = DIRECTION( '', ( 0.000000000000000, 1.00000000000000, 0.000000000000000 ) );
#3745 = DIRECTION( '', ( 0.000000000000000, 0.000000000000000, 1.00000000000000 ) );
#3746 = SURFACE_STYLE_FILL_AREA( #6697 );
#3747 = ORIENTED_EDGE( '', *, *, #6698, .T. );
#3748 = CARTESIAN_POINT( '', ( -2.40000000000000, -2.50000000000000, 1.35525271560688E-016 ) );
#3749 = DIRECTION( '', ( -7.22801448323669E-017, -6.97630140850492E-032, 1.00000000000000 ) );
#3750 = DIRECTION( '', ( 1.00000000000000, 2.44775235369814E-016, 7.22801448323669E-017 ) );
#3751 = SURFACE_STYLE_FILL_AREA( #6699 );
#3752 = ORIENTED_EDGE( '', *, *, #6700, .F. );
#3753 = ORIENTED_EDGE( '', *, *, #6701, .F. );
#3754 = ORIENTED_EDGE( '', *, *, #6702, .T. );
#3755 = ORIENTED_EDGE( '', *, *, #6703, .F. );
#3756 = CARTESIAN_POINT( '', ( 5.00000000000000, -2.65000000000000, 2.49435389988899 ) );
#3757 = DIRECTION( '', ( 0.000000000000000, -0.474099823035018, 0.880471099922175 ) );
#3758 = DIRECTION( '', ( 0.000000000000000, -0.880471099922175, -0.474099823035018 ) );
#3759 = SURFACE_STYLE_FILL_AREA( #6704 );
#3760 = ORIENTED_EDGE( '', *, *, #6705, .F. );
#3761 = ORIENTED_EDGE( '', *, *, #6706, .F. );
#3762 = ORIENTED_EDGE( '', *, *, #6707, .F. );
#3763 = ORIENTED_EDGE( '', *, *, #6708, .F. );
#3764 = ORIENTED_EDGE( '', *, *, #6630, .F. );
#3765 = ORIENTED_EDGE( '', *, *, #6709, .F. );
#3766 = ORIENTED_EDGE( '', *, *, #6710, .F. );
#3767 = ORIENTED_EDGE( '', *, *, #6711, .T. );
#3768 = ORIENTED_EDGE( '', *, *, #6635, .F. );
#3769 = ORIENTED_EDGE( '', *, *, #6712, .F. );
#3770 = ORIENTED_EDGE( '', *, *, #6713, .T. );
#3771 = ORIENTED_EDGE( '', *, *, #6714, .F. );
#3772 = ORIENTED_EDGE( '', *, *, #6715, .T. );
#3773 = ORIENTED_EDGE( '', *, *, #6716, .T. );
#3774 = ORIENTED_EDGE( '', *, *, #6599, .F. );
#3775 = ORIENTED_EDGE( '', *, *, #6717, .T. );
#3776 = ORIENTED_EDGE( '', *, *, #6718, .T. );
#3777 = ORIENTED_EDGE( '', *, *, #6719, .T. );
#3778 = ORIENTED_EDGE( '', *, *, #6720, .F. );
#3779 = ORIENTED_EDGE( '', *, *, #6721, .F. );
#3780 = CARTESIAN_POINT( '', ( -1.82997459621556, -3.45000000000000, 0.000000000000000 ) );
#3781 = DIRECTION( '', ( -2.44775235369814E-016, 1.00000000000000, 0.000000000000000 ) );
#3782 = DIRECTION( '', ( 0.000000000000000, 0.000000000000000, -1.00000000000000 ) );
#3783 = SURFACE_STYLE_FILL_AREA( #6722 );
#3784 = ORIENTED_EDGE( '', *, *, #6693, .F. );
#3785 = ORIENTED_EDGE( '', *, *, #6723, .F. );
#3786 = ORIENTED_EDGE( '', *, *, #6724, .F. );
#3787 = ORIENTED_EDGE( '', *, *, #6725, .F. );
#3788 = CARTESIAN_POINT( '', ( -3.47500000000000, -3.35000000000000, 2.99435389988899 ) );
#3789 = DIRECTION( '', ( -0.000000000000000, -1.00000000000000, -0.000000000000000 ) );
#3790 = DIRECTION( '', ( 0.000000000000000, 0.000000000000000, 1.00000000000000 ) );
#3791 = SURFACE_STYLE_FILL_AREA( #6726 );
#3792 = ORIENTED_EDGE( '', *, *, #6727, .T. );
#3793 = ORIENTED_EDGE( '', *, *, #6728, .F. );
#3794 = ORIENTED_EDGE( '', *, *, #6729, .T. );
#3795 = ORIENTED_EDGE( '', *, *, #6730, .F. );
#3796 = CARTESIAN_POINT( '', ( 3.90000000000000, -3.45000000000000, 6.70000000000000 ) );
#3797 = DIRECTION( '', ( -1.73082228796529E-016, 0.707106781186549, 0.707106781186546 ) );
#3798 = DIRECTION( '', ( -1.73082228796528E-016, 0.707106781186546, -0.707106781186549 ) );
#3799 = SURFACE_STYLE_FILL_AREA( #6731 );
#3800 = ORIENTED_EDGE( '', *, *, #6732, .T. );
#3801 = ORIENTED_EDGE( '', *, *, #6733, .T. );
#3802 = ORIENTED_EDGE( '', *, *, #6628, .T. );
#3803 = ORIENTED_EDGE( '', *, *, #6734, .T. );
#3804 = CARTESIAN_POINT( '', ( 1.27500000000000, -3.85000000000000, 4.50000000000000 ) );
#3805 = DIRECTION( '', ( -0.707106781186547, 0.707106781186548, 0.000000000000000 ) );
#3806 = DIRECTION( '', ( 0.707106781186548, 0.707106781186547, 0.000000000000000 ) );
#3807 = SURFACE_STYLE_FILL_AREA( #6735 );
#3808 = ORIENTED_EDGE( '', *, *, #6736, .T. );
#3809 = ORIENTED_EDGE( '', *, *, #6737, .F. );
#3810 = ORIENTED_EDGE( '', *, *, #6604, .F. );
#3811 = ORIENTED_EDGE( '', *, *, #6738, .T. );
#3812 = CARTESIAN_POINT( '', ( -1.82997459621556, -3.30000000000000, 0.850000000000000 ) );
#3813 = DIRECTION( '', ( 2.44775235369814E-016, -1.00000000000000, -5.20706246211423E-032 ) );
#3814 = DIRECTION( '', ( 1.27455993974933E-047, -5.20706246211423E-032, 1.00000000000000 ) );
#3815 = SURFACE_STYLE_FILL_AREA( #6739 );
#3816 = ORIENTED_EDGE( '', *, *, #6740, .T. );
#3817 = ORIENTED_EDGE( '', *, *, #6741, .T. );
#3818 = ORIENTED_EDGE( '', *, *, #6742, .F. );
#3819 = ORIENTED_EDGE( '', *, *, #6743, .F. );
#3820 = CARTESIAN_POINT( '', ( 3.07500000000000, -3.22500000000000, 8.55000000000000 ) );
#3821 = DIRECTION( '', ( -1.00000000000000, 0.000000000000000, 0.000000000000000 ) );
#3822 = DIRECTION( '', ( 0.000000000000000, 0.000000000000000, 1.00000000000000 ) );
#3823 = SURFACE_STYLE_FILL_AREA( #6744 );
#3824 = ORIENTED_EDGE( '', *, *, #6456, .F. );
#3825 = ORIENTED_EDGE( '', *, *, #6745, .T. );
#3826 = ORIENTED_EDGE( '', *, *, #6746, .F. );
#3827 = ORIENTED_EDGE( '', *, *, #6747, .F. );
#3828 = ORIENTED_EDGE( '', *, *, #6748, .F. );
#3829 = ORIENTED_EDGE( '', *, *, #6749, .F. );
#3830 = CARTESIAN_POINT( '', ( 2.37500000000000, 2.35000000000000, 2.85000000000000 ) );
#3831 = DIRECTION( '', ( -0.000000000000000, -0.000000000000000, -1.00000000000000 ) );
#3832 = DIRECTION( '', ( 1.00000000000000, 0.000000000000000, 0.000000000000000 ) );
#3833 = SURFACE_STYLE_FILL_AREA( #6750 );
#3834 = ORIENTED_EDGE( '', *, *, #6751, .F. );
#3835 = ORIENTED_EDGE( '', *, *, #6752, .T. );
#3836 = ORIENTED_EDGE( '', *, *, #6753, .F. );
#3837 = ORIENTED_EDGE( '', *, *, #6754, .T. );
#3838 = ORIENTED_EDGE( '', *, *, #6755, .T. );
#3839 = ORIENTED_EDGE( '', *, *, #6756, .T. );
#3840 = ORIENTED_EDGE( '', *, *, #6757, .F. );
#3841 = CARTESIAN_POINT( '', ( -0.400000000000017, -3.95000000000000, 0.000000000000000 ) );
#3842 = DIRECTION( '', ( 0.999741835544943, 1.92697292448439E-016, -0.0227214053532912 ) );
#3843 = DIRECTION( '', ( -0.0227214053532912, 0.000000000000000, -0.999741835544943 ) );
#3844 = SURFACE_STYLE_FILL_AREA( #6758 );
#3845 = ORIENTED_EDGE( '', *, *, #6759, .F. );
#3846 = ORIENTED_EDGE( '', *, *, #6583, .F. );
#3847 = ORIENTED_EDGE( '', *, *, #6760, .F. );
#3848 = ORIENTED_EDGE( '', *, *, #6761, .F. );
#3849 = CARTESIAN_POINT( '', ( 3.47500000000000, -3.35000000000000, 2.99435389988899 ) );
#3850 = DIRECTION( '', ( -0.000000000000000, -1.00000000000000, -0.000000000000000 ) );
#3851 = DIRECTION( '', ( 0.000000000000000, 0.000000000000000, 1.00000000000000 ) );
#3852 = SURFACE_STYLE_FILL_AREA( #6762 );
#3853 = ORIENTED_EDGE( '', *, *, #6653, .F. );
#3854 = ORIENTED_EDGE( '', *, *, #6763, .F. );
#3855 = ORIENTED_EDGE( '', *, *, #6752, .F. );
#3856 = ORIENTED_EDGE( '', *, *, #6764, .F. );
#3857 = CARTESIAN_POINT( '', ( 2.25000000000000, 3.45000000000000, -2.80000000000000 ) );
#3858 = DIRECTION( '', ( 1.36292748149633E-016, 0.707106781186548, 0.707106781186547 ) );
#3859 = DIRECTION( '', ( 0.000000000000000, -0.707106781186547, 0.707106781186548 ) );
#3860 = SURFACE_STYLE_FILL_AREA( #6765 );
#3861 = ORIENTED_EDGE( '', *, *, #6766, .T. );
#3862 = ORIENTED_EDGE( '', *, *, #6767, .F. );
#3863 = ORIENTED_EDGE( '', *, *, #6768, .F. );
#3864 = ORIENTED_EDGE( '', *, *, #6439, .T. );
#3865 = CARTESIAN_POINT( '', ( 2.90000000000000, -1.75000000000000, -2.60000000000000 ) );
#3866 = DIRECTION( '', ( 0.000000000000000, -1.00000000000000, 0.000000000000000 ) );
#3867 = DIRECTION( '', ( 0.000000000000000, 0.000000000000000, -1.00000000000000 ) );
#3868 = SURFACE_STYLE_FILL_AREA( #6769 );
#3869 = ORIENTED_EDGE( '', *, *, #6770, .T. );
#3870 = ORIENTED_EDGE( '', *, *, #6771, .F. );
#3871 = ORIENTED_EDGE( '', *, *, #6772, .F. );
#3872 = ORIENTED_EDGE( '', *, *, #6643, .T. );
#3873 = ORIENTED_EDGE( '', *, *, #6773, .F. );
#3874 = ORIENTED_EDGE( '', *, *, #6774, .F. );
#3875 = ORIENTED_EDGE( '', *, *, #6775, .F. );
#3876 = ORIENTED_EDGE( '', *, *, #6776, .T. );
#3877 = CARTESIAN_POINT( '', ( -3.32500000000000, 3.95000000000000, 0.850000000000000 ) );
#3878 = DIRECTION( '', ( -0.894427190999916, 6.44345450905127E-016, -0.447213595499958 ) );
#3879 = DIRECTION( '', ( -0.447213595499958, 0.000000000000000, 0.894427190999916 ) );
#3880 = SURFACE_STYLE_FILL_AREA( #6777 );
#3881 = ORIENTED_EDGE( '', *, *, #6778, .T. );
#3882 = ORIENTED_EDGE( '', *, *, #6779, .T. );
#3883 = ORIENTED_EDGE( '', *, *, #6780, .T. );
#3884 = ORIENTED_EDGE( '', *, *, #6781, .T. );
#3885 = CARTESIAN_POINT( '', ( -1.17500000000000, -3.95000000000000, 4.50000000000000 ) );
#3886 = DIRECTION( '', ( 0.707106781186546, 0.707106781186549, 0.000000000000000 ) );
#3887 = DIRECTION( '', ( 0.707106781186549, -0.707106781186546, 0.000000000000000 ) );
#3888 = SURFACE_STYLE_FILL_AREA( #6782 );
#3889 = ORIENTED_EDGE( '', *, *, #6783, .F. );
#3890 = ORIENTED_EDGE( '', *, *, #6784, .T. );
#3891 = ORIENTED_EDGE( '', *, *, #6785, .T. );
#3892 = ORIENTED_EDGE( '', *, *, #6786, .F. );
#3893 = CARTESIAN_POINT( '', ( 3.40000000000000, 3.95000000000000, 6.80000000000000 ) );
#3894 = DIRECTION( '', ( -1.00000000000000, 0.000000000000000, 0.000000000000000 ) );
#3895 = DIRECTION( '', ( 0.000000000000000, 0.000000000000000, 1.00000000000000 ) );
#3896 = SURFACE_STYLE_FILL_AREA( #6787 );
#3897 = ORIENTED_EDGE( '', *, *, #6788, .F. );
#3898 = ORIENTED_EDGE( '', *, *, #6789, .T. );
#3899 = ORIENTED_EDGE( '', *, *, #6433, .F. );
#3900 = CARTESIAN_POINT( '', ( -2.37500000000000, 2.35000000000000, 8.05000000000000 ) );
#3901 = DIRECTION( '', ( 0.000000000000000, 0.000000000000000, 1.00000000000000 ) );
#3902 = DIRECTION( '', ( 1.00000000000000, 0.000000000000000, 0.000000000000000 ) );
#3903 = SURFACE_STYLE_FILL_AREA( #6790 );
#3904 = ORIENTED_EDGE( '', *, *, #6791, .F. );
#3905 = ORIENTED_EDGE( '', *, *, #6792, .F. );
#3906 = ORIENTED_EDGE( '', *, *, #6793, .T. );
#3907 = ORIENTED_EDGE( '', *, *, #6794, .T. );
#3908 = ORIENTED_EDGE( '', *, *, #6795, .F. );
#3909 = CARTESIAN_POINT( '', ( -2.69600000000000, 3.45000000000000, 3.50000000000000 ) );
#3910 = DIRECTION( '', ( -3.63826232377686E-017, -8.09151162156109E-033, 1.00000000000000 ) );
#3911 = DIRECTION( '', ( 1.00000000000000, 0.000000000000000, 3.63826232377686E-017 ) );
#3912 = SURFACE_STYLE_FILL_AREA( #6796 );
#3913 = ORIENTED_EDGE( '', *, *, #6797, .T. );
#3914 = ORIENTED_EDGE( '', *, *, #6798, .T. );
#3915 = ORIENTED_EDGE( '', *, *, #6799, .T. );
#3916 = ORIENTED_EDGE( '', *, *, #6800, .F. );
#3917 = CARTESIAN_POINT( '', ( 1.65000000000000, 1.65000000000000, 14.0500000000000 ) );
#3918 = DIRECTION( '', ( 1.31418445149758E-016, -1.00000000000000, 0.000000000000000 ) );
#3919 = DIRECTION( '', ( 1.00000000000000, 1.31418445149758E-016, 0.000000000000000 ) );
#3920 = SURFACE_STYLE_FILL_AREA( #6801 );
#3921 = ORIENTED_EDGE( '', *, *, #6802, .F. );
#3922 = ORIENTED_EDGE( '', *, *, #6803, .F. );
#3923 = ORIENTED_EDGE( '', *, *, #6804, .T. );
#3924 = ORIENTED_EDGE( '', *, *, #6805, .T. );
#3925 = CARTESIAN_POINT( '', ( 3.82500000000000, -3.35000000000000, -1.00564610011101 ) );
#3926 = DIRECTION( '', ( 0.000000000000000, 0.000000000000000, 1.00000000000000 ) );
#3927 = DIRECTION( '', ( 1.00000000000000, 0.000000000000000, 0.000000000000000 ) );
#3928 = SURFACE_STYLE_FILL_AREA( #6806 );
#3929 = ORIENTED_EDGE( '', *, *, #6807, .T. );
#3930 = ORIENTED_EDGE( '', *, *, #6808, .T. );
#3931 = ORIENTED_EDGE( '', *, *, #6809, .T. );
#3932 = ORIENTED_EDGE( '', *, *, #6810, .T. );
#3933 = CARTESIAN_POINT( '', ( -0.278949192431130, 3.95000000000000, 2.20000000000000 ) );
#3934 = DIRECTION( '', ( -2.22400445638052E-016, 1.00000000000000, 0.000000000000000 ) );
#3935 = DIRECTION( '', ( -1.00000000000000, -2.22400445638052E-016, 0.000000000000000 ) );
#3936 = SURFACE_STYLE_FILL_AREA( #6811 );
#3937 = ORIENTED_EDGE( '', *, *, #6812, .F. );
#3938 = ORIENTED_EDGE( '', *, *, #6813, .T. );
#3939 = ORIENTED_EDGE( '', *, *, #6814, .T. );
#3940 = ORIENTED_EDGE( '', *, *, #6815, .T. );
#3941 = ORIENTED_EDGE( '', *, *, #6816, .F. );
#3942 = ORIENTED_EDGE( '', *, *, #6817, .T. );
#3943 = ORIENTED_EDGE( '', *, *, #6621, .F. );
#3944 = ORIENTED_EDGE( '', *, *, #6818, .T. );
#3945 = CARTESIAN_POINT( '', ( 5.00000000000000, -2.00000000000000, 2.84435389988899 ) );
#3946 = DIRECTION( '', ( 0.000000000000000, -1.00000000000000, 0.000000000000000 ) );
#3947 = DIRECTION( '', ( 0.000000000000000, 0.000000000000000, -1.00000000000000 ) );
#3948 = SURFACE_STYLE_FILL_AREA( #6819 );
#3949 = ORIENTED_EDGE( '', *, *, #6483, .F. );
#3950 = ORIENTED_EDGE( '', *, *, #6587, .T. );
#3951 = ORIENTED_EDGE( '', *, *, #6820, .T. );
#3952 = ORIENTED_EDGE( '', *, *, #6703, .T. );
#3953 = ORIENTED_EDGE( '', *, *, #6821, .T. );
#3954 = ORIENTED_EDGE( '', *, *, #6822, .F. );
#3955 = ORIENTED_EDGE( '', *, *, #6804, .F. );
#3956 = ORIENTED_EDGE( '', *, *, #6823, .T. );
#3957 = CARTESIAN_POINT( '', ( 3.82500000000000, -3.35000000000000, 3.34435389988899 ) );
#3958 = DIRECTION( '', ( 1.00000000000000, 0.000000000000000, 0.000000000000000 ) );
#3959 = DIRECTION( '', ( 0.000000000000000, 0.000000000000000, -1.00000000000000 ) );
#3960 = SURFACE_STYLE_FILL_AREA( #6824 );
#3961 = ORIENTED_EDGE( '', *, *, #6694, .T. );
#3962 = ORIENTED_EDGE( '', *, *, #6725, .T. );
#3963 = ORIENTED_EDGE( '', *, *, #6825, .T. );
#3964 = ORIENTED_EDGE( '', *, *, #6826, .T. );
#3965 = ORIENTED_EDGE( '', *, *, #6827, .F. );
#3966 = ORIENTED_EDGE( '', *, *, #6828, .F. );
#3967 = ORIENTED_EDGE( '', *, *, #6597, .T. );
#3968 = ORIENTED_EDGE( '', *, *, #6829, .T. );
#3969 = CARTESIAN_POINT( '', ( -4.17500000000000, -3.35000000000000, 3.69435389988899 ) );
#3970 = DIRECTION( '', ( 1.00000000000000, 0.000000000000000, 0.000000000000000 ) );
#3971 = DIRECTION( '', ( 0.000000000000000, 0.000000000000000, -1.00000000000000 ) );
#3972 = SURFACE_STYLE_FILL_AREA( #6830 );
#3973 = ORIENTED_EDGE( '', *, *, #6671, .F. );
#3974 = ORIENTED_EDGE( '', *, *, #6831, .T. );
#3975 = ORIENTED_EDGE( '', *, *, #6832, .F. );
#3976 = ORIENTED_EDGE( '', *, *, #6833, .T. );
#3977 = CARTESIAN_POINT( '', ( 3.07500000000000, 3.22500000000000, 8.55000000000000 ) );
#3978 = DIRECTION( '', ( 7.05172144706019E-017, -1.00000000000000, 0.000000000000000 ) );
#3979 = DIRECTION( '', ( 1.00000000000000, 7.05172144706019E-017, 0.000000000000000 ) );
#3980 = SURFACE_STYLE_FILL_AREA( #6834 );
#3981 = ORIENTED_EDGE( '', *, *, #6835, .F. );
#3982 = ORIENTED_EDGE( '', *, *, #6836, .F. );
#3983 = ORIENTED_EDGE( '', *, *, #6837, .T. );
#3984 = ORIENTED_EDGE( '', *, *, #6680, .T. );
#3985 = CARTESIAN_POINT( '', ( -2.90000000000000, -1.75000000000000, -2.60000000000000 ) );
#3986 = DIRECTION( '', ( 0.000000000000000, 1.00000000000000, 0.000000000000000 ) );
#3987 = DIRECTION( '', ( 0.000000000000000, 0.000000000000000, 1.00000000000000 ) );
#3988 = SURFACE_STYLE_FILL_AREA( #6838 );
#3989 = ORIENTED_EDGE( '', *, *, #6839, .T. );
#3990 = ORIENTED_EDGE( '', *, *, #6721, .T. );
#3991 = ORIENTED_EDGE( '', *, *, #6840, .F. );
#3992 = ORIENTED_EDGE( '', *, *, #6841, .F. );
#3993 = CARTESIAN_POINT( '', ( -1.82997459621556, -4.45000000000000, 0.000000000000000 ) );
#3994 = DIRECTION( '', ( -0.000000000000000, 0.000000000000000, -1.00000000000000 ) );
#3995 = DIRECTION( '', ( 1.00000000000000, 2.44775235369814E-016, 0.000000000000000 ) );
#3996 = SURFACE_STYLE_FILL_AREA( #6842 );
#3997 = ORIENTED_EDGE( '', *, *, #6649, .F. );
#3998 = ORIENTED_EDGE( '', *, *, #6843, .F. );
#3999 = ORIENTED_EDGE( '', *, *, #6844, .F. );
#4000 = ORIENTED_EDGE( '', *, *, #6845, .T. );
#4001 = ORIENTED_EDGE( '', *, *, #6846, .F. );
#4002 = ORIENTED_EDGE( '', *, *, #6847, .F. );
#4003 = ORIENTED_EDGE( '', *, *, #6848, .T. );
#4004 = ORIENTED_EDGE( '', *, *, #6499, .T. );
#4005 = ORIENTED_EDGE( '', *, *, #6849, .T. );
#4006 = ORIENTED_EDGE( '', *, *, #6850, .F. );
#4007 = ORIENTED_EDGE( '', *, *, #6840, .T. );
#4008 = ORIENTED_EDGE( '', *, *, #6720, .T. );
#4009 = ORIENTED_EDGE( '', *, *, #6851, .T. );
#4010 = ORIENTED_EDGE( '', *, *, #6852, .F. );
#4011 = ORIENTED_EDGE( '', *, *, #6853, .F. );
#4012 = ORIENTED_EDGE( '', *, *, #6854, .F. );
#4013 = ORIENTED_EDGE( '', *, *, #6855, .T. );
#4014 = ORIENTED_EDGE( '', *, *, #6856, .T. );
#4015 = ORIENTED_EDGE( '', *, *, #6786, .T. );
#4016 = ORIENTED_EDGE( '', *, *, #6857, .T. );
#4017 = CARTESIAN_POINT( '', ( -3.90000000000000, -3.95000000000000, 6.30000000000000 ) );
#4018 = DIRECTION( '', ( 0.000000000000000, 0.000000000000000, 1.00000000000000 ) );
#4019 = DIRECTION( '', ( 1.00000000000000, 0.000000000000000, 0.000000000000000 ) );
#4020 = SURFACE_STYLE_FILL_AREA( #6858 );
#4021 = ORIENTED_EDGE( '', *, *, #6859, .T. );
#4022 = ORIENTED_EDGE( '', *, *, #6860, .T. );
#4023 = ORIENTED_EDGE( '', *, *, #6861, .F. );
#4024 = ORIENTED_EDGE( '', *, *, #6862, .T. );
#4025 = CARTESIAN_POINT( '', ( -0.400000000000017, -3.45000000000000, -2.60000000000000 ) );
#4026 = DIRECTION( '', ( 0.000000000000000, 1.00000000000000, 0.000000000000000 ) );
#4027 = DIRECTION( '', ( 0.000000000000000, 0.000000000000000, 1.00000000000000 ) );
#4028 = SURFACE_STYLE_FILL_AREA( #6863 );
#4029 = ORIENTED_EDGE( '', *, *, #6745, .F. );
#4030 = ORIENTED_EDGE( '', *, *, #6435, .T. );
#4031 = ORIENTED_EDGE( '', *, *, #6864, .F. );
#4032 = CARTESIAN_POINT( '', ( 2.37500000000000, 2.35000000000000, 8.05000000000000 ) );
#4033 = DIRECTION( '', ( 0.000000000000000, 0.000000000000000, 1.00000000000000 ) );
#4034 = DIRECTION( '', ( 1.00000000000000, 0.000000000000000, 0.000000000000000 ) );
#4035 = SURFACE_STYLE_FILL_AREA( #6865 );
#4036 = ORIENTED_EDGE( '', *, *, #6866, .F. );
#4037 = ORIENTED_EDGE( '', *, *, #6623, .F. );
#4038 = ORIENTED_EDGE( '', *, *, #6867, .F. );
#4039 = ORIENTED_EDGE( '', *, *, #6868, .F. );
#4040 = CARTESIAN_POINT( '', ( 5.00000000000000, -2.65000000000000, -1.00564610011101 ) );
#4041 = DIRECTION( '', ( 0.000000000000000, -1.00000000000000, 0.000000000000000 ) );
#4042 = DIRECTION( '', ( 0.000000000000000, 0.000000000000000, -1.00000000000000 ) );
#4043 = SURFACE_STYLE_FILL_AREA( #6869 );
#4044 = ORIENTED_EDGE( '', *, *, #6870, .F. );
#4045 = ORIENTED_EDGE( '', *, *, #6551, .F. );
#4046 = ORIENTED_EDGE( '', *, *, #6871, .T. );
#4047 = ORIENTED_EDGE( '', *, *, #6872, .T. );
#4048 = CARTESIAN_POINT( '', ( -3.35000000000000, 3.45000000000000, -2.00000000000000 ) );
#4049 = DIRECTION( '', ( -1.00000000000000, 0.000000000000000, 0.000000000000000 ) );
#4050 = DIRECTION( '', ( 0.000000000000000, 0.000000000000000, 1.00000000000000 ) );
#4051 = SURFACE_STYLE_FILL_AREA( #6873 );
#4052 = ORIENTED_EDGE( '', *, *, #6874, .F. );
#4053 = ORIENTED_EDGE( '', *, *, #6875, .T. );
#4054 = ORIENTED_EDGE( '', *, *, #6876, .F. );
#4055 = ORIENTED_EDGE( '', *, *, #6877, .F. );
#4056 = ORIENTED_EDGE( '', *, *, #6878, .F. );
#4057 = ORIENTED_EDGE( '', *, *, #6879, .F. );
#4058 = CARTESIAN_POINT( '', ( 2.37500000000000, -2.35000000000000, 0.000000000000000 ) );
#4059 = DIRECTION( '', ( -0.000000000000000, -0.000000000000000, -1.00000000000000 ) );
#4060 = DIRECTION( '', ( 1.00000000000000, 0.000000000000000, 0.000000000000000 ) );
#4061 = SURFACE_STYLE_FILL_AREA( #6880 );
#4062 = ORIENTED_EDGE( '', *, *, #6809, .F. );
#4063 = ORIENTED_EDGE( '', *, *, #6881, .T. );
#4064 = ORIENTED_EDGE( '', *, *, #6882, .F. );
#4065 = ORIENTED_EDGE( '', *, *, #6883, .T. );
#4066 = ORIENTED_EDGE( '', *, *, #6884, .T. );
#4067 = CARTESIAN_POINT( '', ( -0.278949192431130, 3.45000000000000, 2.20000000000000 ) );
#4068 = DIRECTION( '', ( -1.00000000000000, -2.22400445638052E-016, 0.000000000000000 ) );
#4069 = DIRECTION( '', ( 2.22400445638052E-016, -1.00000000000000, 0.000000000000000 ) );
#4070 = SURFACE_STYLE_FILL_AREA( #6885 );
#4071 = ORIENTED_EDGE( '', *, *, #6579, .F. );
#4072 = ORIENTED_EDGE( '', *, *, #6886, .F. );
#4073 = ORIENTED_EDGE( '', *, *, #6887, .T. );
#4074 = ORIENTED_EDGE( '', *, *, #6888, .T. );
#4075 = CARTESIAN_POINT( '', ( -3.82500000000000, -3.35000000000000, 3.34435389988899 ) );
#4076 = DIRECTION( '', ( -1.13380619344889E-016, 0.000000000000000, 1.00000000000000 ) );
#4077 = DIRECTION( '', ( 1.00000000000000, 0.000000000000000, 1.13380619344889E-016 ) );
#4078 = SURFACE_STYLE_FILL_AREA( #6889 );
#4079 = ORIENTED_EDGE( '', *, *, #6890, .F. );
#4080 = ORIENTED_EDGE( '', *, *, #6891, .T. );
#4081 = ORIENTED_EDGE( '', *, *, #6892, .F. );
#4082 = ORIENTED_EDGE( '', *, *, #6893, .T. );
#4083 = CARTESIAN_POINT( '', ( 3.90000000000000, 3.45000000000000, 6.70000000000000 ) );
#4084 = DIRECTION( '', ( 0.000000000000000, -0.707106781186549, 0.707106781186546 ) );
#4085 = DIRECTION( '', ( 0.000000000000000, -0.707106781186546, -0.707106781186549 ) );
#4086 = SURFACE_STYLE_FILL_AREA( #6894 );
#4087 = ORIENTED_EDGE( '', *, *, #6895, .F. );
#4088 = ORIENTED_EDGE( '', *, *, #6896, .F. );
#4089 = ORIENTED_EDGE( '', *, *, #6581, .T. );
#4090 = ORIENTED_EDGE( '', *, *, #6516, .F. );
#4091 = CARTESIAN_POINT( '', ( 5.00000000000000, 2.00000000000000, 2.84435389988899 ) );
#4092 = DIRECTION( '', ( 0.000000000000000, 0.474099823035017, 0.880471099922176 ) );
#4093 = DIRECTION( '', ( 0.000000000000000, -0.880471099922176, 0.474099823035017 ) );
#4094 = SURFACE_STYLE_FILL_AREA( #6897 );
#4095 = ORIENTED_EDGE( '', *, *, #6416, .F. );
#4096 = ORIENTED_EDGE( '', *, *, #6898, .T. );
#4097 = ORIENTED_EDGE( '', *, *, #6899, .F. );
#4098 = ORIENTED_EDGE( '', *, *, #6900, .F. );
#4099 = CARTESIAN_POINT( '', ( 1.45000000000001, -3.95000000000000, -4.40000000000000 ) );
#4100 = DIRECTION( '', ( 8.67361737988416E-016, -1.00000000000000, -0.000000000000000 ) );
#4101 = DIRECTION( '', ( -1.00000000000000, -8.67361737988416E-016, 0.000000000000000 ) );
#4102 = SURFACE_STYLE_FILL_AREA( #6901 );
#4103 = ORIENTED_EDGE( '', *, *, #6902, .T. );
#4104 = ORIENTED_EDGE( '', *, *, #6903, .T. );
#4105 = ORIENTED_EDGE( '', *, *, #6479, .F. );
#4106 = ORIENTED_EDGE( '', *, *, #6904, .T. );
#4107 = CARTESIAN_POINT( '', ( 4.17500000000000, -3.35000000000000, 3.69435389988899 ) );
#4108 = DIRECTION( '', ( 0.000000000000000, 0.000000000000000, -1.00000000000000 ) );
#4109 = DIRECTION( '', ( -1.00000000000000, 0.000000000000000, 0.000000000000000 ) );
#4110 = SURFACE_STYLE_FILL_AREA( #6905 );
#4111 = ORIENTED_EDGE( '', *, *, #6906, .T. );
#4112 = ORIENTED_EDGE( '', *, *, #6907, .T. );
#4113 = ORIENTED_EDGE( '', *, *, #6908, .F. );
#4114 = ORIENTED_EDGE( '', *, *, #6909, .F. );
#4115 = CARTESIAN_POINT( '', ( -1.00000000000000, -3.00000000000000, 2.16840434497101E-016 ) );
#4116 = DIRECTION( '', ( -3.53195452618365E-016, 1.00000000000000, 4.42339956156604E-032 ) );
#4117 = DIRECTION( '', ( 1.00000000000000, 3.53195452618365E-016, 0.000000000000000 ) );
#4118 = SURFACE_STYLE_FILL_AREA( #6910 );
#4119 = ORIENTED_EDGE( '', *, *, #6911, .T. );
#4120 = ORIENTED_EDGE( '', *, *, #6912, .F. );
#4121 = ORIENTED_EDGE( '', *, *, #6691, .F. );
#4122 = ORIENTED_EDGE( '', *, *, #6913, .T. );
#4123 = CARTESIAN_POINT( '', ( -3.00000000000000, -3.63635964912281, 3.69435389988899 ) );
#4124 = DIRECTION( '', ( -1.00000000000000, 0.000000000000000, -1.24800250070274E-016 ) );
#4125 = DIRECTION( '', ( -1.24800250070274E-016, 0.000000000000000, 1.00000000000000 ) );
#4126 = SURFACE_STYLE_FILL_AREA( #6914 );
#4127 = ORIENTED_EDGE( '', *, *, #6915, .T. );
#4128 = ORIENTED_EDGE( '', *, *, #6916, .T. );
#4129 = ORIENTED_EDGE( '', *, *, #6917, .F. );
#4130 = ORIENTED_EDGE( '', *, *, #6918, .T. );
#4131 = CARTESIAN_POINT( '', ( -2.90000000000000, -2.90000000000000, -2.60000000000000 ) );
#4132 = DIRECTION( '', ( 2.99090254478760E-016, -1.00000000000000, 0.000000000000000 ) );
#4133 = DIRECTION( '', ( 1.00000000000000, 2.99090254478760E-016, 0.000000000000000 ) );
#4134 = SURFACE_STYLE_FILL_AREA( #6919 );
#4135 = ORIENTED_EDGE( '', *, *, #6920, .T. );
#4136 = ORIENTED_EDGE( '', *, *, #6921, .F. );
#4137 = ORIENTED_EDGE( '', *, *, #6665, .T. );
#4138 = ORIENTED_EDGE( '', *, *, #6922, .F. );
#4139 = CARTESIAN_POINT( '', ( 0.750000000000019, -1.65000000000000, 13.8500000000000 ) );
#4140 = DIRECTION( '', ( 0.000000000000000, 0.000000000000000, 1.00000000000000 ) );
#4141 = DIRECTION( '', ( 1.00000000000000, 0.000000000000000, 0.000000000000000 ) );
#4142 = SURFACE_STYLE_FILL_AREA( #6923 );
#4143 = ORIENTED_EDGE( '', *, *, #6816, .T. );
#4144 = ORIENTED_EDGE( '', *, *, #6924, .T. );
#4145 = ORIENTED_EDGE( '', *, *, #6925, .F. );
#4146 = ORIENTED_EDGE( '', *, *, #6926, .T. );
#4147 = ORIENTED_EDGE( '', *, *, #6469, .T. );
#4148 = ORIENTED_EDGE( '', *, *, #6927, .F. );
#4149 = ORIENTED_EDGE( '', *, *, #6868, .T. );
#4150 = ORIENTED_EDGE( '', *, *, #6928, .T. );
#4151 = CARTESIAN_POINT( '', ( -3.82500000000000, -3.35000000000000, -1.00564610011101 ) );
#4152 = DIRECTION( '', ( -1.00000000000000, 0.000000000000000, 0.000000000000000 ) );
#4153 = DIRECTION( '', ( 0.000000000000000, 0.000000000000000, 1.00000000000000 ) );
#4154 = SURFACE_STYLE_FILL_AREA( #6929 );
#4155 = ORIENTED_EDGE( '', *, *, #6930, .T. );
#4156 = ORIENTED_EDGE( '', *, *, #6931, .F. );
#4157 = ORIENTED_EDGE( '', *, *, #6405, .F. );
#4158 = ORIENTED_EDGE( '', *, *, #6521, .F. );
#4159 = CARTESIAN_POINT( '', ( -3.35000000000000, -3.45000000000000, -2.00000000000000 ) );
#4160 = DIRECTION( '', ( 0.000000000000000, 1.00000000000000, 0.000000000000000 ) );
#4161 = DIRECTION( '', ( 0.000000000000000, 0.000000000000000, 1.00000000000000 ) );
#4162 = SURFACE_STYLE_FILL_AREA( #6932 );
#4163 = ORIENTED_EDGE( '', *, *, #6933, .F. );
#4164 = ORIENTED_EDGE( '', *, *, #6934, .T. );
#4165 = ORIENTED_EDGE( '', *, *, #6607, .T. );
#4166 = ORIENTED_EDGE( '', *, *, #6935, .F. );
#4167 = CARTESIAN_POINT( '', ( 1.95105080756888, -3.45000000000000, 3.50000000000000 ) );
#4168 = DIRECTION( '', ( -1.00000000000000, -2.23747897317619E-017, 0.000000000000000 ) );
#4169 = DIRECTION( '', ( 2.23747897317619E-017, -1.00000000000000, 0.000000000000000 ) );
#4170 = SURFACE_STYLE_FILL_AREA( #6936 );
#4171 = ORIENTED_EDGE( '', *, *, #6937, .F. );
#4172 = ORIENTED_EDGE( '', *, *, #6938, .F. );
#4173 = ORIENTED_EDGE( '', *, *, #6881, .F. );
#4174 = ORIENTED_EDGE( '', *, *, #6808, .F. );
#4175 = CARTESIAN_POINT( '', ( -0.278949192431130, 3.95000000000000, 2.65000000000000 ) );
#4176 = DIRECTION( '', ( 1.57260863249577E-016, -0.707106781186547, 0.707106781186548 ) );
#4177 = DIRECTION( '', ( 1.04756778751265E-031, -0.707106781186548, -0.707106781186547 ) );
#4178 = SURFACE_STYLE_FILL_AREA( #6939 );
#4179 = ORIENTED_EDGE( '', *, *, #6892, .T. );
#4180 = ORIENTED_EDGE( '', *, *, #6940, .T. );
#4181 = ORIENTED_EDGE( '', *, *, #6941, .T. );
#4182 = CARTESIAN_POINT( '', ( 3.90000000000000, 3.45000000000000, 6.80000000000000 ) );
#4183 = DIRECTION( '', ( 0.000000000000000, 0.000000000000000, -1.00000000000000 ) );
#4184 = DIRECTION( '', ( -1.00000000000000, 0.000000000000000, 0.000000000000000 ) );
#4185 = SURFACE_STYLE_FILL_AREA( #6942 );
#4186 = ORIENTED_EDGE( '', *, *, #6943, .F. );
#4187 = ORIENTED_EDGE( '', *, *, #6944, .T. );
#4188 = ORIENTED_EDGE( '', *, *, #6945, .T. );
#4189 = ORIENTED_EDGE( '', *, *, #6946, .T. );
#4190 = CARTESIAN_POINT( '', ( 2.90000000000000, 2.90000000000000, -2.60000000000000 ) );
#4191 = DIRECTION( '', ( -7.47725636196900E-017, 1.00000000000000, 0.000000000000000 ) );
#4192 = DIRECTION( '', ( -1.00000000000000, -7.47725636196900E-017, 0.000000000000000 ) );
#4193 = SURFACE_STYLE_FILL_AREA( #6947 );
#4194 = ORIENTED_EDGE( '', *, *, #6948, .F. );
#4195 = ORIENTED_EDGE( '', *, *, #6949, .T. );
#4196 = ORIENTED_EDGE( '', *, *, #6812, .T. );
#4197 = ORIENTED_EDGE( '', *, *, #6950, .T. );
#4198 = CARTESIAN_POINT( '', ( 4.17500000000000, -3.35000000000000, 3.69435389988899 ) );
#4199 = DIRECTION( '', ( 0.000000000000000, 0.000000000000000, -1.00000000000000 ) );
#4200 = DIRECTION( '', ( -1.00000000000000, 0.000000000000000, 0.000000000000000 ) );
#4201 = SURFACE_STYLE_FILL_AREA( #6951 );
#4202 = ORIENTED_EDGE( '', *, *, #6419, .F. );
#4203 = ORIENTED_EDGE( '', *, *, #6952, .T. );
#4204 = ORIENTED_EDGE( '', *, *, #6953, .T. );
#4205 = ORIENTED_EDGE( '', *, *, #6846, .T. );
#4206 = CARTESIAN_POINT( '', ( -3.40000000000000, 3.95000000000000, 6.80000000000000 ) );
#4207 = DIRECTION( '', ( -1.00000000000000, 0.000000000000000, 0.000000000000000 ) );
#4208 = DIRECTION( '', ( 0.000000000000000, 0.000000000000000, 1.00000000000000 ) );
#4209 = SURFACE_STYLE_FILL_AREA( #6954 );
#4210 = ORIENTED_EDGE( '', *, *, #6827, .T. );
#4211 = ORIENTED_EDGE( '', *, *, #6955, .T. );
#4212 = ORIENTED_EDGE( '', *, *, #6956, .F. );
#4213 = ORIENTED_EDGE( '', *, *, #6957, .F. );
#4214 = CARTESIAN_POINT( '', ( -4.17500000000000, -3.35000000000000, -1.00564610011101 ) );
#4215 = DIRECTION( '', ( 0.000000000000000, 0.000000000000000, 1.00000000000000 ) );
#4216 = DIRECTION( '', ( 1.00000000000000, 0.000000000000000, 0.000000000000000 ) );
#4217 = SURFACE_STYLE_FILL_AREA( #6958 );
#4218 = ORIENTED_EDGE( '', *, *, #6959, .T. );
#4219 = ORIENTED_EDGE( '', *, *, #6960, .T. );
#4220 = ORIENTED_EDGE( '', *, *, #6948, .T. );
#4221 = ORIENTED_EDGE( '', *, *, #6961, .T. );
#4222 = ORIENTED_EDGE( '', *, *, #6619, .T. );
#4223 = ORIENTED_EDGE( '', *, *, #6962, .T. );
#4224 = ORIENTED_EDGE( '', *, *, #6925, .T. );
#4225 = ORIENTED_EDGE( '', *, *, #6963, .T. );
#4226 = CARTESIAN_POINT( '', ( -3.82500000000000, -3.35000000000000, -1.00564610011101 ) );
#4227 = DIRECTION( '', ( 0.000000000000000, 1.00000000000000, 0.000000000000000 ) );
#4228 = DIRECTION( '', ( 0.000000000000000, 0.000000000000000, 1.00000000000000 ) );
#4229 = SURFACE_STYLE_FILL_AREA( #6964 );
#4230 = ORIENTED_EDGE( '', *, *, #6867, .T. );
#4231 = ORIENTED_EDGE( '', *, *, #6622, .F. );
#4232 = ORIENTED_EDGE( '', *, *, #6817, .F. );
#4233 = ORIENTED_EDGE( '', *, *, #6928, .F. );
#4234 = CARTESIAN_POINT( '', ( 5.00000000000000, -2.65000000000000, 2.49435389988899 ) );
#4235 = DIRECTION( '', ( 0.000000000000000, -0.474099823035018, 0.880471099922175 ) );
#4236 = DIRECTION( '', ( 0.000000000000000, -0.880471099922175, -0.474099823035018 ) );
#4237 = SURFACE_STYLE_FILL_AREA( #6965 );
#4238 = ORIENTED_EDGE( '', *, *, #6814, .F. );
#4239 = ORIENTED_EDGE( '', *, *, #6966, .F. );
#4240 = ORIENTED_EDGE( '', *, *, #6959, .F. );
#4241 = ORIENTED_EDGE( '', *, *, #6967, .T. );
#4242 = CARTESIAN_POINT( '', ( -3.82500000000000, -3.35000000000000, 3.34435389988899 ) );
#4243 = DIRECTION( '', ( -1.13380619344889E-016, 0.000000000000000, 1.00000000000000 ) );
#4244 = DIRECTION( '', ( 1.00000000000000, 0.000000000000000, 1.13380619344889E-016 ) );
#4245 = SURFACE_STYLE_FILL_AREA( #6968 );
#4246 = ORIENTED_EDGE( '', *, *, #6969, .T. );
#4247 = ORIENTED_EDGE( '', *, *, #6970, .F. );
#4248 = ORIENTED_EDGE( '', *, *, #6971, .F. );
#4249 = ORIENTED_EDGE( '', *, *, #6415, .F. );
#4250 = CARTESIAN_POINT( '', ( 2.25000000000000, -3.45000000000000, -4.95000000000000 ) );
#4251 = DIRECTION( '', ( -6.81463740748167E-017, -0.707106781186548, 0.707106781186547 ) );
#4252 = DIRECTION( '', ( 0.000000000000000, -0.707106781186547, -0.707106781186548 ) );
#4253 = SURFACE_STYLE_FILL_AREA( #6972 );
#4254 = ORIENTED_EDGE( '', *, *, #6973, .T. );
#4255 = ORIENTED_EDGE( '', *, *, #6974, .T. );
#4256 = ORIENTED_EDGE( '', *, *, #6975, .F. );
#4257 = ORIENTED_EDGE( '', *, *, #6976, .T. );
#4258 = ORIENTED_EDGE( '', *, *, #6417, .T. );
#4259 = ORIENTED_EDGE( '', *, *, #6900, .T. );
#4260 = ORIENTED_EDGE( '', *, *, #6977, .T. );
#4261 = ORIENTED_EDGE( '', *, *, #6978, .T. );
#4262 = ORIENTED_EDGE( '', *, *, #6979, .F. );
#4263 = ORIENTED_EDGE( '', *, *, #6980, .T. );
#4264 = ORIENTED_EDGE( '', *, *, #6981, .T. );
#4265 = ORIENTED_EDGE( '', *, *, #6982, .F. );
#4266 = ORIENTED_EDGE( '', *, *, #6546, .T. );
#4267 = ORIENTED_EDGE( '', *, *, #6490, .T. );
#4268 = ORIENTED_EDGE( '', *, *, #6983, .T. );
#4269 = ORIENTED_EDGE( '', *, *, #6984, .F. );
#4270 = ORIENTED_EDGE( '', *, *, #6985, .T. );
#4271 = ORIENTED_EDGE( '', *, *, #6986, .T. );
#4272 = ORIENTED_EDGE( '', *, *, #6987, .T. );
#4273 = ORIENTED_EDGE( '', *, *, #6988, .F. );
#4274 = ORIENTED_EDGE( '', *, *, #6989, .T. );
#4275 = ORIENTED_EDGE( '', *, *, #6407, .F. );
#4276 = CARTESIAN_POINT( '', ( -3.90000000000000, -3.95000000000000, -2.60000000000000 ) );
#4277 = DIRECTION( '', ( 0.000000000000000, -1.00000000000000, 0.000000000000000 ) );
#4278 = DIRECTION( '', ( 0.000000000000000, 0.000000000000000, -1.00000000000000 ) );
#4279 = SURFACE_STYLE_FILL_AREA( #6990 );
#4280 = ORIENTED_EDGE( '', *, *, #6991, .F. );
#4281 = ORIENTED_EDGE( '', *, *, #6992, .F. );
#4282 = ORIENTED_EDGE( '', *, *, #6993, .F. );
#4283 = ORIENTED_EDGE( '', *, *, #6994, .F. );
#4284 = CARTESIAN_POINT( '', ( 1.15000000000001, 1.65000000000000, 14.0500000000000 ) );
#4285 = DIRECTION( '', ( -0.707106781186548, 0.000000000000000, -0.707106781186547 ) );
#4286 = DIRECTION( '', ( -0.707106781186547, 0.000000000000000, 0.707106781186548 ) );
#4287 = SURFACE_STYLE_FILL_AREA( #6995 );
#4288 = ORIENTED_EDGE( '', *, *, #6996, .T. );
#4289 = ORIENTED_EDGE( '', *, *, #6997, .T. );
#4290 = ORIENTED_EDGE( '', *, *, #6632, .T. );
#4291 = ORIENTED_EDGE( '', *, *, #6998, .T. );
#4292 = CARTESIAN_POINT( '', ( 0.625000000000000, -3.95000000000000, 4.50000000000000 ) );
#4293 = DIRECTION( '', ( 0.707106781186546, 0.707106781186549, 0.000000000000000 ) );
#4294 = DIRECTION( '', ( 0.707106781186549, -0.707106781186546, 0.000000000000000 ) );
#4295 = SURFACE_STYLE_FILL_AREA( #6999 );
#4296 = ORIENTED_EDGE( '', *, *, #6774, .T. );
#4297 = ORIENTED_EDGE( '', *, *, #7000, .F. );
#4298 = ORIENTED_EDGE( '', *, *, #7001, .F. );
#4299 = ORIENTED_EDGE( '', *, *, #7002, .T. );
#4300 = CARTESIAN_POINT( '', ( -3.32500000000000, 3.35000000000000, 0.860000000000000 ) );
#4301 = DIRECTION( '', ( 1.00000000000000, 1.20466908053945E-016, 0.000000000000000 ) );
#4302 = DIRECTION( '', ( -1.20466908053945E-016, 1.00000000000000, 0.000000000000000 ) );
#4303 = SURFACE_STYLE_FILL_AREA( #7003 );
#4304 = ORIENTED_EDGE( '', *, *, #7004, .T. );
#4305 = ORIENTED_EDGE( '', *, *, #7005, .F. );
#4306 = ORIENTED_EDGE( '', *, *, #6776, .F. );
#4307 = ORIENTED_EDGE( '', *, *, #7006, .F. );
#4308 = ORIENTED_EDGE( '', *, *, #6420, .T. );
#4309 = ORIENTED_EDGE( '', *, *, #6845, .F. );
#4310 = ORIENTED_EDGE( '', *, *, #7007, .F. );
#4311 = ORIENTED_EDGE( '', *, *, #6795, .T. );
#4312 = ORIENTED_EDGE( '', *, *, #7008, .T. );
#4313 = ORIENTED_EDGE( '', *, *, #7009, .T. );
#4314 = CARTESIAN_POINT( '', ( 3.90000000000000, 3.95000000000000, 6.30000000000000 ) );
#4315 = DIRECTION( '', ( 2.22400445638052E-016, -1.00000000000000, 0.000000000000000 ) );
#4316 = DIRECTION( '', ( 1.00000000000000, 2.22400445638052E-016, 0.000000000000000 ) );
#4317 = SURFACE_STYLE_FILL_AREA( #7010 );
#4318 = ORIENTED_EDGE( '', *, *, #7011, .T. );
#4319 = ORIENTED_EDGE( '', *, *, #6854, .T. );
#4320 = ORIENTED_EDGE( '', *, *, #7012, .F. );
#4321 = ORIENTED_EDGE( '', *, *, #6727, .F. );
#4322 = CARTESIAN_POINT( '', ( 3.90000000000000, -3.45000000000000, 6.80000000000000 ) );
#4323 = DIRECTION( '', ( -2.44775235369814E-016, 1.00000000000000, 0.000000000000000 ) );
#4324 = DIRECTION( '', ( 0.000000000000000, 0.000000000000000, -1.00000000000000 ) );
#4325 = SURFACE_STYLE_FILL_AREA( #7013 );
#4326 = ORIENTED_EDGE( '', *, *, #7014, .F. );
#4327 = ORIENTED_EDGE( '', *, *, #7015, .F. );
#4328 = ORIENTED_EDGE( '', *, *, #7016, .T. );
#4329 = ORIENTED_EDGE( '', *, *, #6779, .F. );
#4330 = CARTESIAN_POINT( '', ( -0.525000000000000, -3.95000000000000, 4.50000000000000 ) );
#4331 = DIRECTION( '', ( 2.44775235369814E-016, -1.00000000000000, 0.000000000000000 ) );
#4332 = DIRECTION( '', ( 0.000000000000000, 0.000000000000000, 1.00000000000000 ) );
#4333 = SURFACE_STYLE_FILL_AREA( #7017 );
#4334 = ORIENTED_EDGE( '', *, *, #6742, .T. );
#4335 = ORIENTED_EDGE( '', *, *, #7018, .T. );
#4336 = ORIENTED_EDGE( '', *, *, #7019, .T. );
#4337 = ORIENTED_EDGE( '', *, *, #7020, .F. );
#4338 = CARTESIAN_POINT( '', ( 3.07500000000000, 3.22500000000000, 8.55000000000000 ) );
#4339 = DIRECTION( '', ( 7.05172144706019E-017, -1.00000000000000, 0.000000000000000 ) );
#4340 = DIRECTION( '', ( 1.00000000000000, 7.05172144706019E-017, 0.000000000000000 ) );
#4341 = SURFACE_STYLE_FILL_AREA( #7021 );
#4342 = ORIENTED_EDGE( '', *, *, #6505, .T. );
#4343 = ORIENTED_EDGE( '', *, *, #7022, .T. );
#4344 = ORIENTED_EDGE( '', *, *, #7023, .T. );
#4345 = ORIENTED_EDGE( '', *, *, #7024, .T. );
#4346 = CARTESIAN_POINT( '', ( -2.87500000000000, 2.85000000000000, 2.85000000000000 ) );
#4347 = DIRECTION( '', ( -1.00000000000000, 0.000000000000000, 0.000000000000000 ) );
#4348 = DIRECTION( '', ( 0.000000000000000, 0.000000000000000, 1.00000000000000 ) );
#4349 = SURFACE_STYLE_FILL_AREA( #7025 );
#4350 = ORIENTED_EDGE( '', *, *, #7026, .F. );
#4351 = ORIENTED_EDGE( '', *, *, #6734, .F. );
#4352 = ORIENTED_EDGE( '', *, *, #6627, .T. );
#4353 = ORIENTED_EDGE( '', *, *, #6997, .F. );
#4354 = CARTESIAN_POINT( '', ( 1.27500000000000, -3.95000000000000, 4.50000000000000 ) );
#4355 = DIRECTION( '', ( 2.44775235369814E-016, -1.00000000000000, 0.000000000000000 ) );
#4356 = DIRECTION( '', ( 0.000000000000000, 0.000000000000000, 1.00000000000000 ) );
#4357 = SURFACE_STYLE_FILL_AREA( #7027 );
#4358 = ORIENTED_EDGE( '', *, *, #7028, .F. );
#4359 = ORIENTED_EDGE( '', *, *, #7029, .F. );
#4360 = ORIENTED_EDGE( '', *, *, #7030, .T. );
#4361 = ORIENTED_EDGE( '', *, *, #6590, .T. );
#4362 = CARTESIAN_POINT( '', ( 3.30000000000000, 3.95000000000000, -2.00000000000000 ) );
#4363 = DIRECTION( '', ( 1.00000000000000, 0.000000000000000, 0.000000000000000 ) );
#4364 = DIRECTION( '', ( 0.000000000000000, 0.000000000000000, -1.00000000000000 ) );
#4365 = SURFACE_STYLE_FILL_AREA( #7031 );
#4366 = ORIENTED_EDGE( '', *, *, #7032, .F. );
#4367 = ORIENTED_EDGE( '', *, *, #7033, .F. );
#4368 = ORIENTED_EDGE( '', *, *, #6600, .F. );
#4369 = ORIENTED_EDGE( '', *, *, #6716, .F. );
#4370 = CARTESIAN_POINT( '', ( -1.65100000000000, -3.75000000000000, 1.46448789461608E-017 ) );
#4371 = DIRECTION( '', ( -8.18265790555098E-017, -2.00291201478191E-032, 1.00000000000000 ) );
#4372 = DIRECTION( '', ( -1.00000000000000, 0.000000000000000, -8.18265790555098E-017 ) );
#4373 = SURFACE_STYLE_FILL_AREA( #7034 );
#4374 = ORIENTED_EDGE( '', *, *, #7035, .F. );
#4375 = ORIENTED_EDGE( '', *, *, #7036, .T. );
#4376 = ORIENTED_EDGE( '', *, *, #7037, .F. );
#4377 = ORIENTED_EDGE( '', *, *, #7038, .F. );
#4378 = ORIENTED_EDGE( '', *, *, #7039, .F. );
#4379 = CARTESIAN_POINT( '', ( -2.00000000000000, -3.45000000000000, -5.20000000000000 ) );
#4380 = DIRECTION( '', ( 0.707106781186548, -0.707106781186548, 0.000000000000000 ) );
#4381 = DIRECTION( '', ( 0.707106781186548, 0.707106781186548, 0.000000000000000 ) );
#4382 = SURFACE_STYLE_FILL_AREA( #7040 );
#4383 = ORIENTED_EDGE( '', *, *, #6610, .T. );
#4384 = ORIENTED_EDGE( '', *, *, #7041, .F. );
#4385 = ORIENTED_EDGE( '', *, *, #7042, .F. );
#4386 = ORIENTED_EDGE( '', *, *, #7043, .T. );
#4387 = CARTESIAN_POINT( '', ( 3.90000000000000, 2.00000000000000, 0.860000000000000 ) );
#4388 = DIRECTION( '', ( 0.000000000000000, -1.00000000000000, 0.000000000000000 ) );
#4389 = DIRECTION( '', ( 0.000000000000000, 0.000000000000000, -1.00000000000000 ) );
#4390 = SURFACE_STYLE_FILL_AREA( #7044 );
#4391 = ORIENTED_EDGE( '', *, *, #7045, .F. );
#4392 = ORIENTED_EDGE( '', *, *, #7046, .F. );
#4393 = ORIENTED_EDGE( '', *, *, #7047, .T. );
#4394 = ORIENTED_EDGE( '', *, *, #7048, .T. );
#4395 = CARTESIAN_POINT( '', ( 3.90000000000000, -3.45000000000000, -2.00000000000000 ) );
#4396 = DIRECTION( '', ( 0.000000000000000, -1.00000000000000, 0.000000000000000 ) );
#4397 = DIRECTION( '', ( 0.000000000000000, 0.000000000000000, -1.00000000000000 ) );
#4398 = SURFACE_STYLE_FILL_AREA( #7049 );
#4399 = ORIENTED_EDGE( '', *, *, #7050, .F. );
#4400 = ORIENTED_EDGE( '', *, *, #7051, .F. );
#4401 = ORIENTED_EDGE( '', *, *, #6560, .F. );
#4402 = ORIENTED_EDGE( '', *, *, #7052, .F. );
#4403 = CARTESIAN_POINT( '', ( 3.90000000000000, -3.35000000000000, 0.860000000000000 ) );
#4404 = DIRECTION( '', ( 0.000000000000000, 0.000000000000000, 1.00000000000000 ) );
#4405 = DIRECTION( '', ( 1.00000000000000, 0.000000000000000, 0.000000000000000 ) );
#4406 = SURFACE_STYLE_FILL_AREA( #7053 );
#4407 = ORIENTED_EDGE( '', *, *, #7054, .F. );
#4408 = ORIENTED_EDGE( '', *, *, #7055, .F. );
#4409 = ORIENTED_EDGE( '', *, *, #7056, .F. );
#4410 = ORIENTED_EDGE( '', *, *, #7057, .F. );
#4411 = CARTESIAN_POINT( '', ( 2.25000000000000, 3.45000000000000, -2.80000000000000 ) );
#4412 = DIRECTION( '', ( 1.36292748149633E-016, 0.707106781186548, 0.707106781186547 ) );
#4413 = DIRECTION( '', ( 0.000000000000000, -0.707106781186547, 0.707106781186548 ) );
#4414 = SURFACE_STYLE_FILL_AREA( #7058 );
#4415 = ORIENTED_EDGE( '', *, *, #7059, .F. );
#4416 = ORIENTED_EDGE( '', *, *, #7060, .F. );
#4417 = ORIENTED_EDGE( '', *, *, #6761, .T. );
#4418 = ORIENTED_EDGE( '', *, *, #7061, .F. );
#4419 = ORIENTED_EDGE( '', *, *, #7062, .F. );
#4420 = ORIENTED_EDGE( '', *, *, #6512, .F. );
#4421 = ORIENTED_EDGE( '', *, *, #7063, .T. );
#4422 = ORIENTED_EDGE( '', *, *, #6887, .F. );
#4423 = CARTESIAN_POINT( '', ( -3.82500000000000, 3.35000000000000, -1.00564610011101 ) );
#4424 = DIRECTION( '', ( 0.000000000000000, 1.00000000000000, 0.000000000000000 ) );
#4425 = DIRECTION( '', ( 0.000000000000000, 0.000000000000000, 1.00000000000000 ) );
#4426 = SURFACE_STYLE_FILL_AREA( #7064 );
#4427 = ORIENTED_EDGE( '', *, *, #6883, .F. );
#4428 = ORIENTED_EDGE( '', *, *, #7065, .F. );
#4429 = ORIENTED_EDGE( '', *, *, #7066, .F. );
#4430 = ORIENTED_EDGE( '', *, *, #7067, .F. );
#4431 = ORIENTED_EDGE( '', *, *, #7068, .T. );
#4432 = ORIENTED_EDGE( '', *, *, #7069, .F. );
#4433 = ORIENTED_EDGE( '', *, *, #7070, .T. );
#4434 = ORIENTED_EDGE( '', *, *, #7071, .T. );
#4435 = ORIENTED_EDGE( '', *, *, #7072, .T. );
#4436 = ORIENTED_EDGE( '', *, *, #7073, .T. );
#4437 = ORIENTED_EDGE( '', *, *, #7074, .F. );
#4438 = ORIENTED_EDGE( '', *, *, #6448, .T. );
#4439 = ORIENTED_EDGE( '', *, *, #6496, .T. );
#4440 = ORIENTED_EDGE( '', *, *, #6412, .T. );
#4441 = ORIENTED_EDGE( '', *, *, #7075, .T. );
#4442 = ORIENTED_EDGE( '', *, *, #7076, .T. );
#4443 = ORIENTED_EDGE( '', *, *, #6792, .T. );
#4444 = ORIENTED_EDGE( '', *, *, #7077, .T. );
#4445 = ORIENTED_EDGE( '', *, *, #6843, .T. );
#4446 = ORIENTED_EDGE( '', *, *, #6648, .F. );
#4447 = CARTESIAN_POINT( '', ( -1.82997459621557, 3.45000000000000, 0.000000000000000 ) );
#4448 = DIRECTION( '', ( 0.000000000000000, -1.00000000000000, 0.000000000000000 ) );
#4449 = DIRECTION( '', ( 0.000000000000000, 0.000000000000000, -1.00000000000000 ) );
#4450 = SURFACE_STYLE_FILL_AREA( #7078 );
#4451 = ORIENTED_EDGE( '', *, *, #7079, .F. );
#4452 = ORIENTED_EDGE( '', *, *, #7080, .T. );
#4453 = ORIENTED_EDGE( '', *, *, #6414, .F. );
#4454 = ORIENTED_EDGE( '', *, *, #6976, .F. );
#4455 = CARTESIAN_POINT( '', ( -1.45000000000000, -3.45000000000000, -4.40000000000000 ) );
#4456 = DIRECTION( '', ( -0.000000000000000, 1.00000000000000, -0.000000000000000 ) );
#4457 = DIRECTION( '', ( 0.000000000000000, 0.000000000000000, -1.00000000000000 ) );
#4458 = SURFACE_STYLE_FILL_AREA( #7081 );
#4459 = ORIENTED_EDGE( '', *, *, #7082, .T. );
#4460 = ORIENTED_EDGE( '', *, *, #7083, .F. );
#4461 = ORIENTED_EDGE( '', *, *, #7084, .F. );
#4462 = ORIENTED_EDGE( '', *, *, #6554, .T. );
#4463 = CARTESIAN_POINT( '', ( -1.25000000000000, 1.25000000000000, 11.5500000000000 ) );
#4464 = DIRECTION( '', ( 1.00000000000000, 8.67361737988404E-017, 0.000000000000000 ) );
#4465 = DIRECTION( '', ( -8.67361737988404E-017, 1.00000000000000, 0.000000000000000 ) );
#4466 = SURFACE_STYLE_FILL_AREA( #7085 );
#4467 = ORIENTED_EDGE( '', *, *, #7086, .F. );
#4468 = ORIENTED_EDGE( '', *, *, #7087, .F. );
#4469 = ORIENTED_EDGE( '', *, *, #7088, .F. );
#4470 = ORIENTED_EDGE( '', *, *, #7089, .F. );
#4471 = CARTESIAN_POINT( '', ( -3.90000000000000, -3.25000000000000, -2.60000000000000 ) );
#4472 = DIRECTION( '', ( 6.81463740748166E-017, 0.707106781186547, -0.707106781186548 ) );
#4473 = DIRECTION( '', ( 0.000000000000000, 0.707106781186548, 0.707106781186547 ) );
#4474 = SURFACE_STYLE_FILL_AREA( #7090 );
#4475 = ORIENTED_EDGE( '', *, *, #6963, .F. );
#4476 = ORIENTED_EDGE( '', *, *, #6924, .F. );
#4477 = ORIENTED_EDGE( '', *, *, #6815, .F. );
#4478 = ORIENTED_EDGE( '', *, *, #6967, .F. );
#4479 = CARTESIAN_POINT( '', ( -3.47500000000000, -3.35000000000000, 2.99435389988899 ) );
#4480 = DIRECTION( '', ( -0.000000000000000, 1.00000000000000, -0.000000000000000 ) );
#4481 = DIRECTION( '', ( 0.000000000000000, 0.000000000000000, -1.00000000000000 ) );
#4482 = SURFACE_STYLE_FILL_AREA( #7091 );
#4483 = ORIENTED_EDGE( '', *, *, #7092, .T. );
#4484 = ORIENTED_EDGE( '', *, *, #6556, .F. );
#4485 = ORIENTED_EDGE( '', *, *, #7093, .F. );
#4486 = ORIENTED_EDGE( '', *, *, #7094, .T. );
#4487 = CARTESIAN_POINT( '', ( 1.25000000000000, -1.25000000000000, 11.5500000000000 ) );
#4488 = DIRECTION( '', ( -1.00000000000000, -2.60208521396521E-016, 0.000000000000000 ) );
#4489 = DIRECTION( '', ( 2.60208521396521E-016, -1.00000000000000, 0.000000000000000 ) );
#4490 = SURFACE_STYLE_FILL_AREA( #7095 );
#4491 = ORIENTED_EDGE( '', *, *, #7096, .F. );
#4492 = ORIENTED_EDGE( '', *, *, #7097, .F. );
#4493 = ORIENTED_EDGE( '', *, *, #7098, .T. );
#4494 = ORIENTED_EDGE( '', *, *, #7099, .T. );
#4495 = ORIENTED_EDGE( '', *, *, #7100, .T. );
#4496 = CARTESIAN_POINT( '', ( 3.32500000000000, 3.95000000000000, 0.850000000000000 ) );
#4497 = DIRECTION( '', ( 0.000000000000000, 0.000000000000000, -1.00000000000000 ) );
#4498 = DIRECTION( '', ( -1.00000000000000, 0.000000000000000, 0.000000000000000 ) );
#4499 = SURFACE_STYLE_FILL_AREA( #7101 );
#4500 = ORIENTED_EDGE( '', *, *, #7102, .F. );
#4501 = ORIENTED_EDGE( '', *, *, #7103, .F. );
#4502 = ORIENTED_EDGE( '', *, *, #6895, .T. );
#4503 = ORIENTED_EDGE( '', *, *, #6515, .F. );
#4504 = CARTESIAN_POINT( '', ( 5.00000000000000, 2.65000000000000, 2.49435389988899 ) );
#4505 = DIRECTION( '', ( 0.000000000000000, 1.00000000000000, 0.000000000000000 ) );
#4506 = DIRECTION( '', ( 0.000000000000000, 0.000000000000000, 1.00000000000000 ) );
#4507 = SURFACE_STYLE_FILL_AREA( #7104 );
#4508 = ORIENTED_EDGE( '', *, *, #7105, .F. );
#4509 = ORIENTED_EDGE( '', *, *, #7106, .T. );
#4510 = ORIENTED_EDGE( '', *, *, #7107, .T. );
#4511 = ORIENTED_EDGE( '', *, *, #7108, .F. );
#4512 = ORIENTED_EDGE( '', *, *, #7109, .T. );
#4513 = ORIENTED_EDGE( '', *, *, #7110, .T. );
#4514 = ORIENTED_EDGE( '', *, *, #7111, .T. );
#4515 = ORIENTED_EDGE( '', *, *, #7112, .F. );
#4516 = ORIENTED_EDGE( '', *, *, #6848, .F. );
#4517 = ORIENTED_EDGE( '', *, *, #6422, .T. );
#4518 = ORIENTED_EDGE( '', *, *, #7113, .T. );
#4519 = ORIENTED_EDGE( '', *, *, #7114, .F. );
#4520 = CARTESIAN_POINT( '', ( -3.90000000000000, 3.95000000000000, 6.30000000000000 ) );
#4521 = DIRECTION( '', ( 1.00000000000000, -5.48963125309116E-016, 0.000000000000000 ) );
#4522 = DIRECTION( '', ( 5.48963125309116E-016, 1.00000000000000, 0.000000000000000 ) );
#4523 = SURFACE_STYLE_FILL_AREA( #7115 );
#4524 = ORIENTED_EDGE( '', *, *, #7116, .T. );
#4525 = ORIENTED_EDGE( '', *, *, #7117, .T. );
#4526 = ORIENTED_EDGE( '', *, *, #6529, .T. );
#4527 = ORIENTED_EDGE( '', *, *, #7118, .T. );
#4528 = CARTESIAN_POINT( '', ( 2.25000000000000, 3.95000000000000, -5.20000000000000 ) );
#4529 = DIRECTION( '', ( 0.000000000000000, 0.000000000000000, -1.00000000000000 ) );
#4530 = DIRECTION( '', ( -1.00000000000000, 0.000000000000000, 0.000000000000000 ) );
#4531 = SURFACE_STYLE_FILL_AREA( #7119 );
#4532 = ORIENTED_EDGE( '', *, *, #6666, .F. );
#4533 = ORIENTED_EDGE( '', *, *, #6921, .T. );
#4534 = ORIENTED_EDGE( '', *, *, #7120, .F. );
#4535 = ORIENTED_EDGE( '', *, *, #7121, .F. );
#4536 = ORIENTED_EDGE( '', *, *, #6616, .F. );
#4537 = ORIENTED_EDGE( '', *, *, #7122, .F. );
#4538 = ORIENTED_EDGE( '', *, *, #6991, .T. );
#4539 = ORIENTED_EDGE( '', *, *, #7123, .F. );
#4540 = CARTESIAN_POINT( '', ( -1.65000000000000, -1.15000000000001, 14.0500000000000 ) );
#4541 = DIRECTION( '', ( -2.78780621215159E-016, 0.707106781186548, -0.707106781186547 ) );
#4542 = DIRECTION( '', ( 0.000000000000000, 0.707106781186547, 0.707106781186548 ) );
#4543 = SURFACE_STYLE_FILL_AREA( #7124 );
#4544 = ORIENTED_EDGE( '', *, *, #7125, .F. );
#4545 = ORIENTED_EDGE( '', *, *, #6992, .T. );
#4546 = ORIENTED_EDGE( '', *, *, #7126, .T. );
#4547 = ORIENTED_EDGE( '', *, *, #7127, .T. );
#4548 = CARTESIAN_POINT( '', ( 1.65000000000000, -1.65000000000000, 14.0500000000000 ) );
#4549 = DIRECTION( '', ( -1.00000000000000, 0.000000000000000, 0.000000000000000 ) );
#4550 = DIRECTION( '', ( 0.000000000000000, 0.000000000000000, 1.00000000000000 ) );
#4551 = SURFACE_STYLE_FILL_AREA( #7128 );
#4552 = ORIENTED_EDGE( '', *, *, #6754, .F. );
#4553 = ORIENTED_EDGE( '', *, *, #7129, .T. );
#4554 = ORIENTED_EDGE( '', *, *, #7130, .F. );
#4555 = ORIENTED_EDGE( '', *, *, #7131, .F. );
#4556 = CARTESIAN_POINT( '', ( -0.400000000000018, 3.45000000000000, -2.60000000000000 ) );
#4557 = DIRECTION( '', ( 0.000000000000000, 1.00000000000000, 0.000000000000000 ) );
#4558 = DIRECTION( '', ( 0.000000000000000, 0.000000000000000, 1.00000000000000 ) );
#4559 = SURFACE_STYLE_FILL_AREA( #7132 );
#4560 = ORIENTED_EDGE( '', *, *, #7133, .F. );
#4561 = ORIENTED_EDGE( '', *, *, #7134, .F. );
#4562 = ORIENTED_EDGE( '', *, *, #7135, .F. );
#4563 = CARTESIAN_POINT( '', ( -3.40000000000000, -3.45000000000000, 6.80000000000000 ) );
#4564 = DIRECTION( '', ( -0.000000000000000, 0.000000000000000, -1.00000000000000 ) );
#4565 = DIRECTION( '', ( -1.00000000000000, -2.44775235369814E-016, 0.000000000000000 ) );
#4566 = SURFACE_STYLE_FILL_AREA( #7136 );
#4567 = ORIENTED_EDGE( '', *, *, #6446, .F. );
#4568 = ORIENTED_EDGE( '', *, *, #7137, .F. );
#4569 = ORIENTED_EDGE( '', *, *, #7138, .F. );
#4570 = ORIENTED_EDGE( '', *, *, #7139, .F. );
#4571 = CARTESIAN_POINT( '', ( -0.525000000000000, 3.85000000000000, 4.50000000000000 ) );
#4572 = DIRECTION( '', ( -0.707106781186547, -0.707106781186548, 0.000000000000000 ) );
#4573 = DIRECTION( '', ( 0.707106781186548, -0.707106781186547, 0.000000000000000 ) );
#4574 = SURFACE_STYLE_FILL_AREA( #7140 );
#4575 = ORIENTED_EDGE( '', *, *, #7141, .F. );
#4576 = ORIENTED_EDGE( '', *, *, #7142, .T. );
#4577 = ORIENTED_EDGE( '', *, *, #7143, .F. );
#4578 = ORIENTED_EDGE( '', *, *, #7144, .F. );
#4579 = CARTESIAN_POINT( '', ( -3.07500000000000, -3.22500000000000, 0.250000000000000 ) );
#4580 = DIRECTION( '', ( 0.000000000000000, -0.707106781186547, -0.707106781186548 ) );
#4581 = DIRECTION( '', ( 0.000000000000000, 0.707106781186548, -0.707106781186547 ) );
#4582 = SURFACE_STYLE_FILL_AREA( #7145 );
#4583 = ORIENTED_EDGE( '', *, *, #7146, .F. );
#4584 = ORIENTED_EDGE( '', *, *, #7147, .T. );
#4585 = ORIENTED_EDGE( '', *, *, #7148, .F. );
#4586 = ORIENTED_EDGE( '', *, *, #7149, .T. );
#4587 = ORIENTED_EDGE( '', *, *, #7150, .F. );
#4588 = ORIENTED_EDGE( '', *, *, #7070, .F. );
#4589 = CARTESIAN_POINT( '', ( 1.27500000000000, 3.95000000000000, 4.50000000000000 ) );
#4590 = DIRECTION( '', ( 0.000000000000000, 0.000000000000000, 1.00000000000000 ) );
#4591 = DIRECTION( '', ( 1.00000000000000, 0.000000000000000, 0.000000000000000 ) );
#4592 = SURFACE_STYLE_FILL_AREA( #7151 );
#4593 = ORIENTED_EDGE( '', *, *, #7152, .F. );
#4594 = ORIENTED_EDGE( '', *, *, #7153, .T. );
#4595 = ORIENTED_EDGE( '', *, *, #7154, .T. );
#4596 = ORIENTED_EDGE( '', *, *, #7155, .T. );
#4597 = CARTESIAN_POINT( '', ( 2.90000000000000, -2.90000000000000, -2.60000000000000 ) );
#4598 = DIRECTION( '', ( 1.00000000000000, -7.47725636196900E-017, 0.000000000000000 ) );
#4599 = DIRECTION( '', ( 7.47725636196900E-017, 1.00000000000000, 0.000000000000000 ) );
#4600 = SURFACE_STYLE_FILL_AREA( #7156 );
#4601 = ORIENTED_EDGE( '', *, *, #7157, .T. );
#4602 = ORIENTED_EDGE( '', *, *, #7158, .F. );
#4603 = ORIENTED_EDGE( '', *, *, #7159, .F. );
#4604 = ORIENTED_EDGE( '', *, *, #7054, .T. );
#4605 = ORIENTED_EDGE( '', *, *, #7160, .F. );
#4606 = CARTESIAN_POINT( '', ( 2.00000000000000, 3.45000000000000, -5.20000000000000 ) );
#4607 = DIRECTION( '', ( -0.707106781186548, 0.707106781186548, 0.000000000000000 ) );
#4608 = DIRECTION( '', ( -0.707106781186548, -0.707106781186548, 0.000000000000000 ) );
#4609 = SURFACE_STYLE_FILL_AREA( #7161 );
#4610 = ORIENTED_EDGE( '', *, *, #7162, .F. );
#4611 = ORIENTED_EDGE( '', *, *, #7163, .T. );
#4612 = ORIENTED_EDGE( '', *, *, #7116, .F. );
#4613 = ORIENTED_EDGE( '', *, *, #7164, .F. );
#4614 = CARTESIAN_POINT( '', ( 1.45000000000001, 3.95000000000000, -4.40000000000000 ) );
#4615 = DIRECTION( '', ( -8.67361737988391E-016, -1.00000000000000, -0.000000000000000 ) );
#4616 = DIRECTION( '', ( -1.00000000000000, 8.67361737988391E-016, 0.000000000000000 ) );
#4617 = SURFACE_STYLE_FILL_AREA( #7165 );
#4618 = ORIENTED_EDGE( '', *, *, #6789, .F. );
#4619 = ORIENTED_EDGE( '', *, *, #7022, .F. );
#4620 = ORIENTED_EDGE( '', *, *, #7166, .F. );
#4621 = ORIENTED_EDGE( '', *, *, #7167, .F. );
#4622 = CARTESIAN_POINT( '', ( -2.37500000000000, 3.22500000000000, 8.05000000000000 ) );
#4623 = DIRECTION( '', ( -0.000000000000000, -1.00000000000000, -0.000000000000000 ) );
#4624 = DIRECTION( '', ( 0.000000000000000, 0.000000000000000, 1.00000000000000 ) );
#4625 = SURFACE_STYLE_FILL_AREA( #7168 );
#4626 = ORIENTED_EDGE( '', *, *, #7169, .T. );
#4627 = ORIENTED_EDGE( '', *, *, #7170, .T. );
#4628 = ORIENTED_EDGE( '', *, *, #7171, .F. );
#4629 = ORIENTED_EDGE( '', *, *, #6706, .T. );
#4630 = CARTESIAN_POINT( '', ( -0.273949192431126, -3.45000000000000, 2.20000000000000 ) );
#4631 = DIRECTION( '', ( 0.000000000000000, 0.000000000000000, -1.00000000000000 ) );
#4632 = DIRECTION( '', ( -1.00000000000000, 0.000000000000000, 0.000000000000000 ) );
#4633 = SURFACE_STYLE_FILL_AREA( #7172 );
#4634 = ORIENTED_EDGE( '', *, *, #6695, .T. );
#4635 = ORIENTED_EDGE( '', *, *, #6829, .F. );
#4636 = ORIENTED_EDGE( '', *, *, #6596, .F. );
#4637 = ORIENTED_EDGE( '', *, *, #7173, .F. );
#4638 = CARTESIAN_POINT( '', ( 5.00000000000000, 2.00000000000000, 2.84435389988899 ) );
#4639 = DIRECTION( '', ( 0.000000000000000, 0.474099823035017, 0.880471099922176 ) );
#4640 = DIRECTION( '', ( 0.000000000000000, -0.880471099922176, 0.474099823035017 ) );
#4641 = SURFACE_STYLE_FILL_AREA( #7174 );
#4642 = ORIENTED_EDGE( '', *, *, #7175, .F. );
#4643 = ORIENTED_EDGE( '', *, *, #7176, .T. );
#4644 = ORIENTED_EDGE( '', *, *, #7169, .F. );
#4645 = ORIENTED_EDGE( '', *, *, #6705, .T. );
#4646 = ORIENTED_EDGE( '', *, *, #7177, .T. );
#4647 = CARTESIAN_POINT( '', ( 0.376050807568874, -3.45000000000000, 2.20000000000000 ) );
#4648 = DIRECTION( '', ( 1.00000000000000, 2.23747897317619E-017, 0.000000000000000 ) );
#4649 = DIRECTION( '', ( -2.23747897317619E-017, 1.00000000000000, 0.000000000000000 ) );
#4650 = SURFACE_STYLE_FILL_AREA( #7178 );
#4651 = ORIENTED_EDGE( '', *, *, #7060, .T. );
#4652 = ORIENTED_EDGE( '', *, *, #7179, .T. );
#4653 = ORIENTED_EDGE( '', *, *, #6577, .T. );
#4654 = ORIENTED_EDGE( '', *, *, #6759, .T. );
#4655 = CARTESIAN_POINT( '', ( 4.17500000000000, -3.35000000000000, 3.69435389988899 ) );
#4656 = DIRECTION( '', ( 0.000000000000000, 0.000000000000000, -1.00000000000000 ) );
#4657 = DIRECTION( '', ( -1.00000000000000, 0.000000000000000, 0.000000000000000 ) );
#4658 = SURFACE_STYLE_FILL_AREA( #7180 );
#4659 = ORIENTED_EDGE( '', *, *, #7181, .T. );
#4660 = ORIENTED_EDGE( '', *, *, #7106, .F. );
#4661 = ORIENTED_EDGE( '', *, *, #7182, .F. );
#4662 = ORIENTED_EDGE( '', *, *, #7000, .T. );
#4663 = CARTESIAN_POINT( '', ( -3.32500000000000, 2.00000000000000, 0.860000000000000 ) );
#4664 = DIRECTION( '', ( 0.000000000000000, -1.00000000000000, 0.000000000000000 ) );
#4665 = DIRECTION( '', ( 0.000000000000000, 0.000000000000000, -1.00000000000000 ) );
#4666 = SURFACE_STYLE_FILL_AREA( #7183 );
#4667 = ORIENTED_EDGE( '', *, *, #7184, .T. );
#4668 = ORIENTED_EDGE( '', *, *, #6676, .T. );
#4669 = ORIENTED_EDGE( '', *, *, #7185, .T. );
#4670 = ORIENTED_EDGE( '', *, *, #7073, .F. );
#4671 = ORIENTED_EDGE( '', *, *, #7186, .T. );
#4672 = ORIENTED_EDGE( '', *, *, #7138, .T. );
#4673 = CARTESIAN_POINT( '', ( 1.27500000000000, 3.95000000000000, 5.50000000000000 ) );
#4674 = DIRECTION( '', ( 0.000000000000000, -0.707106781186550, -0.707106781186545 ) );
#4675 = DIRECTION( '', ( 0.000000000000000, 0.707106781186545, -0.707106781186550 ) );
#4676 = SURFACE_STYLE_FILL_AREA( #7187 );
#4677 = ORIENTED_EDGE( '', *, *, #7188, .T. );
#4678 = ORIENTED_EDGE( '', *, *, #6637, .T. );
#4679 = ORIENTED_EDGE( '', *, *, #7189, .T. );
#4680 = ORIENTED_EDGE( '', *, *, #7015, .T. );
#4681 = CARTESIAN_POINT( '', ( -0.525000000000000, -3.85000000000000, 4.50000000000000 ) );
#4682 = DIRECTION( '', ( -0.707106781186547, 0.707106781186548, 0.000000000000000 ) );
#4683 = DIRECTION( '', ( 0.707106781186548, 0.707106781186547, 0.000000000000000 ) );
#4684 = SURFACE_STYLE_FILL_AREA( #7190 );
#4685 = ORIENTED_EDGE( '', *, *, #6839, .F. );
#4686 = ORIENTED_EDGE( '', *, *, #7191, .F. );
#4687 = ORIENTED_EDGE( '', *, *, #7192, .F. );
#4688 = ORIENTED_EDGE( '', *, *, #7032, .T. );
#4689 = ORIENTED_EDGE( '', *, *, #6715, .F. );
#4690 = CARTESIAN_POINT( '', ( -1.95100000000000, -3.45000000000000, 3.50000000000000 ) );
#4691 = DIRECTION( '', ( -1.18243525522748E-016, -2.64567402071371E-033, 1.00000000000000 ) );
#4692 = DIRECTION( '', ( 1.00000000000000, 0.000000000000000, 1.18243525522748E-016 ) );
#4693 = SURFACE_STYLE_FILL_AREA( #7193 );
#4694 = ORIENTED_EDGE( '', *, *, #7194, .F. );
#4695 = ORIENTED_EDGE( '', *, *, #7048, .F. );
#4696 = ORIENTED_EDGE( '', *, *, #7195, .T. );
#4697 = ORIENTED_EDGE( '', *, *, #6979, .T. );
#4698 = CARTESIAN_POINT( '', ( 3.35000000000000, -3.45000000000000, -2.00000000000000 ) );
#4699 = DIRECTION( '', ( 1.00000000000000, 0.000000000000000, 0.000000000000000 ) );
#4700 = DIRECTION( '', ( 0.000000000000000, 0.000000000000000, -1.00000000000000 ) );
#4701 = SURFACE_STYLE_FILL_AREA( #7196 );
#4702 = ORIENTED_EDGE( '', *, *, #7197, .F. );
#4703 = ORIENTED_EDGE( '', *, *, #6800, .T. );
#4704 = ORIENTED_EDGE( '', *, *, #7198, .T. );
#4705 = ORIENTED_EDGE( '', *, *, #7199, .F. );
#4706 = CARTESIAN_POINT( '', ( -1.65000000000000, 1.65000000000000, 14.0500000000000 ) );
#4707 = DIRECTION( '', ( 1.00000000000000, 0.000000000000000, 0.000000000000000 ) );
#4708 = DIRECTION( '', ( 0.000000000000000, 0.000000000000000, -1.00000000000000 ) );
#4709 = SURFACE_STYLE_FILL_AREA( #7200 );
#4710 = ORIENTED_EDGE( '', *, *, #6565, .T. );
#4711 = ORIENTED_EDGE( '', *, *, #7201, .T. );
#4712 = ORIENTED_EDGE( '', *, *, #7055, .T. );
#4713 = ORIENTED_EDGE( '', *, *, #7159, .T. );
#4714 = ORIENTED_EDGE( '', *, *, #7202, .F. );
#4715 = ORIENTED_EDGE( '', *, *, #7203, .F. );
#4716 = ORIENTED_EDGE( '', *, *, #7028, .T. );
#4717 = ORIENTED_EDGE( '', *, *, #6589, .T. );
#4718 = ORIENTED_EDGE( '', *, *, #7204, .F. );
#4719 = ORIENTED_EDGE( '', *, *, #7045, .T. );
#4720 = ORIENTED_EDGE( '', *, *, #7194, .T. );
#4721 = ORIENTED_EDGE( '', *, *, #6978, .F. );
#4722 = ORIENTED_EDGE( '', *, *, #7205, .T. );
#4723 = ORIENTED_EDGE( '', *, *, #6687, .T. );
#4724 = ORIENTED_EDGE( '', *, *, #7206, .T. );
#4725 = ORIENTED_EDGE( '', *, *, #6543, .T. );
#4726 = ORIENTED_EDGE( '', *, *, #6540, .T. );
#4727 = ORIENTED_EDGE( '', *, *, #7207, .T. );
#4728 = ORIENTED_EDGE( '', *, *, #7089, .T. );
#4729 = ORIENTED_EDGE( '', *, *, #7208, .T. );
#4730 = ORIENTED_EDGE( '', *, *, #6861, .T. );
#4731 = ORIENTED_EDGE( '', *, *, #7209, .T. );
#4732 = ORIENTED_EDGE( '', *, *, #7210, .T. );
#4733 = ORIENTED_EDGE( '', *, *, #7035, .T. );
#4734 = ORIENTED_EDGE( '', *, *, #7211, .T. );
#4735 = ORIENTED_EDGE( '', *, *, #6974, .F. );
#4736 = ORIENTED_EDGE( '', *, *, #7212, .F. );
#4737 = ORIENTED_EDGE( '', *, *, #6930, .F. );
#4738 = ORIENTED_EDGE( '', *, *, #6520, .F. );
#4739 = ORIENTED_EDGE( '', *, *, #6549, .T. );
#4740 = ORIENTED_EDGE( '', *, *, #6870, .T. );
#4741 = ORIENTED_EDGE( '', *, *, #7213, .F. );
#4742 = ORIENTED_EDGE( '', *, *, #6569, .F. );
#4743 = ORIENTED_EDGE( '', *, *, #6659, .T. );
#4744 = ORIENTED_EDGE( '', *, *, #7214, .T. );
#4745 = ORIENTED_EDGE( '', *, *, #7215, .T. );
#4746 = ORIENTED_EDGE( '', *, *, #7129, .F. );
#4747 = ORIENTED_EDGE( '', *, *, #6753, .T. );
#4748 = ORIENTED_EDGE( '', *, *, #6763, .T. );
#4749 = ORIENTED_EDGE( '', *, *, #6652, .T. );
#4750 = ORIENTED_EDGE( '', *, *, #6681, .F. );
#4751 = ORIENTED_EDGE( '', *, *, #6837, .F. );
#4752 = ORIENTED_EDGE( '', *, *, #7216, .T. );
#4753 = ORIENTED_EDGE( '', *, *, #7217, .T. );
#4754 = ORIENTED_EDGE( '', *, *, #6917, .T. );
#4755 = ORIENTED_EDGE( '', *, *, #7218, .T. );
#4756 = ORIENTED_EDGE( '', *, *, #6440, .T. );
#4757 = ORIENTED_EDGE( '', *, *, #6768, .T. );
#4758 = ORIENTED_EDGE( '', *, *, #7219, .T. );
#4759 = ORIENTED_EDGE( '', *, *, #7220, .T. );
#4760 = ORIENTED_EDGE( '', *, *, #7152, .T. );
#4761 = ORIENTED_EDGE( '', *, *, #7221, .T. );
#4762 = ORIENTED_EDGE( '', *, *, #6943, .T. );
#4763 = ORIENTED_EDGE( '', *, *, #7222, .T. );
#4764 = ORIENTED_EDGE( '', *, *, #7223, .T. );
#4765 = ORIENTED_EDGE( '', *, *, #7224, .F. );
#4766 = CARTESIAN_POINT( '', ( -3.90000000000000, 3.95000000000000, -2.60000000000000 ) );
#4767 = DIRECTION( '', ( 0.000000000000000, 0.000000000000000, -1.00000000000000 ) );
#4768 = DIRECTION( '', ( -1.00000000000000, 0.000000000000000, 0.000000000000000 ) );
#4769 = SURFACE_STYLE_FILL_AREA( #7225 );
#4770 = ORIENTED_EDGE( '', *, *, #7226, .T. );
#4771 = ORIENTED_EDGE( '', *, *, #6805, .F. );
#4772 = ORIENTED_EDGE( '', *, *, #6822, .T. );
#4773 = ORIENTED_EDGE( '', *, *, #7227, .T. );
#4774 = CARTESIAN_POINT( '', ( -14.1750000000000, -2.65000000000000, -0.00564610011100693 ) );
#4775 = DIRECTION( '', ( 0.000000000000000, 0.980580675690920, -0.196116135138184 ) );
#4776 = DIRECTION( '', ( 0.000000000000000, 0.196116135138184, 0.980580675690920 ) );
#4777 = SURFACE_STYLE_FILL_AREA( #7228 );
#4778 = ORIENTED_EDGE( '', *, *, #6698, .F. );
#4779 = ORIENTED_EDGE( '', *, *, #7229, .F. );
#4780 = CARTESIAN_POINT( '', ( -2.40000000000000, -2.50000000000000, 1.35525271560688E-016 ) );
#4781 = DIRECTION( '', ( 7.22801448323669E-017, 6.97630140850492E-032, -1.00000000000000 ) );
#4782 = DIRECTION( '', ( 1.00000000000000, 2.44775235369814E-016, 7.22801448323669E-017 ) );
#4783 = SURFACE_STYLE_FILL_AREA( #7230 );
#4784 = ORIENTED_EDGE( '', *, *, #6574, .F. );
#4785 = ORIENTED_EDGE( '', *, *, #7231, .T. );
#4786 = ORIENTED_EDGE( '', *, *, #7232, .F. );
#4787 = ORIENTED_EDGE( '', *, *, #6507, .T. );
#4788 = ORIENTED_EDGE( '', *, *, #7233, .T. );
#4789 = CARTESIAN_POINT( '', ( -2.45000000000000, -2.85000000000000, 0.000000000000000 ) );
#4790 = DIRECTION( '', ( -1.00000000000000, 0.000000000000000, 0.000000000000000 ) );
#4791 = DIRECTION( '', ( 0.000000000000000, 0.000000000000000, 1.00000000000000 ) );
#4792 = SURFACE_STYLE_FILL_AREA( #7234 );
#4793 = ORIENTED_EDGE( '', *, *, #7235, .F. );
#4794 = ORIENTED_EDGE( '', *, *, #6561, .F. );
#4795 = ORIENTED_EDGE( '', *, *, #7051, .T. );
#4796 = ORIENTED_EDGE( '', *, *, #7236, .T. );
#4797 = CARTESIAN_POINT( '', ( 3.32500000000000, -2.00000000000000, 0.860000000000000 ) );
#4798 = DIRECTION( '', ( 1.00000000000000, 0.000000000000000, 0.000000000000000 ) );
#4799 = DIRECTION( '', ( 0.000000000000000, 0.000000000000000, -1.00000000000000 ) );
#4800 = SURFACE_STYLE_FILL_AREA( #7237 );
#4801 = ORIENTED_EDGE( '', *, *, #7238, .T. );
#4802 = ORIENTED_EDGE( '', *, *, #6875, .F. );
#4803 = ORIENTED_EDGE( '', *, *, #7239, .F. );
#4804 = CARTESIAN_POINT( '', ( 2.37500000000000, -2.35000000000000, 8.05000000000000 ) );
#4805 = DIRECTION( '', ( 0.000000000000000, 0.000000000000000, 1.00000000000000 ) );
#4806 = DIRECTION( '', ( 1.00000000000000, 0.000000000000000, 0.000000000000000 ) );
#4807 = SURFACE_STYLE_FILL_AREA( #7240 );
#4808 = ORIENTED_EDGE( '', *, *, #6860, .F. );
#4809 = ORIENTED_EDGE( '', *, *, #7241, .F. );
#4810 = ORIENTED_EDGE( '', *, *, #6987, .F. );
#4811 = ORIENTED_EDGE( '', *, *, #7242, .T. );
#4812 = ORIENTED_EDGE( '', *, *, #7243, .T. );
#4813 = ORIENTED_EDGE( '', *, *, #7244, .T. );
#4814 = ORIENTED_EDGE( '', *, *, #7209, .F. );
#4815 = CARTESIAN_POINT( '', ( -1.29999999999998, -3.95000000000000, -4.40000000000000 ) );
#4816 = DIRECTION( '', ( -0.999741835544943, -1.92697292448439E-016, -0.0227214053532940 ) );
#4817 = DIRECTION( '', ( -0.0227214053532940, 0.000000000000000, 0.999741835544943 ) );
#4818 = SURFACE_STYLE_FILL_AREA( #7245 );
#4819 = ORIENTED_EDGE( '', *, *, #6484, .F. );
#4820 = ORIENTED_EDGE( '', *, *, #6823, .F. );
#4821 = ORIENTED_EDGE( '', *, *, #6803, .T. );
#4822 = ORIENTED_EDGE( '', *, *, #7246, .F. );
#4823 = CARTESIAN_POINT( '', ( -14.1750000000000, -3.15000000000000, -1.00564610011101 ) );
#4824 = DIRECTION( '', ( 0.000000000000000, 0.980580675690920, 0.196116135138184 ) );
#4825 = DIRECTION( '', ( 0.000000000000000, -0.196116135138184, 0.980580675690920 ) );
#4826 = SURFACE_STYLE_FILL_AREA( #7247 );
#4827 = ORIENTED_EDGE( '', *, *, #7248, .T. );
#4828 = ORIENTED_EDGE( '', *, *, #7249, .F. );
#4829 = ORIENTED_EDGE( '', *, *, #7099, .F. );
#4830 = ORIENTED_EDGE( '', *, *, #7250, .F. );
#4831 = ORIENTED_EDGE( '', *, *, #6785, .F. );
#4832 = ORIENTED_EDGE( '', *, *, #7251, .F. );
#4833 = ORIENTED_EDGE( '', *, *, #6940, .F. );
#4834 = ORIENTED_EDGE( '', *, *, #6891, .F. );
#4835 = CARTESIAN_POINT( '', ( 3.40000000000000, 3.45000000000000, 6.30000000000000 ) );
#4836 = DIRECTION( '', ( -0.000000000000000, -0.000000000000000, 1.00000000000000 ) );
#4837 = DIRECTION( '', ( -1.00000000000000, 0.000000000000000, 0.000000000000000 ) );
#4838 = SURFACE_STYLE_FILL_AREA( #7252 );
#4839 = ORIENTED_EDGE( '', *, *, #6447, .T. );
#4840 = ORIENTED_EDGE( '', *, *, #7139, .T. );
#4841 = ORIENTED_EDGE( '', *, *, #7186, .F. );
#4842 = ORIENTED_EDGE( '', *, *, #7072, .F. );
#4843 = CARTESIAN_POINT( '', ( -0.525000000000000, 3.45000000000000, 4.50000000000000 ) );
#4844 = DIRECTION( '', ( 1.00000000000000, 0.000000000000000, 0.000000000000000 ) );
#4845 = DIRECTION( '', ( 0.000000000000000, 0.000000000000000, -1.00000000000000 ) );
#4846 = SURFACE_STYLE_FILL_AREA( #7253 );
#4847 = ORIENTED_EDGE( '', *, *, #7254, .F. );
#4848 = ORIENTED_EDGE( '', *, *, #7130, .T. );
#4849 = ORIENTED_EDGE( '', *, *, #7215, .F. );
#4850 = ORIENTED_EDGE( '', *, *, #7255, .T. );
#4851 = ORIENTED_EDGE( '', *, *, #7256, .F. );
#4852 = ORIENTED_EDGE( '', *, *, #7257, .T. );
#4853 = ORIENTED_EDGE( '', *, *, #7258, .T. );
#4854 = CARTESIAN_POINT( '', ( -1.29999999999998, -3.95000000000000, -4.40000000000000 ) );
#4855 = DIRECTION( '', ( -0.999741835544943, -1.92697292448439E-016, -0.0227214053532940 ) );
#4856 = DIRECTION( '', ( -0.0227214053532940, 0.000000000000000, 0.999741835544943 ) );
#4857 = SURFACE_STYLE_FILL_AREA( #7259 );
#4858 = ORIENTED_EDGE( '', *, *, #7213, .T. );
#4859 = ORIENTED_EDGE( '', *, *, #6872, .F. );
#4860 = ORIENTED_EDGE( '', *, *, #7260, .T. );
#4861 = ORIENTED_EDGE( '', *, *, #6477, .T. );
#4862 = ORIENTED_EDGE( '', *, *, #7261, .F. );
#4863 = ORIENTED_EDGE( '', *, *, #7258, .F. );
#4864 = ORIENTED_EDGE( '', *, *, #7262, .F. );
#4865 = ORIENTED_EDGE( '', *, *, #6756, .F. );
#4866 = ORIENTED_EDGE( '', *, *, #7263, .F. );
#4867 = ORIENTED_EDGE( '', *, *, #6656, .F. );
#4868 = ORIENTED_EDGE( '', *, *, #7264, .F. );
#4869 = ORIENTED_EDGE( '', *, *, #7265, .F. );
#4870 = ORIENTED_EDGE( '', *, *, #7266, .F. );
#4871 = ORIENTED_EDGE( '', *, *, #7267, .T. );
#4872 = ORIENTED_EDGE( '', *, *, #7268, .T. );
#4873 = ORIENTED_EDGE( '', *, *, #7029, .T. );
#4874 = ORIENTED_EDGE( '', *, *, #7203, .T. );
#4875 = ORIENTED_EDGE( '', *, *, #7269, .F. );
#4876 = ORIENTED_EDGE( '', *, *, #7164, .T. );
#4877 = ORIENTED_EDGE( '', *, *, #7118, .F. );
#4878 = ORIENTED_EDGE( '', *, *, #6532, .T. );
#4879 = ORIENTED_EDGE( '', *, *, #6570, .T. );
#4880 = CARTESIAN_POINT( '', ( 3.90000000000000, 3.95000000000000, -2.60000000000000 ) );
#4881 = DIRECTION( '', ( -1.11200222819026E-016, 1.00000000000000, 0.000000000000000 ) );
#4882 = DIRECTION( '', ( -1.00000000000000, -1.11200222819026E-016, 0.000000000000000 ) );
#4883 = SURFACE_STYLE_FILL_AREA( #7270 );
#4884 = ORIENTED_EDGE( '', *, *, #6514, .T. );
#4885 = ORIENTED_EDGE( '', *, *, #6467, .T. );
#4886 = ORIENTED_EDGE( '', *, *, #7271, .T. );
#4887 = ORIENTED_EDGE( '', *, *, #7102, .T. );
#4888 = CARTESIAN_POINT( '', ( -14.1750000000000, 2.85000000000000, -1.00564610011101 ) );
#4889 = DIRECTION( '', ( 0.000000000000000, -0.980580675690920, -0.196116135138184 ) );
#4890 = DIRECTION( '', ( 0.000000000000000, 0.196116135138184, -0.980580675690920 ) );
#4891 = SURFACE_STYLE_FILL_AREA( #7272 );
#4892 = ORIENTED_EDGE( '', *, *, #6660, .T. );
#4893 = ORIENTED_EDGE( '', *, *, #6530, .F. );
#4894 = ORIENTED_EDGE( '', *, *, #7273, .F. );
#4895 = ORIENTED_EDGE( '', *, *, #7274, .F. );
#4896 = CARTESIAN_POINT( '', ( -1.45000000000000, 3.45000000000000, -4.40000000000000 ) );
#4897 = DIRECTION( '', ( 8.67361737988403E-016, 1.00000000000000, -0.000000000000000 ) );
#4898 = DIRECTION( '', ( -1.00000000000000, 8.67361737988403E-016, 0.000000000000000 ) );
#4899 = SURFACE_STYLE_FILL_AREA( #7275 );
#4900 = ORIENTED_EDGE( '', *, *, #6580, .F. );
#4901 = ORIENTED_EDGE( '', *, *, #6888, .F. );
#4902 = ORIENTED_EDGE( '', *, *, #7063, .F. );
#4903 = ORIENTED_EDGE( '', *, *, #6511, .F. );
#4904 = CARTESIAN_POINT( '', ( 3.47500000000000, -3.35000000000000, 2.99435389988899 ) );
#4905 = DIRECTION( '', ( -0.000000000000000, 1.00000000000000, -0.000000000000000 ) );
#4906 = DIRECTION( '', ( 0.000000000000000, 0.000000000000000, -1.00000000000000 ) );
#4907 = SURFACE_STYLE_FILL_AREA( #7276 );
#4908 = ORIENTED_EDGE( '', *, *, #6950, .F. );
#4909 = ORIENTED_EDGE( '', *, *, #6818, .F. );
#4910 = ORIENTED_EDGE( '', *, *, #6620, .F. );
#4911 = ORIENTED_EDGE( '', *, *, #6961, .F. );
#4912 = CARTESIAN_POINT( '', ( -3.47500000000000, -3.35000000000000, 2.99435389988899 ) );
#4913 = DIRECTION( '', ( -0.000000000000000, -1.00000000000000, -0.000000000000000 ) );
#4914 = DIRECTION( '', ( 0.000000000000000, 0.000000000000000, 1.00000000000000 ) );
#4915 = SURFACE_STYLE_FILL_AREA( #7277 );
#4916 = ORIENTED_EDGE( '', *, *, #7097, .T. );
#4917 = ORIENTED_EDGE( '', *, *, #7278, .F. );
#4918 = ORIENTED_EDGE( '', *, *, #6612, .T. );
#4919 = ORIENTED_EDGE( '', *, *, #7235, .T. );
#4920 = ORIENTED_EDGE( '', *, *, #7279, .T. );
#4921 = ORIENTED_EDGE( '', *, *, #7280, .F. );
#4922 = ORIENTED_EDGE( '', *, *, #7281, .F. );
#4923 = ORIENTED_EDGE( '', *, *, #7282, .T. );
#4924 = CARTESIAN_POINT( '', ( 3.32500000000000, 3.95000000000000, 0.850000000000000 ) );
#4925 = DIRECTION( '', ( 0.894427190999914, -6.44345450905125E-016, -0.447213595499963 ) );
#4926 = DIRECTION( '', ( -0.447213595499963, 0.000000000000000, -0.894427190999913 ) );
#4927 = SURFACE_STYLE_FILL_AREA( #7283 );
#4928 = ORIENTED_EDGE( '', *, *, #7284, .F. );
#4929 = ORIENTED_EDGE( '', *, *, #6906, .F. );
#4930 = ORIENTED_EDGE( '', *, *, #7285, .F. );
#4931 = ORIENTED_EDGE( '', *, *, #6459, .F. );
#4932 = CARTESIAN_POINT( '', ( 1.00000000000000, -1.00000000000000, 0.100000000000000 ) );
#4933 = DIRECTION( '', ( 7.22801448323669E-017, 6.97630140850492E-032, -1.00000000000000 ) );
#4934 = DIRECTION( '', ( -1.00000000000000, -2.44775235369814E-016, -7.22801448323669E-017 ) );
#4935 = SURFACE_STYLE_FILL_AREA( #7286 );
#4936 = ORIENTED_EDGE( '', *, *, #7287, .F. );
#4937 = ORIENTED_EDGE( '', *, *, #7288, .T. );
#4938 = ORIENTED_EDGE( '', *, *, #6831, .F. );
#4939 = ORIENTED_EDGE( '', *, *, #6670, .F. );
#4940 = CARTESIAN_POINT( '', ( 3.07500000000000, 3.22500000000000, 0.250000000000000 ) );
#4941 = DIRECTION( '', ( -4.98632005425488E-017, 0.707106781186548, -0.707106781186548 ) );
#4942 = DIRECTION( '', ( 0.000000000000000, 0.707106781186548, 0.707106781186548 ) );
#4943 = SURFACE_STYLE_FILL_AREA( #7289 );
#4944 = ORIENTED_EDGE( '', *, *, #6729, .F. );
#4945 = ORIENTED_EDGE( '', *, *, #7290, .F. );
#4946 = ORIENTED_EDGE( '', *, *, #7291, .F. );
#4947 = CARTESIAN_POINT( '', ( 3.90000000000000, -3.45000000000000, 6.80000000000000 ) );
#4948 = DIRECTION( '', ( -0.000000000000000, 0.000000000000000, -1.00000000000000 ) );
#4949 = DIRECTION( '', ( -1.00000000000000, -2.44775235369814E-016, 0.000000000000000 ) );
#4950 = SURFACE_STYLE_FILL_AREA( #7292 );
#4951 = ORIENTED_EDGE( '', *, *, #7293, .T. );
#4952 = ORIENTED_EDGE( '', *, *, #6594, .F. );
#4953 = ORIENTED_EDGE( '', *, *, #6828, .T. );
#4954 = ORIENTED_EDGE( '', *, *, #6957, .T. );
#4955 = CARTESIAN_POINT( '', ( -14.1750000000000, 2.85000000000000, -1.00564610011101 ) );
#4956 = DIRECTION( '', ( 0.000000000000000, -0.980580675690920, -0.196116135138184 ) );
#4957 = DIRECTION( '', ( 0.000000000000000, 0.196116135138184, -0.980580675690920 ) );
#4958 = SURFACE_STYLE_FILL_AREA( #7294 );
#4959 = ORIENTED_EDGE( '', *, *, #7244, .F. );
#4960 = ORIENTED_EDGE( '', *, *, #7295, .F. );
#4961 = ORIENTED_EDGE( '', *, *, #7036, .F. );
#4962 = ORIENTED_EDGE( '', *, *, #7210, .F. );
#4963 = CARTESIAN_POINT( '', ( -3.90000000000000, -3.25000000000000, -2.60000000000000 ) );
#4964 = DIRECTION( '', ( 6.81463740748166E-017, 0.707106781186547, -0.707106781186548 ) );
#4965 = DIRECTION( '', ( 0.000000000000000, 0.707106781186548, 0.707106781186547 ) );
#4966 = SURFACE_STYLE_FILL_AREA( #7296 );
#4967 = ORIENTED_EDGE( '', *, *, #6664, .F. );
#4968 = ORIENTED_EDGE( '', *, *, #7297, .F. );
#4969 = ORIENTED_EDGE( '', *, *, #6993, .T. );
#4970 = ORIENTED_EDGE( '', *, *, #7298, .F. );
#4971 = ORIENTED_EDGE( '', *, *, #6614, .F. );
#4972 = ORIENTED_EDGE( '', *, *, #7299, .F. );
#4973 = ORIENTED_EDGE( '', *, *, #7300, .F. );
#4974 = ORIENTED_EDGE( '', *, *, #6922, .T. );
#4975 = CARTESIAN_POINT( '', ( -1.65000000000000, 1.14999999999999, 14.0500000000000 ) );
#4976 = DIRECTION( '', ( 9.29268737383864E-017, -0.707106781186548, -0.707106781186547 ) );
#4977 = DIRECTION( '', ( 0.000000000000000, 0.707106781186547, -0.707106781186548 ) );
#4978 = SURFACE_STYLE_FILL_AREA( #7301 );
#4979 = ORIENTED_EDGE( '', *, *, #7185, .F. );
#4980 = ORIENTED_EDGE( '', *, *, #6675, .T. );
#4981 = ORIENTED_EDGE( '', *, *, #6443, .T. );
#4982 = ORIENTED_EDGE( '', *, *, #7074, .T. );
#4983 = CARTESIAN_POINT( '', ( -1.27500000000000, 3.95000000000000, 4.50000000000000 ) );
#4984 = DIRECTION( '', ( -1.00000000000000, 0.000000000000000, 0.000000000000000 ) );
#4985 = DIRECTION( '', ( 0.000000000000000, 0.000000000000000, 1.00000000000000 ) );
#4986 = SURFACE_STYLE_FILL_AREA( #7302 );
#4987 = ORIENTED_EDGE( '', *, *, #7303, .T. );
#4988 = ORIENTED_EDGE( '', *, *, #6747, .T. );
#4989 = ORIENTED_EDGE( '', *, *, #7304, .T. );
#4990 = ORIENTED_EDGE( '', *, *, #6879, .T. );
#4991 = ORIENTED_EDGE( '', *, *, #7305, .T. );
#4992 = ORIENTED_EDGE( '', *, *, #7306, .T. );
#4993 = ORIENTED_EDGE( '', *, *, #6743, .T. );
#4994 = ORIENTED_EDGE( '', *, *, #7020, .T. );
#4995 = CARTESIAN_POINT( '', ( 2.87500000000000, 2.85000000000000, 2.85000000000000 ) );
#4996 = DIRECTION( '', ( 0.000000000000000, 0.000000000000000, -1.00000000000000 ) );
#4997 = DIRECTION( '', ( -1.00000000000000, 0.000000000000000, 0.000000000000000 ) );
#4998 = SURFACE_STYLE_FILL_AREA( #7307 );
#4999 = ORIENTED_EDGE( '', *, *, #6966, .T. );
#5000 = ORIENTED_EDGE( '', *, *, #6813, .F. );
#5001 = ORIENTED_EDGE( '', *, *, #6949, .F. );
#5002 = ORIENTED_EDGE( '', *, *, #6960, .F. );
#5003 = CARTESIAN_POINT( '', ( -3.00000000000000, -3.63635964912281, 3.69435389988899 ) );
#5004 = DIRECTION( '', ( -1.00000000000000, 0.000000000000000, -1.24800250070274E-016 ) );
#5005 = DIRECTION( '', ( -1.24800250070274E-016, 0.000000000000000, 1.00000000000000 ) );
#5006 = SURFACE_STYLE_FILL_AREA( #7308 );
#5007 = ORIENTED_EDGE( '', *, *, #7309, .F. );
#5008 = ORIENTED_EDGE( '', *, *, #7310, .F. );
#5009 = ORIENTED_EDGE( '', *, *, #7311, .T. );
#5010 = ORIENTED_EDGE( '', *, *, #6429, .T. );
#5011 = CARTESIAN_POINT( '', ( -1.82997459621557, 3.30000000000000, 0.850000000000000 ) );
#5012 = DIRECTION( '', ( 3.76367228912797E-048, 1.00000000000000, -5.20706246211423E-032 ) );
#5013 = DIRECTION( '', ( 0.000000000000000, 5.20706246211423E-032, 1.00000000000000 ) );
#5014 = SURFACE_STYLE_FILL_AREA( #7312 );
#5015 = ORIENTED_EDGE( '', *, *, #7024, .F. );
#5016 = ORIENTED_EDGE( '', *, *, #7313, .T. );
#5017 = ORIENTED_EDGE( '', *, *, #6672, .F. );
#5018 = ORIENTED_EDGE( '', *, *, #6833, .F. );
#5019 = ORIENTED_EDGE( '', *, *, #7314, .F. );
#5020 = ORIENTED_EDGE( '', *, *, #6575, .F. );
#5021 = ORIENTED_EDGE( '', *, *, #7233, .F. );
#5022 = ORIENTED_EDGE( '', *, *, #6506, .T. );
#5023 = CARTESIAN_POINT( '', ( -2.87500000000000, 2.85000000000000, 2.85000000000000 ) );
#5024 = DIRECTION( '', ( 0.000000000000000, 0.000000000000000, 1.00000000000000 ) );
#5025 = DIRECTION( '', ( 1.00000000000000, 0.000000000000000, 0.000000000000000 ) );
#5026 = SURFACE_STYLE_FILL_AREA( #7315 );
#5027 = ORIENTED_EDGE( '', *, *, #7316, .T. );
#5028 = ORIENTED_EDGE( '', *, *, #6937, .T. );
#5029 = ORIENTED_EDGE( '', *, *, #6807, .F. );
#5030 = ORIENTED_EDGE( '', *, *, #7317, .F. );
#5031 = ORIENTED_EDGE( '', *, *, #7066, .T. );
#5032 = CARTESIAN_POINT( '', ( 0.371050807568870, 3.45000000000000, 3.50000000000000 ) );
#5033 = DIRECTION( '', ( 1.00000000000000, 2.22400445638052E-016, 0.000000000000000 ) );
#5034 = DIRECTION( '', ( -2.22400445638052E-016, 1.00000000000000, 0.000000000000000 ) );
#5035 = SURFACE_STYLE_FILL_AREA( #7318 );
#5036 = ORIENTED_EDGE( '', *, *, #7319, .T. );
#5037 = ORIENTED_EDGE( '', *, *, #7320, .T. );
#5038 = ORIENTED_EDGE( '', *, *, #6902, .F. );
#5039 = ORIENTED_EDGE( '', *, *, #7321, .T. );
#5040 = ORIENTED_EDGE( '', *, *, #7322, .F. );
#5041 = ORIENTED_EDGE( '', *, *, #6700, .T. );
#5042 = ORIENTED_EDGE( '', *, *, #6820, .F. );
#5043 = ORIENTED_EDGE( '', *, *, #6586, .T. );
#5044 = CARTESIAN_POINT( '', ( 5.00000000000000, -2.00000000000000, 2.84435389988899 ) );
#5045 = DIRECTION( '', ( 0.000000000000000, -1.00000000000000, 0.000000000000000 ) );
#5046 = DIRECTION( '', ( 0.000000000000000, 0.000000000000000, -1.00000000000000 ) );
#5047 = SURFACE_STYLE_FILL_AREA( #7323 );
#5048 = ORIENTED_EDGE( '', *, *, #6836, .T. );
#5049 = ORIENTED_EDGE( '', *, *, #7324, .T. );
#5050 = ORIENTED_EDGE( '', *, *, #7325, .T. );
#5051 = ORIENTED_EDGE( '', *, *, #7216, .F. );
#5052 = CARTESIAN_POINT( '', ( -2.90000000000000, 2.90000000000000, -2.60000000000000 ) );
#5053 = DIRECTION( '', ( -1.00000000000000, -7.47725636196900E-017, 0.000000000000000 ) );
#5054 = DIRECTION( '', ( 7.47725636196900E-017, -1.00000000000000, 0.000000000000000 ) );
#5055 = SURFACE_STYLE_FILL_AREA( #7326 );
#5056 = ORIENTED_EDGE( '', *, *, #7327, .F. );
#5057 = ORIENTED_EDGE( '', *, *, #6718, .F. );
#5058 = ORIENTED_EDGE( '', *, *, #7328, .T. );
#5059 = ORIENTED_EDGE( '', *, *, #6933, .T. );
#5060 = ORIENTED_EDGE( '', *, *, #7329, .F. );
#5061 = CARTESIAN_POINT( '', ( 2.69951476548657, -3.45000000000000, 3.50000000000000 ) );
#5062 = DIRECTION( '', ( -1.08642723642486E-016, -2.43085809738654E-033, 1.00000000000000 ) );
#5063 = DIRECTION( '', ( 1.00000000000000, 0.000000000000000, 1.08642723642486E-016 ) );
#5064 = SURFACE_STYLE_FILL_AREA( #7330 );
#5065 = ORIENTED_EDGE( '', *, *, #7111, .F. );
#5066 = ORIENTED_EDGE( '', *, *, #7331, .T. );
#5067 = ORIENTED_EDGE( '', *, *, #6772, .T. );
#5068 = ORIENTED_EDGE( '', *, *, #7332, .F. );
#5069 = ORIENTED_EDGE( '', *, *, #7333, .F. );
#5070 = CARTESIAN_POINT( '', ( -3.90000000000000, 3.95000000000000, 0.850000000000000 ) );
#5071 = DIRECTION( '', ( 0.000000000000000, 0.000000000000000, -1.00000000000000 ) );
#5072 = DIRECTION( '', ( -1.00000000000000, 0.000000000000000, 0.000000000000000 ) );
#5073 = SURFACE_STYLE_FILL_AREA( #7334 );
#5074 = ORIENTED_EDGE( '', *, *, #7171, .T. );
#5075 = ORIENTED_EDGE( '', *, *, #7335, .T. );
#5076 = ORIENTED_EDGE( '', *, *, #7336, .F. );
#5077 = ORIENTED_EDGE( '', *, *, #7337, .F. );
#5078 = ORIENTED_EDGE( '', *, *, #6707, .T. );
#5079 = CARTESIAN_POINT( '', ( -0.273949192431126, -3.45000000000000, 3.50000000000000 ) );
#5080 = DIRECTION( '', ( -1.00000000000000, -2.23747897317619E-017, 0.000000000000000 ) );
#5081 = DIRECTION( '', ( 2.23747897317619E-017, -1.00000000000000, 0.000000000000000 ) );
#5082 = SURFACE_STYLE_FILL_AREA( #7338 );
#5083 = ORIENTED_EDGE( '', *, *, #7059, .T. );
#5084 = ORIENTED_EDGE( '', *, *, #6886, .T. );
#5085 = ORIENTED_EDGE( '', *, *, #6578, .F. );
#5086 = ORIENTED_EDGE( '', *, *, #7179, .F. );
#5087 = CARTESIAN_POINT( '', ( 3.00000000000000, 3.58776315789474, 3.69435389988899 ) );
#5088 = DIRECTION( '', ( 1.00000000000000, -6.00323223427102E-017, 1.24800250070274E-016 ) );
#5089 = DIRECTION( '', ( 1.24800250070274E-016, 0.000000000000000, -1.00000000000000 ) );
#5090 = SURFACE_STYLE_FILL_AREA( #7339 );
#5091 = ORIENTED_EDGE( '', *, *, #7038, .T. );
#5092 = ORIENTED_EDGE( '', *, *, #7340, .F. );
#5093 = ORIENTED_EDGE( '', *, *, #6969, .F. );
#5094 = ORIENTED_EDGE( '', *, *, #7080, .F. );
#5095 = CARTESIAN_POINT( '', ( -1.45000000000000, -3.45000000000000, -4.40000000000000 ) );
#5096 = DIRECTION( '', ( 0.000000000000000, -1.00000000000000, -0.000000000000000 ) );
#5097 = DIRECTION( '', ( 0.000000000000000, 0.000000000000000, -1.00000000000000 ) );
#5098 = SURFACE_STYLE_FILL_AREA( #7341 );
#5099 = ORIENTED_EDGE( '', *, *, #7342, .F. );
#5100 = ORIENTED_EDGE( '', *, *, #7343, .F. );
#5101 = ORIENTED_EDGE( '', *, *, #6793, .F. );
#5102 = ORIENTED_EDGE( '', *, *, #7076, .F. );
#5103 = CARTESIAN_POINT( '', ( -1.65100000000000, 3.75000000000000, -1.46448789461608E-017 ) );
#5104 = DIRECTION( '', ( -8.18265790555098E-017, -0.000000000000000, -1.00000000000000 ) );
#5105 = DIRECTION( '', ( 1.00000000000000, 0.000000000000000, -8.18265790555098E-017 ) );
#5106 = SURFACE_STYLE_FILL_AREA( #7344 );
#5107 = ORIENTED_EDGE( '', *, *, #7345, .T. );
#5108 = ORIENTED_EDGE( '', *, *, #6710, .T. );
#5109 = ORIENTED_EDGE( '', *, *, #7346, .T. );
#5110 = ORIENTED_EDGE( '', *, *, #6732, .F. );
#5111 = ORIENTED_EDGE( '', *, *, #7026, .T. );
#5112 = ORIENTED_EDGE( '', *, *, #6996, .F. );
#5113 = CARTESIAN_POINT( '', ( 1.27500000000000, -3.95000000000000, 4.50000000000000 ) );
#5114 = DIRECTION( '', ( 0.000000000000000, -0.000000000000000, 1.00000000000000 ) );
#5115 = DIRECTION( '', ( 1.00000000000000, 2.44775235369814E-016, 0.000000000000000 ) );
#5116 = SURFACE_STYLE_FILL_AREA( #7347 );
#5117 = ORIENTED_EDGE( '', *, *, #6746, .T. );
#5118 = ORIENTED_EDGE( '', *, *, #7348, .T. );
#5119 = ORIENTED_EDGE( '', *, *, #6874, .T. );
#5120 = ORIENTED_EDGE( '', *, *, #7304, .F. );
#5121 = CARTESIAN_POINT( '', ( 2.87500000000000, 2.85000000000000, 2.85000000000000 ) );
#5122 = DIRECTION( '', ( -1.00000000000000, 0.000000000000000, 0.000000000000000 ) );
#5123 = DIRECTION( '', ( 0.000000000000000, 0.000000000000000, 1.00000000000000 ) );
#5124 = SURFACE_STYLE_FILL_AREA( #7349 );
#5125 = ORIENTED_EDGE( '', *, *, #7350, .F. );
#5126 = ORIENTED_EDGE( '', *, *, #6797, .F. );
#5127 = ORIENTED_EDGE( '', *, *, #7197, .T. );
#5128 = ORIENTED_EDGE( '', *, *, #7351, .T. );
#5129 = ORIENTED_EDGE( '', *, *, #7092, .F. );
#5130 = ORIENTED_EDGE( '', *, *, #7352, .F. );
#5131 = ORIENTED_EDGE( '', *, *, #7082, .F. );
#5132 = ORIENTED_EDGE( '', *, *, #6553, .F. );
#5133 = CARTESIAN_POINT( '', ( -1.65000000000000, -1.65000000000000, 10.5500000000000 ) );
#5134 = DIRECTION( '', ( 0.000000000000000, 0.000000000000000, 1.00000000000000 ) );
#5135 = DIRECTION( '', ( 1.00000000000000, 0.000000000000000, 0.000000000000000 ) );
#5136 = SURFACE_STYLE_FILL_AREA( #7353 );
#5137 = ORIENTED_EDGE( '', *, *, #7354, .F. );
#5138 = ORIENTED_EDGE( '', *, *, #6682, .F. );
#5139 = ORIENTED_EDGE( '', *, *, #7224, .T. );
#5140 = ORIENTED_EDGE( '', *, *, #7355, .T. );
#5141 = CARTESIAN_POINT( '', ( -2.95000000000000, 1.75000000000000, -2.60000000000000 ) );
#5142 = DIRECTION( '', ( 0.000000000000000, -1.00000000000000, 0.000000000000000 ) );
#5143 = DIRECTION( '', ( 0.000000000000000, 0.000000000000000, -1.00000000000000 ) );
#5144 = SURFACE_STYLE_FILL_AREA( #7356 );
#5145 = ORIENTED_EDGE( '', *, *, #7357, .F. );
#5146 = ORIENTED_EDGE( '', *, *, #6424, .T. );
#5147 = ORIENTED_EDGE( '', *, *, #7358, .F. );
#5148 = ORIENTED_EDGE( '', *, *, #7359, .F. );
#5149 = CARTESIAN_POINT( '', ( -3.40000000000000, 3.55000000000000, 6.80000000000000 ) );
#5150 = DIRECTION( '', ( 0.000000000000000, 0.707106781186549, -0.707106781186546 ) );
#5151 = DIRECTION( '', ( 0.000000000000000, 0.707106781186546, 0.707106781186549 ) );
#5152 = SURFACE_STYLE_FILL_AREA( #7360 );
#5153 = ORIENTED_EDGE( '', *, *, #6757, .T. );
#5154 = ORIENTED_EDGE( '', *, *, #7262, .T. );
#5155 = ORIENTED_EDGE( '', *, *, #7257, .F. );
#5156 = ORIENTED_EDGE( '', *, *, #7361, .F. );
#5157 = CARTESIAN_POINT( '', ( -0.500000000000000, -3.95000000000000, -4.40000000000000 ) );
#5158 = DIRECTION( '', ( 0.000000000000000, 0.000000000000000, -1.00000000000000 ) );
#5159 = DIRECTION( '', ( -1.00000000000000, 0.000000000000000, 0.000000000000000 ) );
#5160 = SURFACE_STYLE_FILL_AREA( #7362 );
#5161 = ORIENTED_EDGE( '', *, *, #7363, .T. );
#5162 = ORIENTED_EDGE( '', *, *, #7364, .T. );
#5163 = CARTESIAN_POINT( '', ( 2.40000000000000, 2.50000000000000, 4.60785923306339E-016 ) );
#5164 = DIRECTION( '', ( 7.22801448323669E-017, -5.20706246211423E-032, -1.00000000000000 ) );
#5165 = DIRECTION( '', ( 1.00000000000000, 0.000000000000000, 7.22801448323669E-017 ) );
#5166 = SURFACE_STYLE_FILL_AREA( #7365 );
#5167 = ORIENTED_EDGE( '', *, *, #7366, .F. );
#5168 = ORIENTED_EDGE( '', *, *, #6646, .F. );
#5169 = ORIENTED_EDGE( '', *, *, #7367, .T. );
#5170 = ORIENTED_EDGE( '', *, *, #7108, .T. );
#5171 = CARTESIAN_POINT( '', ( -3.90000000000000, -2.00000000000000, 0.860000000000000 ) );
#5172 = DIRECTION( '', ( 0.000000000000000, -1.00000000000000, 0.000000000000000 ) );
#5173 = DIRECTION( '', ( 0.000000000000000, 0.000000000000000, -1.00000000000000 ) );
#5174 = SURFACE_STYLE_FILL_AREA( #7368 );
#5175 = ORIENTED_EDGE( '', *, *, #6810, .F. );
#5176 = ORIENTED_EDGE( '', *, *, #6884, .F. );
#5177 = ORIENTED_EDGE( '', *, *, #7067, .T. );
#5178 = ORIENTED_EDGE( '', *, *, #7317, .T. );
#5179 = CARTESIAN_POINT( '', ( -0.278949192431130, 3.45000000000000, 3.50000000000000 ) );
#5180 = DIRECTION( '', ( 0.000000000000000, 0.000000000000000, 1.00000000000000 ) );
#5181 = DIRECTION( '', ( 1.00000000000000, 0.000000000000000, 0.000000000000000 ) );
#5182 = SURFACE_STYLE_FILL_AREA( #7369 );
#5183 = ORIENTED_EDGE( '', *, *, #7370, .F. );
#5184 = ORIENTED_EDGE( '', *, *, #6980, .F. );
#5185 = ORIENTED_EDGE( '', *, *, #7195, .F. );
#5186 = ORIENTED_EDGE( '', *, *, #7047, .F. );
#5187 = CARTESIAN_POINT( '', ( 3.40000000000000, -3.45000000000000, -2.00000000000000 ) );
#5188 = DIRECTION( '', ( 0.000000000000000, 0.000000000000000, 1.00000000000000 ) );
#5189 = DIRECTION( '', ( 1.00000000000000, 0.000000000000000, 0.000000000000000 ) );
#5190 = SURFACE_STYLE_FILL_AREA( #7371 );
#5191 = ORIENTED_EDGE( '', *, *, #6573, .F. );
#5192 = ORIENTED_EDGE( '', *, *, #7372, .T. );
#5193 = ORIENTED_EDGE( '', *, *, #7373, .F. );
#5194 = ORIENTED_EDGE( '', *, *, #7231, .F. );
#5195 = CARTESIAN_POINT( '', ( -3.07500000000000, -3.22500000000000, 0.250000000000000 ) );
#5196 = DIRECTION( '', ( 0.000000000000000, -0.707106781186547, -0.707106781186548 ) );
#5197 = DIRECTION( '', ( 0.000000000000000, 0.707106781186548, -0.707106781186547 ) );
#5198 = SURFACE_STYLE_FILL_AREA( #7374 );
#5199 = ORIENTED_EDGE( '', *, *, #7001, .T. );
#5200 = ORIENTED_EDGE( '', *, *, #7182, .T. );
#5201 = ORIENTED_EDGE( '', *, *, #7105, .T. );
#5202 = ORIENTED_EDGE( '', *, *, #7375, .T. );
#5203 = CARTESIAN_POINT( '', ( -3.32500000000000, 2.00000000000000, 0.860000000000000 ) );
#5204 = DIRECTION( '', ( 0.000000000000000, 0.000000000000000, -1.00000000000000 ) );
#5205 = DIRECTION( '', ( -1.00000000000000, 0.000000000000000, 0.000000000000000 ) );
#5206 = SURFACE_STYLE_FILL_AREA( #7376 );
#5207 = ORIENTED_EDGE( '', *, *, #7377, .F. );
#5208 = ORIENTED_EDGE( '', *, *, #7298, .T. );
#5209 = ORIENTED_EDGE( '', *, *, #7125, .T. );
#5210 = ORIENTED_EDGE( '', *, *, #7378, .F. );
#5211 = CARTESIAN_POINT( '', ( 1.65000000000000, 1.65000000000000, 14.0500000000000 ) );
#5212 = DIRECTION( '', ( 1.31418445149758E-016, -1.00000000000000, 0.000000000000000 ) );
#5213 = DIRECTION( '', ( 1.00000000000000, 1.31418445149758E-016, 0.000000000000000 ) );
#5214 = SURFACE_STYLE_FILL_AREA( #7379 );
#5215 = ORIENTED_EDGE( '', *, *, #7212, .T. );
#5216 = ORIENTED_EDGE( '', *, *, #6973, .F. );
#5217 = ORIENTED_EDGE( '', *, *, #6406, .F. );
#5218 = ORIENTED_EDGE( '', *, *, #6931, .T. );
#5219 = CARTESIAN_POINT( '', ( -3.35000000000000, -3.95000000000000, -2.00000000000000 ) );
#5220 = DIRECTION( '', ( 1.00000000000000, 0.000000000000000, 0.000000000000000 ) );
#5221 = DIRECTION( '', ( 0.000000000000000, 0.000000000000000, -1.00000000000000 ) );
#5222 = SURFACE_STYLE_FILL_AREA( #7380 );
#5223 = ORIENTED_EDGE( '', *, *, #7381, .T. );
#5224 = ORIENTED_EDGE( '', *, *, #7382, .F. );
#5225 = ORIENTED_EDGE( '', *, *, #6955, .F. );
#5226 = ORIENTED_EDGE( '', *, *, #6826, .F. );
#5227 = CARTESIAN_POINT( '', ( -14.1750000000000, 3.35000000000000, -0.00564610011100910 ) );
#5228 = DIRECTION( '', ( 0.000000000000000, -0.980580675690920, 0.196116135138184 ) );
#5229 = DIRECTION( '', ( 0.000000000000000, -0.196116135138184, -0.980580675690920 ) );
#5230 = SURFACE_STYLE_FILL_AREA( #7383 );
#5231 = ORIENTED_EDGE( '', *, *, #7384, .F. );
#5232 = ORIENTED_EDGE( '', *, *, #7113, .F. );
#5233 = ORIENTED_EDGE( '', *, *, #6421, .T. );
#5234 = ORIENTED_EDGE( '', *, *, #7006, .T. );
#5235 = ORIENTED_EDGE( '', *, *, #6775, .T. );
#5236 = CARTESIAN_POINT( '', ( -3.90000000000000, 3.95000000000000, 0.850000000000000 ) );
#5237 = DIRECTION( '', ( 0.000000000000000, 0.000000000000000, -1.00000000000000 ) );
#5238 = DIRECTION( '', ( -1.00000000000000, 0.000000000000000, 0.000000000000000 ) );
#5239 = SURFACE_STYLE_FILL_AREA( #7385 );
#5240 = ORIENTED_EDGE( '', *, *, #7386, .F. );
#5241 = ORIENTED_EDGE( '', *, *, #6410, .T. );
#5242 = ORIENTED_EDGE( '', *, *, #6495, .T. );
#5243 = ORIENTED_EDGE( '', *, *, #7387, .F. );
#5244 = CARTESIAN_POINT( '', ( 1.95105080756887, 3.45000000000000, 0.850000000000000 ) );
#5245 = DIRECTION( '', ( -1.00000000000000, -2.22400445638052E-016, 0.000000000000000 ) );
#5246 = DIRECTION( '', ( 2.22400445638052E-016, -1.00000000000000, 0.000000000000000 ) );
#5247 = SURFACE_STYLE_FILL_AREA( #7388 );
#5248 = ORIENTED_EDGE( '', *, *, #6794, .F. );
#5249 = ORIENTED_EDGE( '', *, *, #7343, .T. );
#5250 = ORIENTED_EDGE( '', *, *, #7389, .T. );
#5251 = ORIENTED_EDGE( '', *, *, #7008, .F. );
#5252 = CARTESIAN_POINT( '', ( -1.95100000000000, 3.45000000000000, 3.50000000000000 ) );
#5253 = DIRECTION( '', ( 1.00000000000000, 2.22400445638052E-016, -8.18265790555098E-017 ) );
#5254 = DIRECTION( '', ( -2.22400445638052E-016, 1.00000000000000, 0.000000000000000 ) );
#5255 = SURFACE_STYLE_FILL_AREA( #7390 );
#5256 = ORIENTED_EDGE( '', *, *, #7391, .T. );
#5257 = ORIENTED_EDGE( '', *, *, #7267, .F. );
#5258 = ORIENTED_EDGE( '', *, *, #7392, .F. );
#5259 = ORIENTED_EDGE( '', *, *, #7393, .F. );
#5260 = CARTESIAN_POINT( '', ( 3.40000000000000, 3.45000000000000, -2.60000000000000 ) );
#5261 = DIRECTION( '', ( -0.000000000000000, -0.000000000000000, -1.00000000000000 ) );
#5262 = DIRECTION( '', ( 1.00000000000000, 0.000000000000000, 0.000000000000000 ) );
#5263 = SURFACE_STYLE_FILL_AREA( #7394 );
#5264 = ORIENTED_EDGE( '', *, *, #6481, .F. );
#5265 = ORIENTED_EDGE( '', *, *, #7395, .F. );
#5266 = ORIENTED_EDGE( '', *, *, #7319, .F. );
#5267 = ORIENTED_EDGE( '', *, *, #6585, .T. );
#5268 = CARTESIAN_POINT( '', ( -3.82500000000000, -3.35000000000000, 3.34435389988899 ) );
#5269 = DIRECTION( '', ( -1.13380619344889E-016, 0.000000000000000, 1.00000000000000 ) );
#5270 = DIRECTION( '', ( 1.00000000000000, 0.000000000000000, 1.13380619344889E-016 ) );
#5271 = SURFACE_STYLE_FILL_AREA( #7396 );
#5272 = ORIENTED_EDGE( '', *, *, #7290, .T. );
#5273 = ORIENTED_EDGE( '', *, *, #6728, .T. );
#5274 = ORIENTED_EDGE( '', *, *, #7397, .T. );
#5275 = ORIENTED_EDGE( '', *, *, #7398, .F. );
#5276 = CARTESIAN_POINT( '', ( 3.40000000000000, -3.95000000000000, 6.70000000000000 ) );
#5277 = DIRECTION( '', ( -0.707106781186549, -1.73082228796529E-016, 0.707106781186546 ) );
#5278 = DIRECTION( '', ( 0.707106781186546, 1.73082228796528E-016, 0.707106781186549 ) );
#5279 = SURFACE_STYLE_FILL_AREA( #7399 );
#5280 = ORIENTED_EDGE( '', *, *, #6719, .F. );
#5281 = ORIENTED_EDGE( '', *, *, #7327, .T. );
#5282 = ORIENTED_EDGE( '', *, *, #7400, .T. );
#5283 = ORIENTED_EDGE( '', *, *, #6851, .F. );
#5284 = CARTESIAN_POINT( '', ( 1.83002540378444, -4.45000000000000, 0.000000000000000 ) );
#5285 = DIRECTION( '', ( -0.000000000000000, 0.000000000000000, -1.00000000000000 ) );
#5286 = DIRECTION( '', ( 1.00000000000000, 2.44775235369814E-016, 0.000000000000000 ) );
#5287 = SURFACE_STYLE_FILL_AREA( #7401 );
#5288 = ORIENTED_EDGE( '', *, *, #6564, .F. );
#5289 = ORIENTED_EDGE( '', *, *, #7402, .T. );
#5290 = ORIENTED_EDGE( '', *, *, #7265, .T. );
#5291 = ORIENTED_EDGE( '', *, *, #7403, .F. );
#5292 = ORIENTED_EDGE( '', *, *, #7404, .F. );
#5293 = ORIENTED_EDGE( '', *, *, #7056, .T. );
#5294 = ORIENTED_EDGE( '', *, *, #7201, .F. );
#5295 = CARTESIAN_POINT( '', ( 1.40000000000002, -3.95000000000000, 0.000000000000000 ) );
#5296 = DIRECTION( '', ( 0.999741835544943, 1.92697292448439E-016, -0.0227214053532941 ) );
#5297 = DIRECTION( '', ( -0.0227214053532941, 0.000000000000000, -0.999741835544943 ) );
#5298 = SURFACE_STYLE_FILL_AREA( #7405 );
#5299 = ORIENTED_EDGE( '', *, *, #7322, .T. );
#5300 = ORIENTED_EDGE( '', *, *, #7406, .T. );
#5301 = ORIENTED_EDGE( '', *, *, #6485, .F. );
#5302 = ORIENTED_EDGE( '', *, *, #7246, .T. );
#5303 = ORIENTED_EDGE( '', *, *, #6802, .T. );
#5304 = ORIENTED_EDGE( '', *, *, #7226, .F. );
#5305 = ORIENTED_EDGE( '', *, *, #7407, .T. );
#5306 = ORIENTED_EDGE( '', *, *, #6701, .T. );
#5307 = CARTESIAN_POINT( '', ( 4.17500000000000, -3.35000000000000, -1.00564610011101 ) );
#5308 = DIRECTION( '', ( -1.00000000000000, 0.000000000000000, 0.000000000000000 ) );
#5309 = DIRECTION( '', ( 0.000000000000000, 0.000000000000000, 1.00000000000000 ) );
#5310 = SURFACE_STYLE_FILL_AREA( #7408 );
#5311 = ORIENTED_EDGE( '', *, *, #7126, .F. );
#5312 = ORIENTED_EDGE( '', *, *, #7122, .T. );
#5313 = ORIENTED_EDGE( '', *, *, #7409, .T. );
#5314 = ORIENTED_EDGE( '', *, *, #7410, .T. );
#5315 = CARTESIAN_POINT( '', ( -1.65000000000000, -1.65000000000000, 14.0500000000000 ) );
#5316 = DIRECTION( '', ( -3.94255335449274E-016, 1.00000000000000, 0.000000000000000 ) );
#5317 = DIRECTION( '', ( -1.00000000000000, -3.94255335449275E-016, 0.000000000000000 ) );
#5318 = SURFACE_STYLE_FILL_AREA( #7411 );
#5319 = ORIENTED_EDGE( '', *, *, #7412, .T. );
#5320 = ORIENTED_EDGE( '', *, *, #7413, .F. );
#5321 = ORIENTED_EDGE( '', *, *, #6605, .F. );
#5322 = ORIENTED_EDGE( '', *, *, #6737, .T. );
#5323 = CARTESIAN_POINT( '', ( 1.83002540378444, -4.45000000000000, 0.850000000000000 ) );
#5324 = DIRECTION( '', ( -7.22801448323669E-017, -6.97630140850492E-032, 1.00000000000000 ) );
#5325 = DIRECTION( '', ( -1.00000000000000, -2.44775235369814E-016, -7.22801448323669E-017 ) );
#5326 = SURFACE_STYLE_FILL_AREA( #7414 );
#5327 = ORIENTED_EDGE( '', *, *, #7096, .T. );
#5328 = ORIENTED_EDGE( '', *, *, #7415, .F. );
#5329 = ORIENTED_EDGE( '', *, *, #7416, .F. );
#5330 = ORIENTED_EDGE( '', *, *, #7417, .T. );
#5331 = CARTESIAN_POINT( '', ( 3.32500000000000, 3.35000000000000, 0.860000000000000 ) );
#5332 = DIRECTION( '', ( 0.000000000000000, 1.00000000000000, 0.000000000000000 ) );
#5333 = DIRECTION( '', ( 0.000000000000000, 0.000000000000000, 1.00000000000000 ) );
#5334 = SURFACE_STYLE_FILL_AREA( #7418 );
#5335 = ORIENTED_EDGE( '', *, *, #7268, .F. );
#5336 = ORIENTED_EDGE( '', *, *, #7391, .F. );
#5337 = ORIENTED_EDGE( '', *, *, #6591, .F. );
#5338 = ORIENTED_EDGE( '', *, *, #7030, .F. );
#5339 = CARTESIAN_POINT( '', ( 3.40000000000000, 3.45000000000000, -2.00000000000000 ) );
#5340 = DIRECTION( '', ( 0.000000000000000, 0.000000000000000, 1.00000000000000 ) );
#5341 = DIRECTION( '', ( 1.00000000000000, 0.000000000000000, 0.000000000000000 ) );
#5342 = SURFACE_STYLE_FILL_AREA( #7419 );
#5343 = ORIENTED_EDGE( '', *, *, #6899, .T. );
#5344 = ORIENTED_EDGE( '', *, *, #6688, .T. );
#5345 = ORIENTED_EDGE( '', *, *, #7205, .F. );
#5346 = ORIENTED_EDGE( '', *, *, #6977, .F. );
#5347 = CARTESIAN_POINT( '', ( 2.25000000000000, -3.95000000000000, -5.20000000000000 ) );
#5348 = DIRECTION( '', ( 1.00000000000000, 8.67361737988416E-016, 0.000000000000000 ) );
#5349 = DIRECTION( '', ( -8.67361737988416E-016, 1.00000000000000, 0.000000000000000 ) );
#5350 = SURFACE_STYLE_FILL_AREA( #7420 );
#5351 = ORIENTED_EDGE( '', *, *, #7421, .T. );
#5352 = ORIENTED_EDGE( '', *, *, #7042, .T. );
#5353 = ORIENTED_EDGE( '', *, *, #7422, .T. );
#5354 = ORIENTED_EDGE( '', *, *, #7416, .T. );
#5355 = CARTESIAN_POINT( '', ( 3.90000000000000, 2.00000000000000, 0.860000000000000 ) );
#5356 = DIRECTION( '', ( 0.000000000000000, 0.000000000000000, -1.00000000000000 ) );
#5357 = DIRECTION( '', ( -1.00000000000000, 0.000000000000000, 0.000000000000000 ) );
#5358 = SURFACE_STYLE_FILL_AREA( #7423 );
#5359 = ORIENTED_EDGE( '', *, *, #7424, .F. );
#5360 = ORIENTED_EDGE( '', *, *, #6602, .F. );
#5361 = ORIENTED_EDGE( '', *, *, #7425, .T. );
#5362 = ORIENTED_EDGE( '', *, *, #7191, .T. );
#5363 = ORIENTED_EDGE( '', *, *, #6841, .T. );
#5364 = ORIENTED_EDGE( '', *, *, #6850, .T. );
#5365 = ORIENTED_EDGE( '', *, *, #7426, .F. );
#5366 = ORIENTED_EDGE( '', *, *, #7332, .T. );
#5367 = ORIENTED_EDGE( '', *, *, #6771, .T. );
#5368 = ORIENTED_EDGE( '', *, *, #7427, .T. );
#5369 = CARTESIAN_POINT( '', ( 3.90000000000000, -3.95000000000000, 6.30000000000000 ) );
#5370 = DIRECTION( '', ( -2.23747897317619E-017, 1.00000000000000, 0.000000000000000 ) );
#5371 = DIRECTION( '', ( 1.00000000000000, 2.23747897317619E-017, 0.000000000000000 ) );
#5372 = SURFACE_STYLE_FILL_AREA( #7428 );
#5373 = ORIENTED_EDGE( '', *, *, #7355, .F. );
#5374 = ORIENTED_EDGE( '', *, *, #7223, .F. );
#5375 = ORIENTED_EDGE( '', *, *, #7429, .T. );
#5376 = ORIENTED_EDGE( '', *, *, #7430, .T. );
#5377 = CARTESIAN_POINT( '', ( -2.90000000000000, 2.90000000000000, -2.60000000000000 ) );
#5378 = DIRECTION( '', ( -1.00000000000000, -7.47725636196900E-017, 0.000000000000000 ) );
#5379 = DIRECTION( '', ( 7.47725636196900E-017, -1.00000000000000, 0.000000000000000 ) );
#5380 = SURFACE_STYLE_FILL_AREA( #7431 );
#5381 = ORIENTED_EDGE( '', *, *, #6864, .T. );
#5382 = ORIENTED_EDGE( '', *, *, #7432, .F. );
#5383 = ORIENTED_EDGE( '', *, *, #7239, .T. );
#5384 = ORIENTED_EDGE( '', *, *, #7348, .F. );
#5385 = CARTESIAN_POINT( '', ( 2.37500000000000, 2.85000000000000, 8.05000000000000 ) );
#5386 = DIRECTION( '', ( -0.000000000000000, 1.00000000000000, -0.000000000000000 ) );
#5387 = DIRECTION( '', ( 0.000000000000000, 0.000000000000000, -1.00000000000000 ) );
#5388 = SURFACE_STYLE_FILL_AREA( #7433 );
#5389 = ORIENTED_EDGE( '', *, *, #7150, .T. );
#5390 = ORIENTED_EDGE( '', *, *, #7434, .T. );
#5391 = ORIENTED_EDGE( '', *, *, #7435, .T. );
#5392 = ORIENTED_EDGE( '', *, *, #7071, .F. );
#5393 = CARTESIAN_POINT( '', ( 1.27500000000000, 3.45000000000000, 4.50000000000000 ) );
#5394 = DIRECTION( '', ( 1.00000000000000, 0.000000000000000, 0.000000000000000 ) );
#5395 = DIRECTION( '', ( 0.000000000000000, 0.000000000000000, -1.00000000000000 ) );
#5396 = SURFACE_STYLE_FILL_AREA( #7436 );
#5397 = ORIENTED_EDGE( '', *, *, #7037, .T. );
#5398 = ORIENTED_EDGE( '', *, *, #7295, .T. );
#5399 = ORIENTED_EDGE( '', *, *, #7243, .F. );
#5400 = ORIENTED_EDGE( '', *, *, #7437, .F. );
#5401 = ORIENTED_EDGE( '', *, *, #7438, .F. );
#5402 = ORIENTED_EDGE( '', *, *, #7087, .T. );
#5403 = ORIENTED_EDGE( '', *, *, #7439, .F. );
#5404 = ORIENTED_EDGE( '', *, *, #6488, .F. );
#5405 = ORIENTED_EDGE( '', *, *, #6545, .F. );
#5406 = ORIENTED_EDGE( '', *, *, #7440, .T. );
#5407 = ORIENTED_EDGE( '', *, *, #6685, .T. );
#5408 = ORIENTED_EDGE( '', *, *, #7441, .T. );
#5409 = ORIENTED_EDGE( '', *, *, #6970, .T. );
#5410 = ORIENTED_EDGE( '', *, *, #7340, .T. );
#5411 = CARTESIAN_POINT( '', ( 2.25000000000000, -3.45000000000000, -5.20000000000000 ) );
#5412 = DIRECTION( '', ( 9.63735264431560E-017, 1.00000000000000, 0.000000000000000 ) );
#5413 = DIRECTION( '', ( -1.00000000000000, 9.63735264431560E-017, 0.000000000000000 ) );
#5414 = SURFACE_STYLE_FILL_AREA( #7442 );
#5415 = ORIENTED_EDGE( '', *, *, #7373, .T. );
#5416 = ORIENTED_EDGE( '', *, *, #7443, .T. );
#5417 = ORIENTED_EDGE( '', *, *, #7287, .T. );
#5418 = ORIENTED_EDGE( '', *, *, #6669, .T. );
#5419 = ORIENTED_EDGE( '', *, *, #7444, .T. );
#5420 = ORIENTED_EDGE( '', *, *, #6457, .T. );
#5421 = ORIENTED_EDGE( '', *, *, #6749, .T. );
#5422 = ORIENTED_EDGE( '', *, *, #7445, .T. );
#5423 = ORIENTED_EDGE( '', *, *, #7446, .T. );
#5424 = ORIENTED_EDGE( '', *, *, #7447, .T. );
#5425 = ORIENTED_EDGE( '', *, *, #7141, .T. );
#5426 = ORIENTED_EDGE( '', *, *, #7448, .T. );
#5427 = ORIENTED_EDGE( '', *, *, #6877, .T. );
#5428 = ORIENTED_EDGE( '', *, *, #7449, .T. );
#5429 = ORIENTED_EDGE( '', *, *, #6508, .T. );
#5430 = ORIENTED_EDGE( '', *, *, #7232, .T. );
#5431 = CARTESIAN_POINT( '', ( -3.07500000000000, 3.22500000000000, 0.000000000000000 ) );
#5432 = DIRECTION( '', ( 0.000000000000000, 0.000000000000000, -1.00000000000000 ) );
#5433 = DIRECTION( '', ( -1.00000000000000, 0.000000000000000, 0.000000000000000 ) );
#5434 = SURFACE_STYLE_FILL_AREA( #7450 );
#5435 = ORIENTED_EDGE( '', *, *, #7451, .T. );
#5436 = ORIENTED_EDGE( '', *, *, #6913, .F. );
#5437 = ORIENTED_EDGE( '', *, *, #6690, .F. );
#5438 = ORIENTED_EDGE( '', *, *, #6453, .T. );
#5439 = CARTESIAN_POINT( '', ( -3.82500000000000, -3.35000000000000, 3.34435389988899 ) );
#5440 = DIRECTION( '', ( -1.13380619344889E-016, 0.000000000000000, 1.00000000000000 ) );
#5441 = DIRECTION( '', ( 1.00000000000000, 0.000000000000000, 1.13380619344889E-016 ) );
#5442 = SURFACE_STYLE_FILL_AREA( #7452 );
#5443 = ORIENTED_EDGE( '', *, *, #6862, .F. );
#5444 = ORIENTED_EDGE( '', *, *, #7208, .F. );
#5445 = ORIENTED_EDGE( '', *, *, #7088, .T. );
#5446 = ORIENTED_EDGE( '', *, *, #7438, .T. );
#5447 = ORIENTED_EDGE( '', *, *, #7453, .F. );
#5448 = ORIENTED_EDGE( '', *, *, #6985, .F. );
#5449 = ORIENTED_EDGE( '', *, *, #7454, .T. );
#5450 = CARTESIAN_POINT( '', ( -0.400000000000017, -3.95000000000000, 0.000000000000000 ) );
#5451 = DIRECTION( '', ( 0.999741835544943, 1.92697292448439E-016, -0.0227214053532912 ) );
#5452 = DIRECTION( '', ( -0.0227214053532912, 0.000000000000000, -0.999741835544943 ) );
#5453 = SURFACE_STYLE_FILL_AREA( #7455 );
#5454 = ORIENTED_EDGE( '', *, *, #7409, .F. );
#5455 = ORIENTED_EDGE( '', *, *, #6615, .T. );
#5456 = ORIENTED_EDGE( '', *, *, #7377, .T. );
#5457 = ORIENTED_EDGE( '', *, *, #7456, .F. );
#5458 = CARTESIAN_POINT( '', ( -1.65000000000000, 1.65000000000000, 14.0500000000000 ) );
#5459 = DIRECTION( '', ( 1.00000000000000, 0.000000000000000, 0.000000000000000 ) );
#5460 = DIRECTION( '', ( 0.000000000000000, 0.000000000000000, -1.00000000000000 ) );
#5461 = SURFACE_STYLE_FILL_AREA( #7457 );
#5462 = ORIENTED_EDGE( '', *, *, #6611, .F. );
#5463 = ORIENTED_EDGE( '', *, *, #7043, .F. );
#5464 = ORIENTED_EDGE( '', *, *, #7421, .F. );
#5465 = ORIENTED_EDGE( '', *, *, #7415, .T. );
#5466 = ORIENTED_EDGE( '', *, *, #7100, .F. );
#5467 = ORIENTED_EDGE( '', *, *, #7249, .T. );
#5468 = ORIENTED_EDGE( '', *, *, #6855, .F. );
#5469 = ORIENTED_EDGE( '', *, *, #7458, .F. );
#5470 = ORIENTED_EDGE( '', *, *, #7459, .F. );
#5471 = ORIENTED_EDGE( '', *, *, #7460, .F. );
#5472 = ORIENTED_EDGE( '', *, *, #7052, .T. );
#5473 = ORIENTED_EDGE( '', *, *, #6559, .T. );
#5474 = CARTESIAN_POINT( '', ( 3.90000000000000, -3.95000000000000, 6.30000000000000 ) );
#5475 = DIRECTION( '', ( -1.00000000000000, -1.09792625061823E-016, 0.000000000000000 ) );
#5476 = DIRECTION( '', ( 1.09792625061823E-016, -1.00000000000000, 0.000000000000000 ) );
#5477 = SURFACE_STYLE_FILL_AREA( #7461 );
#5478 = ORIENTED_EDGE( '', *, *, #7462, .T. );
#5479 = CARTESIAN_POINT( '', ( 2.40000000000000, -2.50000000000000, 4.60785923306339E-016 ) );
#5480 = DIRECTION( '', ( -7.22801448323669E-017, -6.97630140850492E-032, 1.00000000000000 ) );
#5481 = DIRECTION( '', ( 1.00000000000000, 2.44775235369814E-016, 7.22801448323669E-017 ) );
#5482 = SURFACE_STYLE_FILL_AREA( #7463 );
#5483 = ORIENTED_EDGE( '', *, *, #7121, .T. );
#5484 = ORIENTED_EDGE( '', *, *, #7464, .F. );
#5485 = ORIENTED_EDGE( '', *, *, #7299, .T. );
#5486 = ORIENTED_EDGE( '', *, *, #6617, .T. );
#5487 = CARTESIAN_POINT( '', ( -1.65000000000000, 1.65000000000000, 14.0500000000000 ) );
#5488 = DIRECTION( '', ( 0.000000000000000, 0.000000000000000, -1.00000000000000 ) );
#5489 = DIRECTION( '', ( -1.00000000000000, 0.000000000000000, 0.000000000000000 ) );
#5490 = SURFACE_STYLE_FILL_AREA( #7465 );
#5491 = ORIENTED_EDGE( '', *, *, #7011, .F. );
#5492 = ORIENTED_EDGE( '', *, *, #6730, .T. );
#5493 = ORIENTED_EDGE( '', *, *, #7291, .T. );
#5494 = ORIENTED_EDGE( '', *, *, #7398, .T. );
#5495 = ORIENTED_EDGE( '', *, *, #7466, .T. );
#5496 = ORIENTED_EDGE( '', *, *, #7467, .T. );
#5497 = ORIENTED_EDGE( '', *, *, #7468, .T. );
#5498 = ORIENTED_EDGE( '', *, *, #7458, .T. );
#5499 = CARTESIAN_POINT( '', ( 3.40000000000000, -3.45000000000000, 6.30000000000000 ) );
#5500 = DIRECTION( '', ( 0.000000000000000, -0.000000000000000, 1.00000000000000 ) );
#5501 = DIRECTION( '', ( -1.00000000000000, -2.44775235369814E-016, 0.000000000000000 ) );
#5502 = SURFACE_STYLE_FILL_AREA( #7469 );
#5503 = ORIENTED_EDGE( '', *, *, #7134, .T. );
#5504 = ORIENTED_EDGE( '', *, *, #7470, .T. );
#5505 = ORIENTED_EDGE( '', *, *, #6501, .T. );
#5506 = ORIENTED_EDGE( '', *, *, #7471, .F. );
#5507 = CARTESIAN_POINT( '', ( -3.40000000000000, -3.55000000000000, 6.80000000000000 ) );
#5508 = DIRECTION( '', ( 1.73082228796529E-016, -0.707106781186549, -0.707106781186546 ) );
#5509 = DIRECTION( '', ( 1.73082228796528E-016, -0.707106781186546, 0.707106781186549 ) );
#5510 = SURFACE_STYLE_FILL_AREA( #7472 );
#5511 = ORIENTED_EDGE( '', *, *, #7352, .T. );
#5512 = ORIENTED_EDGE( '', *, *, #7094, .F. );
#5513 = ORIENTED_EDGE( '', *, *, #7473, .F. );
#5514 = ORIENTED_EDGE( '', *, *, #7083, .T. );
#5515 = CARTESIAN_POINT( '', ( -1.25000000000000, -1.25000000000000, 11.5500000000000 ) );
#5516 = DIRECTION( '', ( -8.67361737988404E-017, 1.00000000000000, 0.000000000000000 ) );
#5517 = DIRECTION( '', ( -1.00000000000000, -8.67361737988404E-017, 0.000000000000000 ) );
#5518 = SURFACE_STYLE_FILL_AREA( #7474 );
#5519 = ORIENTED_EDGE( '', *, *, #7475, .T. );
#5520 = ORIENTED_EDGE( '', *, *, #7470, .F. );
#5521 = ORIENTED_EDGE( '', *, *, #7133, .T. );
#5522 = ORIENTED_EDGE( '', *, *, #7476, .F. );
#5523 = CARTESIAN_POINT( '', ( -3.50000000000000, -3.45000000000000, 6.80000000000000 ) );
#5524 = DIRECTION( '', ( -0.707106781186549, -1.73082228796529E-016, -0.707106781186546 ) );
#5525 = DIRECTION( '', ( -0.707106781186546, -1.73082228796528E-016, 0.707106781186549 ) );
#5526 = SURFACE_STYLE_FILL_AREA( #7477 );
#5527 = ORIENTED_EDGE( '', *, *, #6539, .F. );
#5528 = ORIENTED_EDGE( '', *, *, #7478, .F. );
#5529 = ORIENTED_EDGE( '', *, *, #6983, .F. );
#5530 = ORIENTED_EDGE( '', *, *, #6489, .T. );
#5531 = ORIENTED_EDGE( '', *, *, #7439, .T. );
#5532 = ORIENTED_EDGE( '', *, *, #7086, .T. );
#5533 = ORIENTED_EDGE( '', *, *, #7207, .F. );
#5534 = CARTESIAN_POINT( '', ( 0.500000000000000, -3.95000000000000, -4.40000000000000 ) );
#5535 = DIRECTION( '', ( -0.999741835544943, -1.92697292448439E-016, -0.0227214053532970 ) );
#5536 = DIRECTION( '', ( -0.0227214053532970, 0.000000000000000, 0.999741835544943 ) );
#5537 = SURFACE_STYLE_FILL_AREA( #7479 );
#5538 = ORIENTED_EDGE( '', *, *, #6941, .F. );
#5539 = ORIENTED_EDGE( '', *, *, #7251, .T. );
#5540 = ORIENTED_EDGE( '', *, *, #6784, .F. );
#5541 = ORIENTED_EDGE( '', *, *, #6893, .F. );
#5542 = CARTESIAN_POINT( '', ( 3.40000000000000, 3.95000000000000, 6.70000000000000 ) );
#5543 = DIRECTION( '', ( -0.707106781186549, 0.000000000000000, 0.707106781186546 ) );
#5544 = DIRECTION( '', ( 0.707106781186546, 0.000000000000000, 0.707106781186549 ) );
#5545 = SURFACE_STYLE_FILL_AREA( #7480 );
#5546 = ORIENTED_EDGE( '', *, *, #7481, .T. );
#5547 = ORIENTED_EDGE( '', *, *, #6713, .F. );
#5548 = ORIENTED_EDGE( '', *, *, #7482, .F. );
#5549 = ORIENTED_EDGE( '', *, *, #6781, .F. );
#5550 = CARTESIAN_POINT( '', ( -1.27500000000000, -3.95000000000000, 4.50000000000000 ) );
#5551 = DIRECTION( '', ( -1.00000000000000, -2.44775235369814E-016, 0.000000000000000 ) );
#5552 = DIRECTION( '', ( 0.000000000000000, 0.000000000000000, 1.00000000000000 ) );
#5553 = SURFACE_STYLE_FILL_AREA( #7483 );
#5554 = ORIENTED_EDGE( '', *, *, #6601, .F. );
#5555 = ORIENTED_EDGE( '', *, *, #7033, .T. );
#5556 = ORIENTED_EDGE( '', *, *, #7192, .T. );
#5557 = ORIENTED_EDGE( '', *, *, #7425, .F. );
#5558 = CARTESIAN_POINT( '', ( -1.95100000000000, -3.45000000000000, 0.850000000000000 ) );
#5559 = DIRECTION( '', ( 1.00000000000000, 2.23747897317619E-017, 8.18265790555098E-017 ) );
#5560 = DIRECTION( '', ( 8.18265790555098E-017, 0.000000000000000, -1.00000000000000 ) );
#5561 = SURFACE_STYLE_FILL_AREA( #7484 );
#5562 = ORIENTED_EDGE( '', *, *, #7485, .T. );
#5563 = ORIENTED_EDGE( '', *, *, #7486, .F. );
#5564 = ORIENTED_EDGE( '', *, *, #7238, .F. );
#5565 = ORIENTED_EDGE( '', *, *, #7487, .F. );
#5566 = CARTESIAN_POINT( '', ( 2.45000000000000, -2.35000000000000, 8.05000000000000 ) );
#5567 = DIRECTION( '', ( 1.00000000000000, 8.85062997947351E-017, -0.000000000000000 ) );
#5568 = DIRECTION( '', ( 8.85062997947351E-017, -1.00000000000000, 0.000000000000000 ) );
#5569 = SURFACE_STYLE_FILL_AREA( #7488 );
#5570 = ORIENTED_EDGE( '', *, *, #7147, .F. );
#5571 = ORIENTED_EDGE( '', *, *, #7489, .F. );
#5572 = ORIENTED_EDGE( '', *, *, #7490, .F. );
#5573 = ORIENTED_EDGE( '', *, *, #7491, .F. );
#5574 = CARTESIAN_POINT( '', ( 0.625000000000000, 3.95000000000000, 4.50000000000000 ) );
#5575 = DIRECTION( '', ( 0.707106781186547, -0.707106781186548, 0.000000000000000 ) );
#5576 = DIRECTION( '', ( 0.707106781186548, 0.707106781186547, 0.000000000000000 ) );
#5577 = SURFACE_STYLE_FILL_AREA( #7492 );
#5578 = ORIENTED_EDGE( '', *, *, #7364, .F. );
#5579 = ORIENTED_EDGE( '', *, *, #7309, .T. );
#5580 = ORIENTED_EDGE( '', *, *, #6428, .T. );
#5581 = ORIENTED_EDGE( '', *, *, #7493, .T. );
#5582 = ORIENTED_EDGE( '', *, *, #7281, .T. );
#5583 = ORIENTED_EDGE( '', *, *, #7494, .F. );
#5584 = ORIENTED_EDGE( '', *, *, #7412, .F. );
#5585 = ORIENTED_EDGE( '', *, *, #6736, .F. );
#5586 = ORIENTED_EDGE( '', *, *, #7495, .F. );
#5587 = ORIENTED_EDGE( '', *, *, #7427, .F. );
#5588 = ORIENTED_EDGE( '', *, *, #6770, .F. );
#5589 = ORIENTED_EDGE( '', *, *, #7005, .T. );
#5590 = ORIENTED_EDGE( '', *, *, #7496, .T. );
#5591 = ORIENTED_EDGE( '', *, *, #6402, .F. );
#5592 = ORIENTED_EDGE( '', *, *, #6526, .F. );
#5593 = ORIENTED_EDGE( '', *, *, #7497, .F. );
#5594 = ORIENTED_EDGE( '', *, *, #6640, .F. );
#5595 = ORIENTED_EDGE( '', *, *, #6535, .F. );
#5596 = ORIENTED_EDGE( '', *, *, #7498, .T. );
#5597 = ORIENTED_EDGE( '', *, *, #7229, .T. );
#5598 = ORIENTED_EDGE( '', *, *, #6461, .T. );
#5599 = ORIENTED_EDGE( '', *, *, #7499, .T. );
#5600 = ORIENTED_EDGE( '', *, *, #6908, .T. );
#5601 = ORIENTED_EDGE( '', *, *, #7500, .T. );
#5602 = CARTESIAN_POINT( '', ( -3.00000000000000, 3.95000000000000, 0.200000000000000 ) );
#5603 = DIRECTION( '', ( 7.22801448323670E-017, -5.20706246211423E-032, -1.00000000000000 ) );
#5604 = DIRECTION( '', ( -1.00000000000000, 0.000000000000000, -7.22801448323670E-017 ) );
#5605 = SURFACE_STYLE_FILL_AREA( #7501 );
#5606 = ORIENTED_EDGE( '', *, *, #7502, .T. );
#5607 = ORIENTED_EDGE( '', *, *, #7163, .F. );
#5608 = ORIENTED_EDGE( '', *, *, #7157, .F. );
#5609 = ORIENTED_EDGE( '', *, *, #7503, .F. );
#5610 = CARTESIAN_POINT( '', ( 1.45000000000001, 3.45000000000000, -4.40000000000000 ) );
#5611 = DIRECTION( '', ( 8.67361737988404E-016, 1.00000000000000, -0.000000000000000 ) );
#5612 = DIRECTION( '', ( -1.00000000000000, 8.67361737988404E-016, 0.000000000000000 ) );
#5613 = SURFACE_STYLE_FILL_AREA( #7504 );
#5614 = ORIENTED_EDGE( '', *, *, #6624, .T. );
#5615 = ORIENTED_EDGE( '', *, *, #6866, .T. );
#5616 = ORIENTED_EDGE( '', *, *, #6927, .T. );
#5617 = ORIENTED_EDGE( '', *, *, #6472, .F. );
#5618 = CARTESIAN_POINT( '', ( -14.1750000000000, -2.65000000000000, -0.00564610011100693 ) );
#5619 = DIRECTION( '', ( 0.000000000000000, 0.980580675690920, -0.196116135138184 ) );
#5620 = DIRECTION( '', ( 0.000000000000000, 0.196116135138184, 0.980580675690920 ) );
#5621 = SURFACE_STYLE_FILL_AREA( #7505 );
#5622 = ORIENTED_EDGE( '', *, *, #7363, .F. );
#5623 = CARTESIAN_POINT( '', ( 2.40000000000000, 2.50000000000000, 4.60785923306339E-016 ) );
#5624 = DIRECTION( '', ( -7.22801448323669E-017, 5.20706246211423E-032, 1.00000000000000 ) );
#5625 = DIRECTION( '', ( 1.00000000000000, 0.000000000000000, 7.22801448323669E-017 ) );
#5626 = SURFACE_STYLE_FILL_AREA( #7506 );
#5627 = ORIENTED_EDGE( '', *, *, #7384, .T. );
#5628 = ORIENTED_EDGE( '', *, *, #7002, .F. );
#5629 = ORIENTED_EDGE( '', *, *, #7375, .F. );
#5630 = ORIENTED_EDGE( '', *, *, #7114, .T. );
#5631 = CARTESIAN_POINT( '', ( -3.90000000000000, 3.35000000000000, 0.860000000000000 ) );
#5632 = DIRECTION( '', ( 0.000000000000000, 1.00000000000000, 0.000000000000000 ) );
#5633 = DIRECTION( '', ( 0.000000000000000, 0.000000000000000, 1.00000000000000 ) );
#5634 = SURFACE_STYLE_FILL_AREA( #7507 );
#5635 = ORIENTED_EDGE( '', *, *, #6474, .F. );
#5636 = ORIENTED_EDGE( '', *, *, #7260, .F. );
#5637 = ORIENTED_EDGE( '', *, *, #6871, .F. );
#5638 = ORIENTED_EDGE( '', *, *, #6550, .F. );
#5639 = CARTESIAN_POINT( '', ( -3.40000000000000, 3.45000000000000, -2.00000000000000 ) );
#5640 = DIRECTION( '', ( 0.000000000000000, 0.000000000000000, 1.00000000000000 ) );
#5641 = DIRECTION( '', ( 1.00000000000000, 0.000000000000000, 0.000000000000000 ) );
#5642 = SURFACE_STYLE_FILL_AREA( #7508 );
#5643 = ORIENTED_EDGE( '', *, *, #6692, .T. );
#5644 = ORIENTED_EDGE( '', *, *, #6912, .T. );
#5645 = ORIENTED_EDGE( '', *, *, #7509, .T. );
#5646 = ORIENTED_EDGE( '', *, *, #6723, .T. );
#5647 = CARTESIAN_POINT( '', ( 4.17500000000000, -3.35000000000000, 3.69435389988899 ) );
#5648 = DIRECTION( '', ( 0.000000000000000, 0.000000000000000, -1.00000000000000 ) );
#5649 = DIRECTION( '', ( -1.00000000000000, 0.000000000000000, 0.000000000000000 ) );
#5650 = SURFACE_STYLE_FILL_AREA( #7510 );
#5651 = ORIENTED_EDGE( '', *, *, #7482, .T. );
#5652 = ORIENTED_EDGE( '', *, *, #6712, .T. );
#5653 = ORIENTED_EDGE( '', *, *, #6634, .T. );
#5654 = ORIENTED_EDGE( '', *, *, #7188, .F. );
#5655 = ORIENTED_EDGE( '', *, *, #7014, .T. );
#5656 = ORIENTED_EDGE( '', *, *, #6778, .F. );
#5657 = CARTESIAN_POINT( '', ( -0.525000000000000, -3.95000000000000, 4.50000000000000 ) );
#5658 = DIRECTION( '', ( 0.000000000000000, -0.000000000000000, 1.00000000000000 ) );
#5659 = DIRECTION( '', ( 1.00000000000000, 2.44775235369814E-016, 0.000000000000000 ) );
#5660 = SURFACE_STYLE_FILL_AREA( #7511 );
#5661 = ORIENTED_EDGE( '', *, *, #7297, .T. );
#5662 = ORIENTED_EDGE( '', *, *, #6667, .F. );
#5663 = ORIENTED_EDGE( '', *, *, #7123, .T. );
#5664 = ORIENTED_EDGE( '', *, *, #6994, .T. );
#5665 = CARTESIAN_POINT( '', ( -1.65000000000000, 1.65000000000000, 14.0500000000000 ) );
#5666 = DIRECTION( '', ( 0.000000000000000, 0.000000000000000, -1.00000000000000 ) );
#5667 = DIRECTION( '', ( -1.00000000000000, 0.000000000000000, 0.000000000000000 ) );
#5668 = SURFACE_STYLE_FILL_AREA( #7512 );
#5669 = ORIENTED_EDGE( '', *, *, #7077, .F. );
#5670 = ORIENTED_EDGE( '', *, *, #6791, .T. );
#5671 = ORIENTED_EDGE( '', *, *, #7007, .T. );
#5672 = ORIENTED_EDGE( '', *, *, #6844, .T. );
#5673 = CARTESIAN_POINT( '', ( -1.82997459621557, 4.45000000000000, 0.000000000000000 ) );
#5674 = DIRECTION( '', ( -0.000000000000000, -0.000000000000000, -1.00000000000000 ) );
#5675 = DIRECTION( '', ( 1.00000000000000, 0.000000000000000, 0.000000000000000 ) );
#5676 = SURFACE_STYLE_FILL_AREA( #7513 );
#5677 = ORIENTED_EDGE( '', *, *, #7514, .F. );
#5678 = ORIENTED_EDGE( '', *, *, #7143, .T. );
#5679 = ORIENTED_EDGE( '', *, *, #6740, .F. );
#5680 = ORIENTED_EDGE( '', *, *, #7306, .F. );
#5681 = CARTESIAN_POINT( '', ( -3.07500000000000, -3.22500000000000, 8.55000000000000 ) );
#5682 = DIRECTION( '', ( 0.000000000000000, 1.00000000000000, 0.000000000000000 ) );
#5683 = DIRECTION( '', ( 0.000000000000000, 0.000000000000000, 1.00000000000000 ) );
#5684 = SURFACE_STYLE_FILL_AREA( #7515 );
#5685 = ORIENTED_EDGE( '', *, *, #7148, .T. );
#5686 = ORIENTED_EDGE( '', *, *, #7491, .T. );
#5687 = ORIENTED_EDGE( '', *, *, #7516, .F. );
#5688 = ORIENTED_EDGE( '', *, *, #7517, .T. );
#5689 = CARTESIAN_POINT( '', ( 1.27500000000000, 3.95000000000000, 4.50000000000000 ) );
#5690 = DIRECTION( '', ( 0.000000000000000, 1.00000000000000, 0.000000000000000 ) );
#5691 = DIRECTION( '', ( 0.000000000000000, 0.000000000000000, 1.00000000000000 ) );
#5692 = SURFACE_STYLE_FILL_AREA( #7518 );
#5693 = ORIENTED_EDGE( '', *, *, #7160, .T. );
#5694 = ORIENTED_EDGE( '', *, *, #7057, .T. );
#5695 = ORIENTED_EDGE( '', *, *, #7404, .T. );
#5696 = ORIENTED_EDGE( '', *, *, #7519, .T. );
#5697 = ORIENTED_EDGE( '', *, *, #6654, .T. );
#5698 = ORIENTED_EDGE( '', *, *, #6764, .T. );
#5699 = ORIENTED_EDGE( '', *, *, #6751, .T. );
#5700 = ORIENTED_EDGE( '', *, *, #7361, .T. );
#5701 = ORIENTED_EDGE( '', *, *, #7256, .T. );
#5702 = ORIENTED_EDGE( '', *, *, #7520, .T. );
#5703 = ORIENTED_EDGE( '', *, *, #6661, .T. );
#5704 = ORIENTED_EDGE( '', *, *, #7274, .T. );
#5705 = ORIENTED_EDGE( '', *, *, #7521, .T. );
#5706 = ORIENTED_EDGE( '', *, *, #7503, .T. );
#5707 = CARTESIAN_POINT( '', ( 2.25000000000000, 3.45000000000000, -5.20000000000000 ) );
#5708 = DIRECTION( '', ( 1.92747052886312E-016, 1.00000000000000, 0.000000000000000 ) );
#5709 = DIRECTION( '', ( -1.00000000000000, 1.92747052886312E-016, 0.000000000000000 ) );
#5710 = SURFACE_STYLE_FILL_AREA( #7522 );
#5711 = ORIENTED_EDGE( '', *, *, #7217, .F. );
#5712 = ORIENTED_EDGE( '', *, *, #7325, .F. );
#5713 = ORIENTED_EDGE( '', *, *, #7523, .F. );
#5714 = ORIENTED_EDGE( '', *, *, #6918, .F. );
#5715 = CARTESIAN_POINT( '', ( -2.35000000000000, -2.35000000000000, -2.60000000000000 ) );
#5716 = DIRECTION( '', ( -0.000000000000000, -0.000000000000000, 1.00000000000000 ) );
#5717 = DIRECTION( '', ( -1.00000000000000, 0.000000000000000, 0.000000000000000 ) );
#5718 = SURFACE_STYLE_FILL_AREA( #7524 );
#5719 = ORIENTED_EDGE( '', *, *, #7285, .T. );
#5720 = ORIENTED_EDGE( '', *, *, #6909, .T. );
#5721 = ORIENTED_EDGE( '', *, *, #7499, .F. );
#5722 = ORIENTED_EDGE( '', *, *, #6460, .F. );
#5723 = CARTESIAN_POINT( '', ( -1.00000000000000, -1.00000000000000, 2.16840434497101E-016 ) );
#5724 = DIRECTION( '', ( 1.00000000000000, 1.36355018121264E-016, 7.22801448323669E-017 ) );
#5725 = DIRECTION( '', ( 1.36355018121264E-016, -1.00000000000000, 0.000000000000000 ) );
#5726 = SURFACE_STYLE_FILL_AREA( #7525 );
#5727 = ORIENTED_EDGE( '', *, *, #7288, .F. );
#5728 = ORIENTED_EDGE( '', *, *, #7443, .F. );
#5729 = ORIENTED_EDGE( '', *, *, #7372, .F. );
#5730 = ORIENTED_EDGE( '', *, *, #7526, .F. );
#5731 = CARTESIAN_POINT( '', ( -3.07500000000000, 3.22500000000000, 0.250000000000000 ) );
#5732 = DIRECTION( '', ( -0.707106781186548, -4.75439819126628E-017, -0.707106781186548 ) );
#5733 = DIRECTION( '', ( -0.707106781186548, 0.000000000000000, 0.707106781186548 ) );
#5734 = SURFACE_STYLE_FILL_AREA( #7527 );
#5735 = ORIENTED_EDGE( '', *, *, #6952, .F. );
#5736 = ORIENTED_EDGE( '', *, *, #6426, .T. );
#5737 = ORIENTED_EDGE( '', *, *, #7528, .F. );
#5738 = ORIENTED_EDGE( '', *, *, #7359, .T. );
#5739 = CARTESIAN_POINT( '', ( -3.50000000000000, 3.45000000000000, 6.80000000000000 ) );
#5740 = DIRECTION( '', ( -0.707106781186549, 0.000000000000000, -0.707106781186546 ) );
#5741 = DIRECTION( '', ( -0.707106781186546, 0.000000000000000, 0.707106781186549 ) );
#5742 = SURFACE_STYLE_FILL_AREA( #7529 );
#5743 = ORIENTED_EDGE( '', *, *, #7528, .T. );
#5744 = ORIENTED_EDGE( '', *, *, #6425, .T. );
#5745 = ORIENTED_EDGE( '', *, *, #7357, .T. );
#5746 = CARTESIAN_POINT( '', ( -3.40000000000000, 3.45000000000000, 6.80000000000000 ) );
#5747 = DIRECTION( '', ( 0.000000000000000, 0.000000000000000, -1.00000000000000 ) );
#5748 = DIRECTION( '', ( -1.00000000000000, 0.000000000000000, 0.000000000000000 ) );
#5749 = SURFACE_STYLE_FILL_AREA( #7530 );
#5750 = ORIENTED_EDGE( '', *, *, #7149, .F. );
#5751 = ORIENTED_EDGE( '', *, *, #7517, .F. );
#5752 = ORIENTED_EDGE( '', *, *, #7531, .F. );
#5753 = ORIENTED_EDGE( '', *, *, #7434, .F. );
#5754 = CARTESIAN_POINT( '', ( 1.27500000000000, 3.85000000000000, 4.50000000000000 ) );
#5755 = DIRECTION( '', ( -0.707106781186547, -0.707106781186548, 0.000000000000000 ) );
#5756 = DIRECTION( '', ( 0.707106781186548, -0.707106781186547, 0.000000000000000 ) );
#5757 = SURFACE_STYLE_FILL_AREA( #7532 );
#5758 = ORIENTED_EDGE( '', *, *, #7061, .T. );
#5759 = ORIENTED_EDGE( '', *, *, #6760, .T. );
#5760 = ORIENTED_EDGE( '', *, *, #6582, .T. );
#5761 = ORIENTED_EDGE( '', *, *, #6896, .T. );
#5762 = ORIENTED_EDGE( '', *, *, #7103, .T. );
#5763 = ORIENTED_EDGE( '', *, *, #7271, .F. );
#5764 = ORIENTED_EDGE( '', *, *, #6466, .T. );
#5765 = ORIENTED_EDGE( '', *, *, #7533, .T. );
#5766 = CARTESIAN_POINT( '', ( 4.17500000000000, -3.35000000000000, -1.00564610011101 ) );
#5767 = DIRECTION( '', ( -1.00000000000000, 0.000000000000000, 0.000000000000000 ) );
#5768 = DIRECTION( '', ( 0.000000000000000, 0.000000000000000, 1.00000000000000 ) );
#5769 = SURFACE_STYLE_FILL_AREA( #7534 );
#5770 = ORIENTED_EDGE( '', *, *, #7535, .T. );
#5771 = ORIENTED_EDGE( '', *, *, #7153, .F. );
#5772 = ORIENTED_EDGE( '', *, *, #7220, .F. );
#5773 = ORIENTED_EDGE( '', *, *, #7536, .T. );
#5774 = CARTESIAN_POINT( '', ( 2.95000000000000, 1.75000000000000, -2.60000000000000 ) );
#5775 = DIRECTION( '', ( 0.000000000000000, 1.00000000000000, 0.000000000000000 ) );
#5776 = DIRECTION( '', ( 0.000000000000000, 0.000000000000000, 1.00000000000000 ) );
#5777 = SURFACE_STYLE_FILL_AREA( #7537 );
#5778 = ORIENTED_EDGE( '', *, *, #7023, .F. );
#5779 = ORIENTED_EDGE( '', *, *, #6788, .T. );
#5780 = ORIENTED_EDGE( '', *, *, #6455, .F. );
#5781 = ORIENTED_EDGE( '', *, *, #7444, .F. );
#5782 = ORIENTED_EDGE( '', *, *, #6673, .F. );
#5783 = ORIENTED_EDGE( '', *, *, #7313, .F. );
#5784 = CARTESIAN_POINT( '', ( -2.37500000000000, 2.35000000000000, 0.000000000000000 ) );
#5785 = DIRECTION( '', ( -0.000000000000000, -0.000000000000000, 1.00000000000000 ) );
#5786 = DIRECTION( '', ( -1.00000000000000, 0.000000000000000, 0.000000000000000 ) );
#5787 = SURFACE_STYLE_FILL_AREA( #7538 );
#5788 = ORIENTED_EDGE( '', *, *, #6401, .F. );
#5789 = CARTESIAN_POINT( '', ( -2.40000000000000, 2.50000000000000, 1.35525271560688E-016 ) );
#5790 = DIRECTION( '', ( -7.22801448323669E-017, 5.20706246211423E-032, 1.00000000000000 ) );
#5791 = DIRECTION( '', ( 1.00000000000000, 0.000000000000000, 7.22801448323669E-017 ) );
#5792 = SURFACE_STYLE_FILL_AREA( #7539 );
#5793 = ORIENTED_EDGE( '', *, *, #7018, .F. );
#5794 = ORIENTED_EDGE( '', *, *, #7540, .T. );
#5795 = ORIENTED_EDGE( '', *, *, #7446, .F. );
#5796 = ORIENTED_EDGE( '', *, *, #7541, .F. );
#5797 = CARTESIAN_POINT( '', ( 3.07500000000000, 3.22500000000000, 0.250000000000000 ) );
#5798 = DIRECTION( '', ( -4.98632005425488E-017, 0.707106781186548, -0.707106781186548 ) );
#5799 = DIRECTION( '', ( 0.000000000000000, 0.707106781186548, 0.707106781186548 ) );
#5800 = SURFACE_STYLE_FILL_AREA( #7542 );
#5801 = ORIENTED_EDGE( '', *, *, #7543, .T. );
#5802 = ORIENTED_EDGE( '', *, *, #6524, .T. );
#5803 = ORIENTED_EDGE( '', *, *, #6534, .T. );
#5804 = ORIENTED_EDGE( '', *, *, #6639, .T. );
#5805 = CARTESIAN_POINT( '', ( 1.00000000000000, 1.00000000000000, 0.100000000000000 ) );
#5806 = DIRECTION( '', ( 7.22801448323669E-017, -5.20706246211423E-032, -1.00000000000000 ) );
#5807 = DIRECTION( '', ( -1.00000000000000, 0.000000000000000, -7.22801448323669E-017 ) );
#5808 = SURFACE_STYLE_FILL_AREA( #7544 );
#5809 = ORIENTED_EDGE( '', *, *, #7075, .F. );
#5810 = ORIENTED_EDGE( '', *, *, #6411, .T. );
#5811 = ORIENTED_EDGE( '', *, *, #7386, .T. );
#5812 = ORIENTED_EDGE( '', *, *, #7545, .F. );
#5813 = ORIENTED_EDGE( '', *, *, #6430, .F. );
#5814 = ORIENTED_EDGE( '', *, *, #7311, .F. );
#5815 = ORIENTED_EDGE( '', *, *, #7546, .F. );
#5816 = ORIENTED_EDGE( '', *, *, #7009, .F. );
#5817 = ORIENTED_EDGE( '', *, *, #7389, .F. );
#5818 = ORIENTED_EDGE( '', *, *, #7342, .T. );
#5819 = CARTESIAN_POINT( '', ( 1.83002540378444, 4.45000000000000, 0.850000000000000 ) );
#5820 = DIRECTION( '', ( -7.22801448323669E-017, 5.20706246211423E-032, 1.00000000000000 ) );
#5821 = DIRECTION( '', ( 1.00000000000000, 0.000000000000000, 7.22801448323669E-017 ) );
#5822 = SURFACE_STYLE_FILL_AREA( #7547 );
#5823 = ORIENTED_EDGE( '', *, *, #6445, .T. );
#5824 = ORIENTED_EDGE( '', *, *, #6677, .T. );
#5825 = ORIENTED_EDGE( '', *, *, #7184, .F. );
#5826 = ORIENTED_EDGE( '', *, *, #7137, .T. );
#5827 = CARTESIAN_POINT( '', ( -0.525000000000000, 3.95000000000000, 4.50000000000000 ) );
#5828 = DIRECTION( '', ( 0.000000000000000, 1.00000000000000, 0.000000000000000 ) );
#5829 = DIRECTION( '', ( 0.000000000000000, 0.000000000000000, 1.00000000000000 ) );
#5830 = SURFACE_STYLE_FILL_AREA( #7548 );
#5831 = ORIENTED_EDGE( '', *, *, #6971, .T. );
#5832 = ORIENTED_EDGE( '', *, *, #7441, .F. );
#5833 = ORIENTED_EDGE( '', *, *, #6684, .F. );
#5834 = ORIENTED_EDGE( '', *, *, #6898, .F. );
#5835 = CARTESIAN_POINT( '', ( 1.45000000000001, -3.45000000000000, -4.40000000000000 ) );
#5836 = DIRECTION( '', ( 8.67361737988406E-016, -1.00000000000000, 0.000000000000000 ) );
#5837 = DIRECTION( '', ( 1.00000000000000, 8.67361737988406E-016, 0.000000000000000 ) );
#5838 = SURFACE_STYLE_FILL_AREA( #7549 );
#5839 = ORIENTED_EDGE( '', *, *, #6832, .T. );
#5840 = ORIENTED_EDGE( '', *, *, #7526, .T. );
#5841 = ORIENTED_EDGE( '', *, *, #6572, .F. );
#5842 = ORIENTED_EDGE( '', *, *, #7314, .T. );
#5843 = CARTESIAN_POINT( '', ( -3.07500000000000, 3.22500000000000, 8.55000000000000 ) );
#5844 = DIRECTION( '', ( 1.00000000000000, 6.72373440301088E-017, 0.000000000000000 ) );
#5845 = DIRECTION( '', ( -6.72373440301088E-017, 1.00000000000000, 0.000000000000000 ) );
#5846 = SURFACE_STYLE_FILL_AREA( #7550 );
#5847 = ORIENTED_EDGE( '', *, *, #7016, .F. );
#5848 = ORIENTED_EDGE( '', *, *, #7189, .F. );
#5849 = ORIENTED_EDGE( '', *, *, #6636, .F. );
#5850 = ORIENTED_EDGE( '', *, *, #6714, .T. );
#5851 = ORIENTED_EDGE( '', *, *, #7481, .F. );
#5852 = ORIENTED_EDGE( '', *, *, #6780, .F. );
#5853 = CARTESIAN_POINT( '', ( 1.27500000000000, -3.95000000000000, 5.50000000000000 ) );
#5854 = DIRECTION( '', ( -1.73082228796529E-016, 0.707106781186550, -0.707106781186545 ) );
#5855 = DIRECTION( '', ( 1.73082228796528E-016, -0.707106781186545, -0.707106781186550 ) );
#5856 = SURFACE_STYLE_FILL_AREA( #7551 );
#5857 = ORIENTED_EDGE( '', *, *, #7552, .F. );
#5858 = ORIENTED_EDGE( '', *, *, #7236, .F. );
#5859 = ORIENTED_EDGE( '', *, *, #7050, .T. );
#5860 = ORIENTED_EDGE( '', *, *, #7460, .T. );
#5861 = CARTESIAN_POINT( '', ( 3.90000000000000, -3.35000000000000, 0.860000000000000 ) );
#5862 = DIRECTION( '', ( 0.000000000000000, 1.00000000000000, 0.000000000000000 ) );
#5863 = DIRECTION( '', ( 0.000000000000000, 0.000000000000000, 1.00000000000000 ) );
#5864 = SURFACE_STYLE_FILL_AREA( #7553 );
#5865 = ORIENTED_EDGE( '', *, *, #7222, .F. );
#5866 = ORIENTED_EDGE( '', *, *, #6946, .F. );
#5867 = ORIENTED_EDGE( '', *, *, #7554, .F. );
#5868 = ORIENTED_EDGE( '', *, *, #7429, .F. );
#5869 = CARTESIAN_POINT( '', ( -2.35000000000000, 2.35000000000000, -2.60000000000000 ) );
#5870 = DIRECTION( '', ( -0.000000000000000, -0.000000000000000, 1.00000000000000 ) );
#5871 = DIRECTION( '', ( -1.00000000000000, 0.000000000000000, 0.000000000000000 ) );
#5872 = SURFACE_STYLE_FILL_AREA( #7555 );
#5873 = ORIENTED_EDGE( '', *, *, #7202, .T. );
#5874 = ORIENTED_EDGE( '', *, *, #7158, .T. );
#5875 = ORIENTED_EDGE( '', *, *, #7162, .T. );
#5876 = ORIENTED_EDGE( '', *, *, #7269, .T. );
#5877 = CARTESIAN_POINT( '', ( 2.25000000000000, 3.95000000000000, -5.20000000000000 ) );
#5878 = DIRECTION( '', ( -1.00000000000000, 8.67361737988391E-016, 0.000000000000000 ) );
#5879 = DIRECTION( '', ( -8.67361737988391E-016, -1.00000000000000, 0.000000000000000 ) );
#5880 = SURFACE_STYLE_FILL_AREA( #7556 );
#5881 = ORIENTED_EDGE( '', *, *, #6631, .T. );
#5882 = ORIENTED_EDGE( '', *, *, #6711, .F. );
#5883 = ORIENTED_EDGE( '', *, *, #7345, .F. );
#5884 = ORIENTED_EDGE( '', *, *, #6998, .F. );
#5885 = CARTESIAN_POINT( '', ( 0.525000000000000, -3.95000000000000, 4.50000000000000 ) );
#5886 = DIRECTION( '', ( -1.00000000000000, -4.61615669866915E-016, 0.000000000000000 ) );
#5887 = DIRECTION( '', ( -4.61615669866915E-016, 1.00000000000000, 0.000000000000000 ) );
#5888 = SURFACE_STYLE_FILL_AREA( #7557 );
#5889 = ORIENTED_EDGE( '', *, *, #7127, .F. );
#5890 = ORIENTED_EDGE( '', *, *, #7410, .F. );
#5891 = ORIENTED_EDGE( '', *, *, #7456, .T. );
#5892 = ORIENTED_EDGE( '', *, *, #7378, .T. );
#5893 = ORIENTED_EDGE( '', *, *, #7084, .T. );
#5894 = ORIENTED_EDGE( '', *, *, #7473, .T. );
#5895 = ORIENTED_EDGE( '', *, *, #7093, .T. );
#5896 = ORIENTED_EDGE( '', *, *, #6555, .T. );
#5897 = CARTESIAN_POINT( '', ( -1.65000000000000, -1.65000000000000, 11.5500000000000 ) );
#5898 = DIRECTION( '', ( 0.000000000000000, 0.000000000000000, -1.00000000000000 ) );
#5899 = DIRECTION( '', ( -1.00000000000000, 0.000000000000000, 0.000000000000000 ) );
#5900 = SURFACE_STYLE_FILL_AREA( #7558 );
#5901 = ORIENTED_EDGE( '', *, *, #7012, .T. );
#5902 = ORIENTED_EDGE( '', *, *, #6853, .T. );
#5903 = ORIENTED_EDGE( '', *, *, #7466, .F. );
#5904 = ORIENTED_EDGE( '', *, *, #7397, .F. );
#5905 = CARTESIAN_POINT( '', ( 3.40000000000000, -3.95000000000000, 6.80000000000000 ) );
#5906 = DIRECTION( '', ( -1.00000000000000, -2.44775235369814E-016, 0.000000000000000 ) );
#5907 = DIRECTION( '', ( 0.000000000000000, 0.000000000000000, 1.00000000000000 ) );
#5908 = SURFACE_STYLE_FILL_AREA( #7559 );
#5909 = ORIENTED_EDGE( '', *, *, #7495, .T. );
#5910 = ORIENTED_EDGE( '', *, *, #6738, .F. );
#5911 = ORIENTED_EDGE( '', *, *, #6603, .F. );
#5912 = ORIENTED_EDGE( '', *, *, #7424, .T. );
#5913 = CARTESIAN_POINT( '', ( -1.82997459621556, -4.45000000000000, 0.850000000000000 ) );
#5914 = DIRECTION( '', ( -7.22801448323669E-017, -6.97630140850492E-032, 1.00000000000000 ) );
#5915 = DIRECTION( '', ( -1.00000000000000, -2.44775235369814E-016, -7.22801448323669E-017 ) );
#5916 = SURFACE_STYLE_FILL_AREA( #7560 );
#5917 = ORIENTED_EDGE( '', *, *, #7561, .F. );
#5918 = ORIENTED_EDGE( '', *, *, #7177, .F. );
#5919 = ORIENTED_EDGE( '', *, *, #6708, .T. );
#5920 = ORIENTED_EDGE( '', *, *, #7337, .T. );
#5921 = CARTESIAN_POINT( '', ( 0.376050807568874, -3.45000000000000, 3.50000000000000 ) );
#5922 = DIRECTION( '', ( 0.000000000000000, 0.000000000000000, 1.00000000000000 ) );
#5923 = DIRECTION( '', ( 1.00000000000000, 0.000000000000000, 0.000000000000000 ) );
#5924 = SURFACE_STYLE_FILL_AREA( #7562 );
#5925 = ORIENTED_EDGE( '', *, *, #7278, .T. );
#5926 = ORIENTED_EDGE( '', *, *, #7417, .F. );
#5927 = ORIENTED_EDGE( '', *, *, #7422, .F. );
#5928 = ORIENTED_EDGE( '', *, *, #7041, .T. );
#5929 = CARTESIAN_POINT( '', ( 3.32500000000000, 3.35000000000000, 0.860000000000000 ) );
#5930 = DIRECTION( '', ( -1.00000000000000, 0.000000000000000, 0.000000000000000 ) );
#5931 = DIRECTION( '', ( 0.000000000000000, 0.000000000000000, 1.00000000000000 ) );
#5932 = SURFACE_STYLE_FILL_AREA( #7563 );
#5933 = ORIENTED_EDGE( '', *, *, #7350, .T. );
#5934 = ORIENTED_EDGE( '', *, *, #7564, .T. );
#5935 = ORIENTED_EDGE( '', *, *, #7565, .T. );
#5936 = ORIENTED_EDGE( '', *, *, #6798, .F. );
#5937 = CARTESIAN_POINT( '', ( 1.65000000000000, -1.65000000000000, 14.0500000000000 ) );
#5938 = DIRECTION( '', ( -1.00000000000000, 0.000000000000000, 0.000000000000000 ) );
#5939 = DIRECTION( '', ( 0.000000000000000, 0.000000000000000, 1.00000000000000 ) );
#5940 = SURFACE_STYLE_FILL_AREA( #7566 );
#5941 = ORIENTED_EDGE( '', *, *, #7351, .F. );
#5942 = ORIENTED_EDGE( '', *, *, #7199, .T. );
#5943 = ORIENTED_EDGE( '', *, *, #7567, .T. );
#5944 = ORIENTED_EDGE( '', *, *, #7564, .F. );
#5945 = CARTESIAN_POINT( '', ( -1.65000000000000, -1.65000000000000, 14.0500000000000 ) );
#5946 = DIRECTION( '', ( -3.94255335449274E-016, 1.00000000000000, 0.000000000000000 ) );
#5947 = DIRECTION( '', ( -1.00000000000000, -3.94255335449275E-016, 0.000000000000000 ) );
#5948 = SURFACE_STYLE_FILL_AREA( #7568 );
#5949 = ORIENTED_EDGE( '', *, *, #7321, .F. );
#5950 = ORIENTED_EDGE( '', *, *, #6904, .F. );
#5951 = ORIENTED_EDGE( '', *, *, #6486, .F. );
#5952 = ORIENTED_EDGE( '', *, *, #7406, .F. );
#5953 = CARTESIAN_POINT( '', ( 3.47500000000000, -3.35000000000000, 2.99435389988899 ) );
#5954 = DIRECTION( '', ( -0.000000000000000, -1.00000000000000, -0.000000000000000 ) );
#5955 = DIRECTION( '', ( 0.000000000000000, 0.000000000000000, 1.00000000000000 ) );
#5956 = SURFACE_STYLE_FILL_AREA( #7569 );
#5957 = ORIENTED_EDGE( '', *, *, #7300, .T. );
#5958 = ORIENTED_EDGE( '', *, *, #7464, .T. );
#5959 = ORIENTED_EDGE( '', *, *, #7120, .T. );
#5960 = ORIENTED_EDGE( '', *, *, #6920, .F. );
#5961 = CARTESIAN_POINT( '', ( -0.749999999999981, 1.65000000000000, 13.8500000000000 ) );
#5962 = DIRECTION( '', ( -1.00000000000000, 0.000000000000000, 0.000000000000000 ) );
#5963 = DIRECTION( '', ( 0.000000000000000, 0.000000000000000, 1.00000000000000 ) );
#5964 = SURFACE_STYLE_FILL_AREA( #7570 );
#5965 = ORIENTED_EDGE( '', *, *, #6903, .F. );
#5966 = ORIENTED_EDGE( '', *, *, #7320, .F. );
#5967 = ORIENTED_EDGE( '', *, *, #7395, .T. );
#5968 = ORIENTED_EDGE( '', *, *, #6480, .F. );
#5969 = CARTESIAN_POINT( '', ( 3.00000000000000, 3.58776315789474, 3.69435389988899 ) );
#5970 = DIRECTION( '', ( 1.00000000000000, -6.00323223427102E-017, 1.24800250070274E-016 ) );
#5971 = DIRECTION( '', ( 1.24800250070274E-016, 0.000000000000000, -1.00000000000000 ) );
#5972 = SURFACE_STYLE_FILL_AREA( #7571 );
#5973 = ORIENTED_EDGE( '', *, *, #7516, .T. );
#5974 = ORIENTED_EDGE( '', *, *, #7490, .T. );
#5975 = ORIENTED_EDGE( '', *, *, #7572, .T. );
#5976 = ORIENTED_EDGE( '', *, *, #7068, .F. );
#5977 = ORIENTED_EDGE( '', *, *, #7435, .F. );
#5978 = ORIENTED_EDGE( '', *, *, #7531, .T. );
#5979 = CARTESIAN_POINT( '', ( 1.27500000000000, 3.95000000000000, 5.50000000000000 ) );
#5980 = DIRECTION( '', ( 0.000000000000000, -0.707106781186550, -0.707106781186545 ) );
#5981 = DIRECTION( '', ( 0.000000000000000, 0.707106781186545, -0.707106781186550 ) );
#5982 = SURFACE_STYLE_FILL_AREA( #7573 );
#5983 = ORIENTED_EDGE( '', *, *, #7572, .F. );
#5984 = ORIENTED_EDGE( '', *, *, #7489, .T. );
#5985 = ORIENTED_EDGE( '', *, *, #7146, .T. );
#5986 = ORIENTED_EDGE( '', *, *, #7069, .T. );
#5987 = CARTESIAN_POINT( '', ( 0.525000000000000, 3.95000000000000, 4.50000000000000 ) );
#5988 = DIRECTION( '', ( -1.00000000000000, 2.16840434497101E-016, 0.000000000000000 ) );
#5989 = DIRECTION( '', ( -2.16840434497101E-016, -1.00000000000000, 0.000000000000000 ) );
#5990 = SURFACE_STYLE_FILL_AREA( #7574 );
#5991 = ORIENTED_EDGE( '', *, *, #6876, .T. );
#5992 = ORIENTED_EDGE( '', *, *, #7486, .T. );
#5993 = ORIENTED_EDGE( '', *, *, #6503, .T. );
#5994 = ORIENTED_EDGE( '', *, *, #7449, .F. );
#5995 = CARTESIAN_POINT( '', ( 2.45000000000000, -2.85000000000000, 0.000000000000000 ) );
#5996 = DIRECTION( '', ( -8.85062997947351E-017, 1.00000000000000, 0.000000000000000 ) );
#5997 = DIRECTION( '', ( -1.00000000000000, -8.85062997947351E-017, 0.000000000000000 ) );
#5998 = SURFACE_STYLE_FILL_AREA( #7575 );
#5999 = ORIENTED_EDGE( '', *, *, #7576, .F. );
#6000 = ORIENTED_EDGE( '', *, *, #7577, .T. );
#6001 = ORIENTED_EDGE( '', *, *, #7046, .T. );
#6002 = ORIENTED_EDGE( '', *, *, #7204, .T. );
#6003 = ORIENTED_EDGE( '', *, *, #6592, .T. );
#6004 = ORIENTED_EDGE( '', *, *, #7393, .T. );
#6005 = CARTESIAN_POINT( '', ( 3.90000000000000, -3.95000000000000, -2.60000000000000 ) );
#6006 = DIRECTION( '', ( 1.00000000000000, 5.48963125309116E-017, 0.000000000000000 ) );
#6007 = DIRECTION( '', ( -5.48963125309116E-017, 1.00000000000000, 0.000000000000000 ) );
#6008 = SURFACE_STYLE_FILL_AREA( #7578 );
#6009 = ORIENTED_EDGE( '', *, *, #7279, .F. );
#6010 = ORIENTED_EDGE( '', *, *, #7552, .T. );
#6011 = ORIENTED_EDGE( '', *, *, #7459, .T. );
#6012 = ORIENTED_EDGE( '', *, *, #7468, .F. );
#6013 = ORIENTED_EDGE( '', *, *, #7579, .F. );
#6014 = CARTESIAN_POINT( '', ( 3.32500000000000, 3.95000000000000, 0.850000000000000 ) );
#6015 = DIRECTION( '', ( 0.000000000000000, 0.000000000000000, -1.00000000000000 ) );
#6016 = DIRECTION( '', ( -1.00000000000000, 0.000000000000000, 0.000000000000000 ) );
#6017 = SURFACE_STYLE_FILL_AREA( #7580 );
#6018 = ORIENTED_EDGE( '', *, *, #7142, .F. );
#6019 = ORIENTED_EDGE( '', *, *, #7447, .F. );
#6020 = ORIENTED_EDGE( '', *, *, #7540, .F. );
#6021 = ORIENTED_EDGE( '', *, *, #6741, .F. );
#6022 = CARTESIAN_POINT( '', ( 3.07500000000000, -3.22500000000000, 0.250000000000000 ) );
#6023 = DIRECTION( '', ( 0.707106781186548, 0.000000000000000, -0.707106781186548 ) );
#6024 = DIRECTION( '', ( -0.707106781186548, 0.000000000000000, -0.707106781186548 ) );
#6025 = SURFACE_STYLE_FILL_AREA( #7581 );
#6026 = ORIENTED_EDGE( '', *, *, #7367, .F. );
#6027 = ORIENTED_EDGE( '', *, *, #6645, .F. );
#6028 = ORIENTED_EDGE( '', *, *, #7582, .F. );
#6029 = ORIENTED_EDGE( '', *, *, #7109, .F. );
#6030 = CARTESIAN_POINT( '', ( -3.32500000000000, -2.00000000000000, 0.860000000000000 ) );
#6031 = DIRECTION( '', ( 0.000000000000000, 0.000000000000000, -1.00000000000000 ) );
#6032 = DIRECTION( '', ( -1.00000000000000, 0.000000000000000, 0.000000000000000 ) );
#6033 = SURFACE_STYLE_FILL_AREA( #7583 );
#6034 = ORIENTED_EDGE( '', *, *, #7248, .F. );
#6035 = ORIENTED_EDGE( '', *, *, #6890, .T. );
#6036 = ORIENTED_EDGE( '', *, *, #6783, .T. );
#6037 = ORIENTED_EDGE( '', *, *, #6856, .F. );
#6038 = CARTESIAN_POINT( '', ( 3.90000000000000, 3.45000000000000, 6.80000000000000 ) );
#6039 = DIRECTION( '', ( 0.000000000000000, -1.00000000000000, 0.000000000000000 ) );
#6040 = DIRECTION( '', ( 0.000000000000000, 0.000000000000000, -1.00000000000000 ) );
#6041 = SURFACE_STYLE_FILL_AREA( #7584 );
#6042 = ORIENTED_EDGE( '', *, *, #6470, .T. );
#6043 = ORIENTED_EDGE( '', *, *, #6926, .F. );
#6044 = ORIENTED_EDGE( '', *, *, #6962, .F. );
#6045 = ORIENTED_EDGE( '', *, *, #6625, .F. );
#6046 = CARTESIAN_POINT( '', ( -14.1750000000000, -3.15000000000000, -1.00564610011101 ) );
#6047 = DIRECTION( '', ( 0.000000000000000, 0.980580675690920, 0.196116135138184 ) );
#6048 = DIRECTION( '', ( 0.000000000000000, -0.196116135138184, 0.980580675690920 ) );
#6049 = SURFACE_STYLE_FILL_AREA( #7585 );
#6050 = ORIENTED_EDGE( '', *, *, #6431, .F. );
#6051 = ORIENTED_EDGE( '', *, *, #7545, .T. );
#6052 = ORIENTED_EDGE( '', *, *, #7387, .T. );
#6053 = ORIENTED_EDGE( '', *, *, #6494, .T. );
#6054 = ORIENTED_EDGE( '', *, *, #6650, .T. );
#6055 = ORIENTED_EDGE( '', *, *, #6857, .F. );
#6056 = ORIENTED_EDGE( '', *, *, #7250, .T. );
#6057 = ORIENTED_EDGE( '', *, *, #7098, .F. );
#6058 = ORIENTED_EDGE( '', *, *, #7282, .F. );
#6059 = ORIENTED_EDGE( '', *, *, #7493, .F. );
#6060 = CARTESIAN_POINT( '', ( 3.90000000000000, 3.95000000000000, 6.30000000000000 ) );
#6061 = DIRECTION( '', ( 2.22400445638052E-016, -1.00000000000000, 0.000000000000000 ) );
#6062 = DIRECTION( '', ( 1.00000000000000, 2.22400445638052E-016, 0.000000000000000 ) );
#6063 = SURFACE_STYLE_FILL_AREA( #7586 );
#6064 = ORIENTED_EDGE( '', *, *, #7400, .F. );
#6065 = ORIENTED_EDGE( '', *, *, #7329, .T. );
#6066 = ORIENTED_EDGE( '', *, *, #6935, .T. );
#6067 = ORIENTED_EDGE( '', *, *, #6606, .F. );
#6068 = ORIENTED_EDGE( '', *, *, #7413, .T. );
#6069 = ORIENTED_EDGE( '', *, *, #7494, .T. );
#6070 = ORIENTED_EDGE( '', *, *, #7280, .T. );
#6071 = ORIENTED_EDGE( '', *, *, #7579, .T. );
#6072 = ORIENTED_EDGE( '', *, *, #7467, .F. );
#6073 = ORIENTED_EDGE( '', *, *, #6852, .T. );
#6074 = CARTESIAN_POINT( '', ( 3.90000000000000, -3.95000000000000, 6.30000000000000 ) );
#6075 = DIRECTION( '', ( -2.23747897317619E-017, 1.00000000000000, 0.000000000000000 ) );
#6076 = DIRECTION( '', ( 1.00000000000000, 2.23747897317619E-017, 0.000000000000000 ) );
#6077 = SURFACE_STYLE_FILL_AREA( #7587 );
#6078 = ORIENTED_EDGE( '', *, *, #7462, .F. );
#6079 = ORIENTED_EDGE( '', *, *, #7498, .F. );
#6080 = CARTESIAN_POINT( '', ( 2.40000000000000, -2.50000000000000, 4.60785923306339E-016 ) );
#6081 = DIRECTION( '', ( 7.22801448323669E-017, 6.97630140850492E-032, -1.00000000000000 ) );
#6082 = DIRECTION( '', ( 1.00000000000000, 2.44775235369814E-016, 7.22801448323669E-017 ) );
#6083 = SURFACE_STYLE_FILL_AREA( #7588 );
#6084 = ORIENTED_EDGE( '', *, *, #7218, .F. );
#6085 = ORIENTED_EDGE( '', *, *, #6916, .F. );
#6086 = ORIENTED_EDGE( '', *, *, #7589, .F. );
#6087 = ORIENTED_EDGE( '', *, *, #6441, .F. );
#6088 = CARTESIAN_POINT( '', ( 2.35000000000000, -2.35000000000000, -2.60000000000000 ) );
#6089 = DIRECTION( '', ( -0.000000000000000, -0.000000000000000, 1.00000000000000 ) );
#6090 = DIRECTION( '', ( -1.00000000000000, 0.000000000000000, 0.000000000000000 ) );
#6091 = SURFACE_STYLE_FILL_AREA( #7590 );
#6092 = ORIENTED_EDGE( '', *, *, #6911, .F. );
#6093 = ORIENTED_EDGE( '', *, *, #7451, .F. );
#6094 = ORIENTED_EDGE( '', *, *, #6452, .T. );
#6095 = ORIENTED_EDGE( '', *, *, #7591, .F. );
#6096 = ORIENTED_EDGE( '', *, *, #7381, .F. );
#6097 = ORIENTED_EDGE( '', *, *, #6825, .F. );
#6098 = ORIENTED_EDGE( '', *, *, #6724, .T. );
#6099 = ORIENTED_EDGE( '', *, *, #7509, .F. );
#6100 = CARTESIAN_POINT( '', ( -3.82500000000000, 3.35000000000000, -1.00564610011101 ) );
#6101 = DIRECTION( '', ( 0.000000000000000, 1.00000000000000, 0.000000000000000 ) );
#6102 = DIRECTION( '', ( 0.000000000000000, 0.000000000000000, 1.00000000000000 ) );
#6103 = SURFACE_STYLE_FILL_AREA( #7592 );
#6104 = ORIENTED_EDGE( '', *, *, #7346, .F. );
#6105 = ORIENTED_EDGE( '', *, *, #6709, .T. );
#6106 = ORIENTED_EDGE( '', *, *, #6629, .F. );
#6107 = ORIENTED_EDGE( '', *, *, #6733, .F. );
#6108 = CARTESIAN_POINT( '', ( 1.27500000000000, -3.45000000000000, 4.50000000000000 ) );
#6109 = DIRECTION( '', ( 1.00000000000000, 2.44775235369814E-016, 0.000000000000000 ) );
#6110 = DIRECTION( '', ( 0.000000000000000, 0.000000000000000, -1.00000000000000 ) );
#6111 = SURFACE_STYLE_FILL_AREA( #7593 );
#6112 = ORIENTED_EDGE( '', *, *, #6522, .F. );
#6113 = ORIENTED_EDGE( '', *, *, #6404, .F. );
#6114 = ORIENTED_EDGE( '', *, *, #6989, .F. );
#6115 = ORIENTED_EDGE( '', *, *, #7594, .F. );
#6116 = CARTESIAN_POINT( '', ( -3.40000000000000, -3.45000000000000, -2.60000000000000 ) );
#6117 = DIRECTION( '', ( -0.000000000000000, -0.000000000000000, -1.00000000000000 ) );
#6118 = DIRECTION( '', ( 1.00000000000000, 0.000000000000000, 0.000000000000000 ) );
#6119 = SURFACE_STYLE_FILL_AREA( #7595 );
#6120 = ORIENTED_EDGE( '', *, *, #6686, .F. );
#6121 = ORIENTED_EDGE( '', *, *, #7440, .F. );
#6122 = ORIENTED_EDGE( '', *, *, #6544, .F. );
#6123 = ORIENTED_EDGE( '', *, *, #7206, .F. );
#6124 = CARTESIAN_POINT( '', ( -3.90000000000000, -3.25000000000000, -2.60000000000000 ) );
#6125 = DIRECTION( '', ( 6.81463740748166E-017, 0.707106781186547, -0.707106781186548 ) );
#6126 = DIRECTION( '', ( 0.000000000000000, 0.707106781186548, 0.707106781186547 ) );
#6127 = SURFACE_STYLE_FILL_AREA( #7596 );
#6128 = ORIENTED_EDGE( '', *, *, #7261, .T. );
#6129 = ORIENTED_EDGE( '', *, *, #6476, .T. );
#6130 = ORIENTED_EDGE( '', *, *, #6518, .T. );
#6131 = ORIENTED_EDGE( '', *, *, #7594, .T. );
#6132 = ORIENTED_EDGE( '', *, *, #6988, .T. );
#6133 = ORIENTED_EDGE( '', *, *, #7241, .T. );
#6134 = ORIENTED_EDGE( '', *, *, #6859, .F. );
#6135 = ORIENTED_EDGE( '', *, *, #7454, .F. );
#6136 = ORIENTED_EDGE( '', *, *, #6984, .T. );
#6137 = ORIENTED_EDGE( '', *, *, #7478, .T. );
#6138 = ORIENTED_EDGE( '', *, *, #6538, .F. );
#6139 = ORIENTED_EDGE( '', *, *, #6547, .F. );
#6140 = ORIENTED_EDGE( '', *, *, #6982, .T. );
#6141 = ORIENTED_EDGE( '', *, *, #7597, .T. );
#6142 = ORIENTED_EDGE( '', *, *, #7576, .T. );
#6143 = ORIENTED_EDGE( '', *, *, #7392, .T. );
#6144 = ORIENTED_EDGE( '', *, *, #7266, .T. );
#6145 = ORIENTED_EDGE( '', *, *, #7402, .F. );
#6146 = ORIENTED_EDGE( '', *, *, #6563, .F. );
#6147 = ORIENTED_EDGE( '', *, *, #6657, .T. );
#6148 = ORIENTED_EDGE( '', *, *, #7263, .T. );
#6149 = ORIENTED_EDGE( '', *, *, #6755, .F. );
#6150 = ORIENTED_EDGE( '', *, *, #7131, .T. );
#6151 = ORIENTED_EDGE( '', *, *, #7254, .T. );
#6152 = ORIENTED_EDGE( '', *, *, #6835, .T. );
#6153 = ORIENTED_EDGE( '', *, *, #6679, .T. );
#6154 = ORIENTED_EDGE( '', *, *, #7354, .T. );
#6155 = ORIENTED_EDGE( '', *, *, #7430, .F. );
#6156 = ORIENTED_EDGE( '', *, *, #7554, .T. );
#6157 = ORIENTED_EDGE( '', *, *, #6945, .F. );
#6158 = ORIENTED_EDGE( '', *, *, #7598, .T. );
#6159 = ORIENTED_EDGE( '', *, *, #7154, .F. );
#6160 = ORIENTED_EDGE( '', *, *, #7535, .F. );
#6161 = ORIENTED_EDGE( '', *, *, #7599, .F. );
#6162 = ORIENTED_EDGE( '', *, *, #6766, .F. );
#6163 = ORIENTED_EDGE( '', *, *, #6438, .F. );
#6164 = ORIENTED_EDGE( '', *, *, #7589, .T. );
#6165 = ORIENTED_EDGE( '', *, *, #6915, .F. );
#6166 = ORIENTED_EDGE( '', *, *, #7523, .T. );
#6167 = ORIENTED_EDGE( '', *, *, #7324, .F. );
#6168 = CARTESIAN_POINT( '', ( -3.90000000000000, 3.95000000000000, 0.000000000000000 ) );
#6169 = DIRECTION( '', ( 0.000000000000000, 0.000000000000000, -1.00000000000000 ) );
#6170 = DIRECTION( '', ( -1.00000000000000, 0.000000000000000, 0.000000000000000 ) );
#6171 = SURFACE_STYLE_FILL_AREA( #7600 );
#6172 = ORIENTED_EDGE( '', *, *, #7448, .F. );
#6173 = ORIENTED_EDGE( '', *, *, #7144, .T. );
#6174 = ORIENTED_EDGE( '', *, *, #7514, .T. );
#6175 = ORIENTED_EDGE( '', *, *, #7305, .F. );
#6176 = ORIENTED_EDGE( '', *, *, #6878, .T. );
#6177 = CARTESIAN_POINT( '', ( 2.45000000000000, -3.22500000000000, 0.000000000000000 ) );
#6178 = DIRECTION( '', ( 1.00000000000000, 0.000000000000000, 0.000000000000000 ) );
#6179 = DIRECTION( '', ( 0.000000000000000, 0.000000000000000, -1.00000000000000 ) );
#6180 = SURFACE_STYLE_FILL_AREA( #7601 );
#6181 = ORIENTED_EDGE( '', *, *, #7211, .F. );
#6182 = ORIENTED_EDGE( '', *, *, #7039, .T. );
#6183 = ORIENTED_EDGE( '', *, *, #7079, .T. );
#6184 = ORIENTED_EDGE( '', *, *, #6975, .T. );
#6185 = CARTESIAN_POINT( '', ( -2.25000000000000, -3.45000000000000, -5.20000000000000 ) );
#6186 = DIRECTION( '', ( -1.00000000000000, 0.000000000000000, 0.000000000000000 ) );
#6187 = DIRECTION( '', ( 0.000000000000000, 0.000000000000000, 1.00000000000000 ) );
#6188 = SURFACE_STYLE_FILL_AREA( #7602 );
#6189 = ORIENTED_EDGE( '', *, *, #7273, .T. );
#6190 = ORIENTED_EDGE( '', *, *, #7117, .F. );
#6191 = ORIENTED_EDGE( '', *, *, #7502, .F. );
#6192 = ORIENTED_EDGE( '', *, *, #7521, .F. );
#6193 = CARTESIAN_POINT( '', ( 2.25000000000000, 3.70000000000000, -5.20000000000000 ) );
#6194 = DIRECTION( '', ( -1.36292748149633E-016, -0.707106781186548, -0.707106781186548 ) );
#6195 = DIRECTION( '', ( 0.000000000000000, 0.707106781186548, -0.707106781186548 ) );
#6196 = SURFACE_STYLE_FILL_AREA( #7603 );
#6197 = ORIENTED_EDGE( '', *, *, #7437, .T. );
#6198 = ORIENTED_EDGE( '', *, *, #7242, .F. );
#6199 = ORIENTED_EDGE( '', *, *, #6986, .F. );
#6200 = ORIENTED_EDGE( '', *, *, #7453, .T. );
#6201 = CARTESIAN_POINT( '', ( -0.500000000000000, -3.95000000000000, -4.40000000000000 ) );
#6202 = DIRECTION( '', ( 0.000000000000000, 0.000000000000000, -1.00000000000000 ) );
#6203 = DIRECTION( '', ( -1.00000000000000, 0.000000000000000, 0.000000000000000 ) );
#6204 = SURFACE_STYLE_FILL_AREA( #7604 );
#6205 = ORIENTED_EDGE( '', *, *, #7166, .T. );
#6206 = ORIENTED_EDGE( '', *, *, #6504, .F. );
#6207 = ORIENTED_EDGE( '', *, *, #7485, .F. );
#6208 = CARTESIAN_POINT( '', ( -2.37500000000000, -2.35000000000000, 8.05000000000000 ) );
#6209 = DIRECTION( '', ( 0.000000000000000, 0.000000000000000, 1.00000000000000 ) );
#6210 = DIRECTION( '', ( 1.00000000000000, 0.000000000000000, 0.000000000000000 ) );
#6211 = SURFACE_STYLE_FILL_AREA( #7605 );
#6212 = ORIENTED_EDGE( '', *, *, #7599, .T. );
#6213 = ORIENTED_EDGE( '', *, *, #7536, .F. );
#6214 = ORIENTED_EDGE( '', *, *, #7219, .F. );
#6215 = ORIENTED_EDGE( '', *, *, #6767, .T. );
#6216 = CARTESIAN_POINT( '', ( 2.95000000000000, -1.75000000000000, -2.60000000000000 ) );
#6217 = DIRECTION( '', ( 1.00000000000000, 0.000000000000000, 0.000000000000000 ) );
#6218 = DIRECTION( '', ( 0.000000000000000, 0.000000000000000, -1.00000000000000 ) );
#6219 = SURFACE_STYLE_FILL_AREA( #7606 );
#6220 = ORIENTED_EDGE( '', *, *, #7181, .F. );
#6221 = ORIENTED_EDGE( '', *, *, #6773, .T. );
#6222 = ORIENTED_EDGE( '', *, *, #7366, .T. );
#6223 = ORIENTED_EDGE( '', *, *, #7107, .F. );
#6224 = CARTESIAN_POINT( '', ( -3.90000000000000, 3.95000000000000, 0.850000000000000 ) );
#6225 = DIRECTION( '', ( 0.000000000000000, 0.000000000000000, -1.00000000000000 ) );
#6226 = DIRECTION( '', ( -1.00000000000000, 0.000000000000000, 0.000000000000000 ) );
#6227 = SURFACE_STYLE_FILL_AREA( #7607 );
#6228 = ORIENTED_EDGE( '', *, *, #7221, .F. );
#6229 = ORIENTED_EDGE( '', *, *, #7155, .F. );
#6230 = ORIENTED_EDGE( '', *, *, #7598, .F. );
#6231 = ORIENTED_EDGE( '', *, *, #6944, .F. );
#6232 = CARTESIAN_POINT( '', ( 2.35000000000000, 2.35000000000000, -2.60000000000000 ) );
#6233 = DIRECTION( '', ( -0.000000000000000, -0.000000000000000, 1.00000000000000 ) );
#6234 = DIRECTION( '', ( -1.00000000000000, 0.000000000000000, 0.000000000000000 ) );
#6235 = SURFACE_STYLE_FILL_AREA( #7608 );
#6236 = ORIENTED_EDGE( '', *, *, #7255, .F. );
#6237 = ORIENTED_EDGE( '', *, *, #7214, .F. );
#6238 = ORIENTED_EDGE( '', *, *, #6662, .F. );
#6239 = ORIENTED_EDGE( '', *, *, #7520, .F. );
#6240 = CARTESIAN_POINT( '', ( 2.25000000000000, 3.45000000000000, -2.80000000000000 ) );
#6241 = DIRECTION( '', ( 1.36292748149633E-016, 0.707106781186548, 0.707106781186547 ) );
#6242 = DIRECTION( '', ( 0.000000000000000, -0.707106781186547, 0.707106781186548 ) );
#6243 = SURFACE_STYLE_FILL_AREA( #7609 );
#6244 = ORIENTED_EDGE( '', *, *, #7403, .T. );
#6245 = ORIENTED_EDGE( '', *, *, #7264, .T. );
#6246 = ORIENTED_EDGE( '', *, *, #6655, .F. );
#6247 = ORIENTED_EDGE( '', *, *, #7519, .F. );
#6248 = CARTESIAN_POINT( '', ( 1.30000000000002, -3.95000000000000, -4.40000000000000 ) );
#6249 = DIRECTION( '', ( 0.000000000000000, 0.000000000000000, -1.00000000000000 ) );
#6250 = DIRECTION( '', ( -1.00000000000000, 0.000000000000000, 0.000000000000000 ) );
#6251 = SURFACE_STYLE_FILL_AREA( #7610 );
#6252 = ORIENTED_EDGE( '', *, *, #6608, .F. );
#6253 = ORIENTED_EDGE( '', *, *, #6934, .F. );
#6254 = ORIENTED_EDGE( '', *, *, #7328, .F. );
#6255 = ORIENTED_EDGE( '', *, *, #6717, .F. );
#6256 = CARTESIAN_POINT( '', ( 1.65105080756888, -3.75000000000000, 0.000000000000000 ) );
#6257 = DIRECTION( '', ( -0.000000000000000, -0.000000000000000, -1.00000000000000 ) );
#6258 = DIRECTION( '', ( 1.00000000000000, 0.000000000000000, 0.000000000000000 ) );
#6259 = SURFACE_STYLE_FILL_AREA( #7611 );
#6260 = ORIENTED_EDGE( '', *, *, #6953, .F. );
#6261 = ORIENTED_EDGE( '', *, *, #7358, .T. );
#6262 = ORIENTED_EDGE( '', *, *, #6423, .T. );
#6263 = ORIENTED_EDGE( '', *, *, #6847, .T. );
#6264 = CARTESIAN_POINT( '', ( -3.40000000000000, 3.45000000000000, 6.80000000000000 ) );
#6265 = DIRECTION( '', ( 0.000000000000000, 1.00000000000000, 0.000000000000000 ) );
#6266 = DIRECTION( '', ( 0.000000000000000, 0.000000000000000, 1.00000000000000 ) );
#6267 = SURFACE_STYLE_FILL_AREA( #7612 );
#6268 = ORIENTED_EDGE( '', *, *, #7591, .T. );
#6269 = ORIENTED_EDGE( '', *, *, #6451, .T. );
#6270 = ORIENTED_EDGE( '', *, *, #6696, .T. );
#6271 = ORIENTED_EDGE( '', *, *, #7173, .T. );
#6272 = ORIENTED_EDGE( '', *, *, #6595, .T. );
#6273 = ORIENTED_EDGE( '', *, *, #7293, .F. );
#6274 = ORIENTED_EDGE( '', *, *, #6956, .T. );
#6275 = ORIENTED_EDGE( '', *, *, #7382, .T. );
#6276 = CARTESIAN_POINT( '', ( -3.82500000000000, -3.35000000000000, -1.00564610011101 ) );
#6277 = DIRECTION( '', ( -1.00000000000000, 0.000000000000000, 0.000000000000000 ) );
#6278 = DIRECTION( '', ( 0.000000000000000, 0.000000000000000, 1.00000000000000 ) );
#6279 = SURFACE_STYLE_FILL_AREA( #7613 );
#6280 = ORIENTED_EDGE( '', *, *, #7487, .T. );
#6281 = ORIENTED_EDGE( '', *, *, #7432, .T. );
#6282 = ORIENTED_EDGE( '', *, *, #6434, .T. );
#6283 = ORIENTED_EDGE( '', *, *, #7167, .T. );
#6284 = ORIENTED_EDGE( '', *, *, #7198, .F. );
#6285 = ORIENTED_EDGE( '', *, *, #6799, .F. );
#6286 = ORIENTED_EDGE( '', *, *, #7565, .F. );
#6287 = ORIENTED_EDGE( '', *, *, #7567, .F. );
#6288 = CARTESIAN_POINT( '', ( -3.07500000000000, 3.22500000000000, 8.55000000000000 ) );
#6289 = DIRECTION( '', ( 0.000000000000000, 0.000000000000000, -1.00000000000000 ) );
#6290 = DIRECTION( '', ( -1.00000000000000, 0.000000000000000, 0.000000000000000 ) );
#6291 = SURFACE_STYLE_FILL_AREA( #7614 );
#6292 = ORIENTED_EDGE( '', *, *, #7335, .F. );
#6293 = ORIENTED_EDGE( '', *, *, #7170, .F. );
#6294 = ORIENTED_EDGE( '', *, *, #7176, .F. );
#6295 = ORIENTED_EDGE( '', *, *, #7615, .F. );
#6296 = CARTESIAN_POINT( '', ( 0.376050807568874, -3.95000000000000, 2.65000000000000 ) );
#6297 = DIRECTION( '', ( -1.58213655469519E-017, 0.707106781186548, 0.707106781186548 ) );
#6298 = DIRECTION( '', ( 0.000000000000000, -0.707106781186548, 0.707106781186548 ) );
#6299 = SURFACE_STYLE_FILL_AREA( #7616 );
#6300 = ORIENTED_EDGE( '', *, *, #7284, .T. );
#6301 = ORIENTED_EDGE( '', *, *, #6462, .T. );
#6302 = ORIENTED_EDGE( '', *, *, #7500, .F. );
#6303 = ORIENTED_EDGE( '', *, *, #6907, .F. );
#6304 = CARTESIAN_POINT( '', ( 1.00000000000000, -3.00000000000000, 3.79470760369927E-016 ) );
#6305 = DIRECTION( '', ( -1.00000000000000, -2.44775235369814E-016, -7.22801448323669E-017 ) );
#6306 = DIRECTION( '', ( -7.22801448323669E-017, -1.76923894639068E-032, 1.00000000000000 ) );
#6307 = SURFACE_STYLE_FILL_AREA( #7617 );
#6308 = ORIENTED_EDGE( '', *, *, #7336, .T. );
#6309 = ORIENTED_EDGE( '', *, *, #7615, .T. );
#6310 = ORIENTED_EDGE( '', *, *, #7175, .T. );
#6311 = ORIENTED_EDGE( '', *, *, #7561, .T. );
#6312 = CARTESIAN_POINT( '', ( 0.376050807568874, -3.95000000000000, 2.20000000000000 ) );
#6313 = DIRECTION( '', ( 2.23747897317619E-017, -1.00000000000000, 0.000000000000000 ) );
#6314 = DIRECTION( '', ( 1.00000000000000, 2.23747897317619E-017, 0.000000000000000 ) );
#6315 = SURFACE_STYLE_FILL_AREA( #7618 );
#6316 = ORIENTED_EDGE( '', *, *, #7496, .F. );
#6317 = ORIENTED_EDGE( '', *, *, #7004, .F. );
#6318 = ORIENTED_EDGE( '', *, *, #7546, .T. );
#6319 = ORIENTED_EDGE( '', *, *, #7310, .T. );
#6320 = CARTESIAN_POINT( '', ( -1.82997459621557, 4.45000000000000, 0.850000000000000 ) );
#6321 = DIRECTION( '', ( -7.22801448323669E-017, 5.20706246211423E-032, 1.00000000000000 ) );
#6322 = DIRECTION( '', ( -1.00000000000000, 0.000000000000000, -7.22801448323669E-017 ) );
#6323 = SURFACE_STYLE_FILL_AREA( #7619 );
#6324 = ORIENTED_EDGE( '', *, *, #7019, .F. );
#6325 = ORIENTED_EDGE( '', *, *, #7541, .T. );
#6326 = ORIENTED_EDGE( '', *, *, #7445, .F. );
#6327 = ORIENTED_EDGE( '', *, *, #6748, .T. );
#6328 = ORIENTED_EDGE( '', *, *, #7303, .F. );
#6329 = CARTESIAN_POINT( '', ( 2.45000000000000, 2.85000000000000, 0.000000000000000 ) );
#6330 = DIRECTION( '', ( 1.00000000000000, 1.15648231731783E-015, 0.000000000000000 ) );
#6331 = DIRECTION( '', ( -1.15648231731783E-015, 1.00000000000000, 0.000000000000000 ) );
#6332 = SURFACE_STYLE_FILL_AREA( #7620 );
#6333 = ORIENTED_EDGE( '', *, *, #7543, .F. );
#6334 = ORIENTED_EDGE( '', *, *, #6641, .T. );
#6335 = ORIENTED_EDGE( '', *, *, #7497, .T. );
#6336 = ORIENTED_EDGE( '', *, *, #6525, .F. );
#6337 = CARTESIAN_POINT( '', ( 1.00000000000000, 3.00000000000000, 3.79470760369927E-016 ) );
#6338 = DIRECTION( '', ( -1.00000000000000, 0.000000000000000, -7.22801448323669E-017 ) );
#6339 = DIRECTION( '', ( -7.22801448323669E-017, 0.000000000000000, 1.00000000000000 ) );
#6340 = SURFACE_STYLE_FILL_AREA( #7621 );
#6341 = ORIENTED_EDGE( '', *, *, #7622, .F. );
#6342 = ORIENTED_EDGE( '', *, *, #7476, .T. );
#6343 = ORIENTED_EDGE( '', *, *, #7135, .T. );
#6344 = ORIENTED_EDGE( '', *, *, #7471, .T. );
#6345 = ORIENTED_EDGE( '', *, *, #6500, .T. );
#6346 = ORIENTED_EDGE( '', *, *, #7112, .T. );
#6347 = ORIENTED_EDGE( '', *, *, #7333, .T. );
#6348 = ORIENTED_EDGE( '', *, *, #7426, .T. );
#6349 = CARTESIAN_POINT( '', ( -3.40000000000000, -3.45000000000000, 6.30000000000000 ) );
#6350 = DIRECTION( '', ( 0.000000000000000, -0.000000000000000, 1.00000000000000 ) );
#6351 = DIRECTION( '', ( -1.00000000000000, -2.44775235369814E-016, 0.000000000000000 ) );
#6352 = SURFACE_STYLE_FILL_AREA( #7623 );
#6353 = ORIENTED_EDGE( '', *, *, #7370, .T. );
#6354 = ORIENTED_EDGE( '', *, *, #7577, .F. );
#6355 = ORIENTED_EDGE( '', *, *, #7597, .F. );
#6356 = ORIENTED_EDGE( '', *, *, #6981, .F. );
#6357 = CARTESIAN_POINT( '', ( 3.40000000000000, -3.45000000000000, -2.60000000000000 ) );
#6358 = DIRECTION( '', ( -0.000000000000000, -0.000000000000000, -1.00000000000000 ) );
#6359 = DIRECTION( '', ( 1.00000000000000, 0.000000000000000, 0.000000000000000 ) );
#6360 = SURFACE_STYLE_FILL_AREA( #7624 );
#6361 = ORIENTED_EDGE( '', *, *, #7227, .F. );
#6362 = ORIENTED_EDGE( '', *, *, #6821, .F. );
#6363 = ORIENTED_EDGE( '', *, *, #6702, .F. );
#6364 = ORIENTED_EDGE( '', *, *, #7407, .F. );
#6365 = CARTESIAN_POINT( '', ( 5.00000000000000, -2.65000000000000, -1.00564610011101 ) );
#6366 = DIRECTION( '', ( 0.000000000000000, -1.00000000000000, 0.000000000000000 ) );
#6367 = DIRECTION( '', ( 0.000000000000000, 0.000000000000000, -1.00000000000000 ) );
#6368 = SURFACE_STYLE_FILL_AREA( #7625 );
#6369 = ORIENTED_EDGE( '', *, *, #6882, .T. );
#6370 = ORIENTED_EDGE( '', *, *, #6938, .T. );
#6371 = ORIENTED_EDGE( '', *, *, #7316, .F. );
#6372 = ORIENTED_EDGE( '', *, *, #7065, .T. );
#6373 = CARTESIAN_POINT( '', ( 0.371050807568870, 3.45000000000000, 2.20000000000000 ) );
#6374 = DIRECTION( '', ( 0.000000000000000, 0.000000000000000, -1.00000000000000 ) );
#6375 = DIRECTION( '', ( -1.00000000000000, 0.000000000000000, 0.000000000000000 ) );
#6376 = SURFACE_STYLE_FILL_AREA( #7626 );
#6377 = ORIENTED_EDGE( '', *, *, #6465, .F. );
#6378 = ORIENTED_EDGE( '', *, *, #6513, .F. );
#6379 = ORIENTED_EDGE( '', *, *, #7062, .T. );
#6380 = ORIENTED_EDGE( '', *, *, #7533, .F. );
#6381 = CARTESIAN_POINT( '', ( -14.1750000000000, 3.35000000000000, -0.00564610011100910 ) );
#6382 = DIRECTION( '', ( 0.000000000000000, -0.980580675690920, 0.196116135138184 ) );
#6383 = DIRECTION( '', ( 0.000000000000000, -0.196116135138184, -0.980580675690920 ) );
#6384 = SURFACE_STYLE_FILL_AREA( #7627 );
#6385 = ORIENTED_EDGE( '', *, *, #7622, .T. );
#6386 = ORIENTED_EDGE( '', *, *, #6849, .F. );
#6387 = ORIENTED_EDGE( '', *, *, #6498, .F. );
#6388 = ORIENTED_EDGE( '', *, *, #7475, .F. );
#6389 = CARTESIAN_POINT( '', ( -3.40000000000000, -3.95000000000000, 6.80000000000000 ) );
#6390 = DIRECTION( '', ( -1.00000000000000, -2.44775235369814E-016, 0.000000000000000 ) );
#6391 = DIRECTION( '', ( 0.000000000000000, 0.000000000000000, 1.00000000000000 ) );
#6392 = SURFACE_STYLE_FILL_AREA( #7628 );
#6393 = ORIENTED_EDGE( '', *, *, #7331, .F. );
#6394 = ORIENTED_EDGE( '', *, *, #7110, .F. );
#6395 = ORIENTED_EDGE( '', *, *, #7582, .T. );
#6396 = ORIENTED_EDGE( '', *, *, #6644, .T. );
#6397 = CARTESIAN_POINT( '', ( -3.32500000000000, -3.35000000000000, 0.860000000000000 ) );
#6398 = DIRECTION( '', ( 0.000000000000000, 1.00000000000000, 0.000000000000000 ) );
#6399 = DIRECTION( '', ( 0.000000000000000, 0.000000000000000, 1.00000000000000 ) );
#6400 = FILL_AREA_STYLE( '', ( #7629 ) );
#6401 = EDGE_CURVE( '', #7630, #7630, #7631, .T. );
#6402 = EDGE_CURVE( '', #7632, #7632, #7633, .T. );
#6403 = FILL_AREA_STYLE( '', ( #7634 ) );
#6404 = EDGE_CURVE( '', #7635, #7636, #7637, .T. );
#6405 = EDGE_CURVE( '', #7636, #7638, #7639, .T. );
#6406 = EDGE_CURVE( '', #7638, #7640, #7641, .T. );
#6407 = EDGE_CURVE( '', #7640, #7635, #7642, .T. );
#6408 = FILL_AREA_STYLE( '', ( #7643 ) );
#6409 = EDGE_CURVE( '', #7644, #7645, #7646, .F. );
#6410 = EDGE_CURVE( '', #7647, #7644, #7648, .F. );
#6411 = EDGE_CURVE( '', #7649, #7647, #7650, .T. );
#6412 = EDGE_CURVE( '', #7645, #7649, #7651, .T. );
#6413 = FILL_AREA_STYLE( '', ( #7652 ) );
#6414 = EDGE_CURVE( '', #7653, #7654, #7655, .F. );
#6415 = EDGE_CURVE( '', #7654, #7656, #7657, .T. );
#6416 = EDGE_CURVE( '', #7656, #7658, #7659, .F. );
#6417 = EDGE_CURVE( '', #7653, #7658, #7660, .T. );
#6418 = FILL_AREA_STYLE( '', ( #7661 ) );
#6419 = EDGE_CURVE( '', #7662, #7663, #7664, .T. );
#6420 = EDGE_CURVE( '', #7665, #7663, #7666, .F. );
#6421 = EDGE_CURVE( '', #7667, #7665, #7668, .T. );
#6422 = EDGE_CURVE( '', #7669, #7667, #7670, .T. );
#6423 = EDGE_CURVE( '', #7671, #7669, #7672, .T. );
#6424 = EDGE_CURVE( '', #7673, #7671, #7674, .F. );
#6425 = EDGE_CURVE( '', #7675, #7673, #7676, .F. );
#6426 = EDGE_CURVE( '', #7662, #7675, #7677, .F. );
#6427 = FILL_AREA_STYLE( '', ( #7678 ) );
#6428 = EDGE_CURVE( '', #7679, #7680, #7681, .T. );
#6429 = EDGE_CURVE( '', #7682, #7679, #7683, .T. );
#6430 = EDGE_CURVE( '', #7682, #7684, #7685, .T. );
#6431 = EDGE_CURVE( '', #7684, #7680, #7686, .T. );
#6432 = FILL_AREA_STYLE( '', ( #7687 ) );
#6433 = EDGE_CURVE( '', #7688, #7689, #7690, .T. );
#6434 = EDGE_CURVE( '', #7691, #7689, #7692, .F. );
#6435 = EDGE_CURVE( '', #7693, #7691, #7694, .T. );
#6436 = EDGE_CURVE( '', #7688, #7693, #7695, .T. );
#6437 = FILL_AREA_STYLE( '', ( #7696 ) );
#6438 = EDGE_CURVE( '', #7697, #7698, #7699, .T. );
#6439 = EDGE_CURVE( '', #7700, #7698, #7701, .T. );
#6440 = EDGE_CURVE( '', #7702, #7700, #7703, .T. );
#6441 = EDGE_CURVE( '', #7702, #7697, #7704, .T. );
#6442 = FILL_AREA_STYLE( '', ( #7705 ) );
#6443 = EDGE_CURVE( '', #7706, #7707, #7708, .T. );
#6444 = EDGE_CURVE( '', #7706, #7709, #7710, .F. );
#6445 = EDGE_CURVE( '', #7711, #7709, #7712, .T. );
#6446 = EDGE_CURVE( '', #7711, #7713, #7714, .F. );
#6447 = EDGE_CURVE( '', #7715, #7713, #7716, .T. );
#6448 = EDGE_CURVE( '', #7707, #7715, #7717, .T. );
#6449 = FILL_AREA_STYLE( '', ( #7718 ) );
#6450 = EDGE_CURVE( '', #7719, #7720, #7721, .T. );
#6451 = EDGE_CURVE( '', #7722, #7719, #7723, .F. );
#6452 = EDGE_CURVE( '', #7724, #7722, #7725, .F. );
#6453 = EDGE_CURVE( '', #7720, #7724, #7726, .T. );
#6454 = FILL_AREA_STYLE( '', ( #7727 ) );
#6455 = EDGE_CURVE( '', #7728, #7688, #7729, .T. );
#6456 = EDGE_CURVE( '', #7693, #7730, #7731, .F. );
#6457 = EDGE_CURVE( '', #7728, #7730, #7732, .T. );
#6458 = FILL_AREA_STYLE( '', ( #7733 ) );
#6459 = EDGE_CURVE( '', #7734, #7735, #7736, .T. );
#6460 = EDGE_CURVE( '', #7735, #7737, #7738, .T. );
#6461 = EDGE_CURVE( '', #7739, #7737, #7740, .T. );
#6462 = EDGE_CURVE( '', #7734, #7739, #7741, .T. );
#6463 = FILL_AREA_STYLE( '', ( #7742 ) );
#6464 = EDGE_CURVE( '', #7743, #7744, #7745, .T. );
#6465 = EDGE_CURVE( '', #7744, #7746, #7747, .T. );
#6466 = EDGE_CURVE( '', #7748, #7746, #7749, .T. );
#6467 = EDGE_CURVE( '', #7743, #7748, #7750, .T. );
#6468 = FILL_AREA_STYLE( '', ( #7751 ) );
#6469 = EDGE_CURVE( '', #7752, #7753, #7754, .T. );
#6470 = EDGE_CURVE( '', #7755, #7752, #7756, .T. );
#6471 = EDGE_CURVE( '', #7755, #7757, #7758, .T. );
#6472 = EDGE_CURVE( '', #7757, #7753, #7759, .T. );
#6473 = FILL_AREA_STYLE( '', ( #7760 ) );
#6474 = EDGE_CURVE( '', #7761, #7762, #7763, .T. );
#6475 = EDGE_CURVE( '', #7764, #7762, #7765, .F. );
#6476 = EDGE_CURVE( '', #7766, #7764, #7767, .F. );
#6477 = EDGE_CURVE( '', #7761, #7766, #7768, .T. );
#6478 = FILL_AREA_STYLE( '', ( #7769 ) );
#6479 = EDGE_CURVE( '', #7770, #7771, #7772, .T. );
#6480 = EDGE_CURVE( '', #7771, #7773, #7774, .T. );
#6481 = EDGE_CURVE( '', #7773, #7775, #7776, .T. );
#6482 = EDGE_CURVE( '', #7775, #7777, #7778, .T. );
#6483 = EDGE_CURVE( '', #7777, #7779, #7780, .T. );
#6484 = EDGE_CURVE( '', #7779, #7781, #7782, .T. );
#6485 = EDGE_CURVE( '', #7781, #7783, #7784, .T. );
#6486 = EDGE_CURVE( '', #7783, #7770, #7785, .F. );
#6487 = FILL_AREA_STYLE( '', ( #7786 ) );
#6488 = EDGE_CURVE( '', #7787, #7788, #7789, .T. );
#6489 = EDGE_CURVE( '', #7790, #7788, #7791, .T. );
#6490 = EDGE_CURVE( '', #7792, #7790, #7793, .T. );
#6491 = EDGE_CURVE( '', #7792, #7787, #7794, .T. );
#6492 = FILL_AREA_STYLE( '', ( #7795 ) );
#6493 = EDGE_CURVE( '', #7796, #7797, #7798, .F. );
#6494 = EDGE_CURVE( '', #7799, #7796, #7800, .T. );
#6495 = EDGE_CURVE( '', #7644, #7799, #7801, .T. );
#6496 = EDGE_CURVE( '', #7797, #7645, #7802, .T. );
#6497 = FILL_AREA_STYLE( '', ( #7803 ) );
#6498 = EDGE_CURVE( '', #7804, #7805, #7806, .T. );
#6499 = EDGE_CURVE( '', #7807, #7805, #7808, .T. );
#6500 = EDGE_CURVE( '', #7809, #7807, #7810, .T. );
#6501 = EDGE_CURVE( '', #7804, #7809, #7811, .T. );
#6502 = FILL_AREA_STYLE( '', ( #7812 ) );
#6503 = EDGE_CURVE( '', #7813, #7814, #7815, .F. );
#6504 = EDGE_CURVE( '', #7813, #7816, #7817, .T. );
#6505 = EDGE_CURVE( '', #7818, #7816, #7819, .T. );
#6506 = EDGE_CURVE( '', #7820, #7818, #7821, .F. );
#6507 = EDGE_CURVE( '', #7822, #7820, #7823, .F. );
#6508 = EDGE_CURVE( '', #7814, #7822, #7824, .T. );
#6509 = FILL_AREA_STYLE( '', ( #7825 ) );
#6510 = EDGE_CURVE( '', #7826, #7827, #7828, .T. );
#6511 = EDGE_CURVE( '', #7827, #7829, #7830, .T. );
#6512 = EDGE_CURVE( '', #7829, #7831, #7832, .T. );
#6513 = EDGE_CURVE( '', #7831, #7744, #7833, .T. );
#6514 = EDGE_CURVE( '', #7834, #7743, #7835, .T. );
#6515 = EDGE_CURVE( '', #7834, #7836, #7837, .T. );
#6516 = EDGE_CURVE( '', #7836, #7826, #7838, .T. );
#6517 = FILL_AREA_STYLE( '', ( #7839 ) );
#6518 = EDGE_CURVE( '', #7764, #7840, #7841, .T. );
#6519 = EDGE_CURVE( '', #7762, #7842, #7843, .T. );
#6520 = EDGE_CURVE( '', #7842, #7844, #7845, .T. );
#6521 = EDGE_CURVE( '', #7844, #7636, #7846, .T. );
#6522 = EDGE_CURVE( '', #7636, #7840, #7847, .T. );
#6523 = FILL_AREA_STYLE( '', ( #7848 ) );
#6524 = EDGE_CURVE( '', #7849, #7850, #7851, .T. );
#6525 = EDGE_CURVE( '', #7849, #7852, #7853, .T. );
#6526 = EDGE_CURVE( '', #7852, #7854, #7855, .T. );
#6527 = EDGE_CURVE( '', #7850, #7854, #7856, .T. );
#6528 = FILL_AREA_STYLE( '', ( #7857 ) );
#6529 = EDGE_CURVE( '', #7858, #7859, #7860, .T. );
#6530 = EDGE_CURVE( '', #7858, #7861, #7862, .T. );
#6531 = EDGE_CURVE( '', #7863, #7861, #7864, .F. );
#6532 = EDGE_CURVE( '', #7859, #7863, #7865, .T. );
#6533 = FILL_AREA_STYLE( '', ( #7866 ) );
#6534 = EDGE_CURVE( '', #7850, #7867, #7868, .T. );
#6535 = EDGE_CURVE( '', #7854, #7869, #7870, .T. );
#6536 = EDGE_CURVE( '', #7867, #7869, #7871, .T. );
#6537 = FILL_AREA_STYLE( '', ( #7872 ) );
#6538 = EDGE_CURVE( '', #7873, #7874, #7875, .T. );
#6539 = EDGE_CURVE( '', #7874, #7876, #7877, .T. );
#6540 = EDGE_CURVE( '', #7878, #7876, #7879, .T. );
#6541 = EDGE_CURVE( '', #7878, #7873, #7880, .T. );
#6542 = FILL_AREA_STYLE( '', ( #7881 ) );
#6543 = EDGE_CURVE( '', #7882, #7878, #7883, .T. );
#6544 = EDGE_CURVE( '', #7882, #7884, #7885, .F. );
#6545 = EDGE_CURVE( '', #7884, #7787, #7886, .T. );
#6546 = EDGE_CURVE( '', #7887, #7792, #7888, .T. );
#6547 = EDGE_CURVE( '', #7887, #7873, #7889, .T. );
#6548 = FILL_AREA_STYLE( '', ( #7890 ) );
#6549 = EDGE_CURVE( '', #7842, #7891, #7892, .T. );
#6550 = EDGE_CURVE( '', #7762, #7893, #7894, .T. );
#6551 = EDGE_CURVE( '', #7893, #7891, #7895, .T. );
#6552 = FILL_AREA_STYLE( '', ( #7896 ) );
#6553 = EDGE_CURVE( '', #7897, #7898, #7899, .T. );
#6554 = EDGE_CURVE( '', #7900, #7898, #7901, .T. );
#6555 = EDGE_CURVE( '', #7902, #7900, #7903, .T. );
#6556 = EDGE_CURVE( '', #7902, #7897, #7904, .T. );
#6557 = FILL_AREA_STYLE( '', ( #7905 ) );
#6558 = EDGE_CURVE( '', #7906, #7907, #7908, .T. );
#6559 = EDGE_CURVE( '', #7909, #7906, #7910, .T. );
#6560 = EDGE_CURVE( '', #7909, #7911, #7912, .T. );
#6561 = EDGE_CURVE( '', #7911, #7907, #7913, .T. );
#6562 = FILL_AREA_STYLE( '', ( #7914 ) );
#6563 = EDGE_CURVE( '', #7915, #7916, #7917, .T. );
#6564 = EDGE_CURVE( '', #7916, #7918, #7919, .T. );
#6565 = EDGE_CURVE( '', #7920, #7918, #7921, .T. );
#6566 = EDGE_CURVE( '', #7920, #7915, #7922, .T. );
#6567 = FILL_AREA_STYLE( '', ( #7923 ) );
#6568 = EDGE_CURVE( '', #7861, #7924, #7925, .T. );
#6569 = EDGE_CURVE( '', #7924, #7926, #7927, .T. );
#6570 = EDGE_CURVE( '', #7863, #7926, #7928, .T. );
#6571 = FILL_AREA_STYLE( '', ( #7929 ) );
#6572 = EDGE_CURVE( '', #7930, #7931, #7932, .T. );
#6573 = EDGE_CURVE( '', #7931, #7933, #7934, .T. );
#6574 = EDGE_CURVE( '', #7933, #7935, #7936, .T. );
#6575 = EDGE_CURVE( '', #7935, #7930, #7937, .T. );
#6576 = FILL_AREA_STYLE( '', ( #7938 ) );
#6577 = EDGE_CURVE( '', #7939, #7940, #7941, .T. );
#6578 = EDGE_CURVE( '', #7939, #7942, #7943, .T. );
#6579 = EDGE_CURVE( '', #7942, #7944, #7945, .T. );
#6580 = EDGE_CURVE( '', #7944, #7827, #7946, .T. );
#6581 = EDGE_CURVE( '', #7947, #7826, #7948, .T. );
#6582 = EDGE_CURVE( '', #7949, #7947, #7950, .T. );
#6583 = EDGE_CURVE( '', #7949, #7940, #7951, .F. );
#6584 = FILL_AREA_STYLE( '', ( #7952 ) );
#6585 = EDGE_CURVE( '', #7953, #7775, #7954, .F. );
#6586 = EDGE_CURVE( '', #7955, #7953, #7956, .T. );
#6587 = EDGE_CURVE( '', #7777, #7955, #7957, .T. );
#6588 = FILL_AREA_STYLE( '', ( #7958 ) );
#6589 = EDGE_CURVE( '', #7959, #7960, #7961, .T. );
#6590 = EDGE_CURVE( '', #7962, #7959, #7963, .T. );
#6591 = EDGE_CURVE( '', #7962, #7964, #7965, .T. );
#6592 = EDGE_CURVE( '', #7960, #7964, #7966, .T. );
#6593 = FILL_AREA_STYLE( '', ( #7967 ) );
#6594 = EDGE_CURVE( '', #7968, #7969, #7970, .T. );
#6595 = EDGE_CURVE( '', #7971, #7969, #7972, .T. );
#6596 = EDGE_CURVE( '', #7971, #7973, #7974, .T. );
#6597 = EDGE_CURVE( '', #7968, #7973, #7975, .T. );
#6598 = FILL_AREA_STYLE( '', ( #7976 ) );
#6599 = EDGE_CURVE( '', #7977, #7978, #7979, .T. );
#6600 = EDGE_CURVE( '', #7978, #7980, #7981, .T. );
#6601 = EDGE_CURVE( '', #7980, #7982, #7983, .T. );
#6602 = EDGE_CURVE( '', #7982, #7984, #7985, .T. );
#6603 = EDGE_CURVE( '', #7984, #7986, #7987, .T. );
#6604 = EDGE_CURVE( '', #7986, #7988, #7989, .T. );
#6605 = EDGE_CURVE( '', #7988, #7990, #7991, .T. );
#6606 = EDGE_CURVE( '', #7990, #7992, #7993, .T. );
#6607 = EDGE_CURVE( '', #7994, #7992, #7995, .T. );
#6608 = EDGE_CURVE( '', #7994, #7977, #7996, .T. );
#6609 = FILL_AREA_STYLE( '', ( #7997 ) );
#6610 = EDGE_CURVE( '', #7998, #7999, #8000, .T. );
#6611 = EDGE_CURVE( '', #7998, #7906, #8001, .T. );
#6612 = EDGE_CURVE( '', #7999, #7907, #8002, .T. );
#6613 = FILL_AREA_STYLE( '', ( #8003 ) );
#6614 = EDGE_CURVE( '', #8004, #8005, #8006, .F. );
#6615 = EDGE_CURVE( '', #8007, #8005, #8008, .T. );
#6616 = EDGE_CURVE( '', #8007, #8009, #8010, .F. );
#6617 = EDGE_CURVE( '', #8004, #8009, #8011, .T. );
#6618 = FILL_AREA_STYLE( '', ( #8012 ) );
#6619 = EDGE_CURVE( '', #8013, #8014, #8015, .T. );
#6620 = EDGE_CURVE( '', #8013, #8016, #8017, .T. );
#6621 = EDGE_CURVE( '', #8016, #8018, #8019, .T. );
#6622 = EDGE_CURVE( '', #8018, #8020, #8021, .T. );
#6623 = EDGE_CURVE( '', #8020, #8022, #8023, .T. );
#6624 = EDGE_CURVE( '', #7757, #8022, #8024, .T. );
#6625 = EDGE_CURVE( '', #7755, #8014, #8025, .T. );
#6626 = FILL_AREA_STYLE( '', ( #8026 ) );
#6627 = EDGE_CURVE( '', #8027, #8028, #8029, .T. );
#6628 = EDGE_CURVE( '', #8030, #8027, #8031, .F. );
#6629 = EDGE_CURVE( '', #8030, #8032, #8033, .T. );
#6630 = EDGE_CURVE( '', #8032, #8034, #8035, .T. );
#6631 = EDGE_CURVE( '', #8036, #8034, #8037, .T. );
#6632 = EDGE_CURVE( '', #8028, #8036, #8038, .F. );
#6633 = FILL_AREA_STYLE( '', ( #8039 ) );
#6634 = EDGE_CURVE( '', #8040, #8041, #8042, .T. );
#6635 = EDGE_CURVE( '', #8040, #8043, #8044, .T. );
#6636 = EDGE_CURVE( '', #8043, #8045, #8046, .T. );
#6637 = EDGE_CURVE( '', #8041, #8045, #8047, .T. );
#6638 = FILL_AREA_STYLE( '', ( #8048 ) );
#6639 = EDGE_CURVE( '', #7867, #8049, #8050, .T. );
#6640 = EDGE_CURVE( '', #7869, #8051, #8052, .T. );
#6641 = EDGE_CURVE( '', #8049, #8051, #8053, .T. );
#6642 = FILL_AREA_STYLE( '', ( #8054 ) );
#6643 = EDGE_CURVE( '', #8055, #8056, #8057, .T. );
#6644 = EDGE_CURVE( '', #8058, #8055, #8059, .T. );
#6645 = EDGE_CURVE( '', #8058, #8060, #8061, .T. );
#6646 = EDGE_CURVE( '', #8060, #8056, #8062, .T. );
#6647 = FILL_AREA_STYLE( '', ( #8063 ) );
#6648 = EDGE_CURVE( '', #7797, #8064, #8065, .T. );
#6649 = EDGE_CURVE( '', #8064, #8066, #8067, .T. );
#6650 = EDGE_CURVE( '', #7796, #8066, #8068, .T. );
#6651 = FILL_AREA_STYLE( '', ( #8069 ) );
#6652 = EDGE_CURVE( '', #8070, #7920, #8071, .T. );
#6653 = EDGE_CURVE( '', #8070, #8072, #8073, .T. );
#6654 = EDGE_CURVE( '', #8074, #8072, #8075, .T. );
#6655 = EDGE_CURVE( '', #8074, #8076, #8077, .T. );
#6656 = EDGE_CURVE( '', #8076, #8078, #8079, .T. );
#6657 = EDGE_CURVE( '', #7915, #8078, #8080, .T. );
#6658 = FILL_AREA_STYLE( '', ( #8081 ) );
#6659 = EDGE_CURVE( '', #7924, #8082, #8083, .F. );
#6660 = EDGE_CURVE( '', #8084, #7861, #8085, .T. );
#6661 = EDGE_CURVE( '', #8086, #8084, #8087, .T. );
#6662 = EDGE_CURVE( '', #8086, #8082, #8088, .F. );
#6663 = FILL_AREA_STYLE( '', ( #8089 ) );
#6664 = EDGE_CURVE( '', #8090, #8091, #8092, .F. );
#6665 = EDGE_CURVE( '', #8093, #8091, #8094, .T. );
#6666 = EDGE_CURVE( '', #8093, #8095, #8096, .F. );
#6667 = EDGE_CURVE( '', #8095, #8090, #8097, .T. );
#6668 = FILL_AREA_STYLE( '', ( #8098 ) );
#6669 = EDGE_CURVE( '', #8099, #8100, #8101, .T. );
#6670 = EDGE_CURVE( '', #8099, #8102, #8103, .T. );
#6671 = EDGE_CURVE( '', #8102, #8104, #8105, .T. );
#6672 = EDGE_CURVE( '', #8104, #8106, #8107, .T. );
#6673 = EDGE_CURVE( '', #8106, #8100, #8108, .T. );
#6674 = FILL_AREA_STYLE( '', ( #8109 ) );
#6675 = EDGE_CURVE( '', #8110, #7706, #8111, .T. );
#6676 = EDGE_CURVE( '', #8112, #8110, #8113, .F. );
#6677 = EDGE_CURVE( '', #7709, #8112, #8114, .T. );
#6678 = FILL_AREA_STYLE( '', ( #8115 ) );
#6679 = EDGE_CURVE( '', #8116, #8117, #8118, .T. );
#6680 = EDGE_CURVE( '', #8119, #8116, #8120, .T. );
#6681 = EDGE_CURVE( '', #8119, #8121, #8122, .T. );
#6682 = EDGE_CURVE( '', #8121, #8117, #8123, .T. );
#6683 = FILL_AREA_STYLE( '', ( #8124 ) );
#6684 = EDGE_CURVE( '', #8125, #8126, #8127, .T. );
#6685 = EDGE_CURVE( '', #8128, #8126, #8129, .T. );
#6686 = EDGE_CURVE( '', #8128, #8130, #8131, .T. );
#6687 = EDGE_CURVE( '', #8132, #8130, #8133, .F. );
#6688 = EDGE_CURVE( '', #8125, #8132, #8134, .T. );
#6689 = FILL_AREA_STYLE( '', ( #8135 ) );
#6690 = EDGE_CURVE( '', #7720, #8136, #8137, .T. );
#6691 = EDGE_CURVE( '', #8136, #8138, #8139, .T. );
#6692 = EDGE_CURVE( '', #8140, #8138, #8141, .T. );
#6693 = EDGE_CURVE( '', #8140, #8142, #8143, .F. );
#6694 = EDGE_CURVE( '', #8144, #8142, #8145, .T. );
#6695 = EDGE_CURVE( '', #8146, #8144, #8147, .T. );
#6696 = EDGE_CURVE( '', #7719, #8146, #8148, .T. );
#6697 = FILL_AREA_STYLE( '', ( #8149 ) );
#6698 = EDGE_CURVE( '', #8150, #8150, #8151, .T. );
#6699 = FILL_AREA_STYLE( '', ( #8152 ) );
#6700 = EDGE_CURVE( '', #8153, #8154, #8155, .T. );
#6701 = EDGE_CURVE( '', #8156, #8153, #8157, .T. );
#6702 = EDGE_CURVE( '', #8156, #8158, #8159, .T. );
#6703 = EDGE_CURVE( '', #8154, #8158, #8160, .T. );
#6704 = FILL_AREA_STYLE( '', ( #8161 ) );
#6705 = EDGE_CURVE( '', #8162, #8163, #8164, .T. );
#6706 = EDGE_CURVE( '', #8165, #8162, #8166, .T. );
#6707 = EDGE_CURVE( '', #8167, #8165, #8168, .T. );
#6708 = EDGE_CURVE( '', #8163, #8167, #8169, .T. );
#6709 = EDGE_CURVE( '', #8170, #8032, #8171, .T. );
#6710 = EDGE_CURVE( '', #8172, #8170, #8173, .T. );
#6711 = EDGE_CURVE( '', #8172, #8034, #8174, .T. );
#6712 = EDGE_CURVE( '', #8175, #8040, #8176, .T. );
#6713 = EDGE_CURVE( '', #8175, #8177, #8178, .T. );
#6714 = EDGE_CURVE( '', #8043, #8177, #8179, .T. );
#6715 = EDGE_CURVE( '', #8180, #8181, #8182, .T. );
#6716 = EDGE_CURVE( '', #8181, #7978, #8183, .T. );
#6717 = EDGE_CURVE( '', #7977, #8184, #8185, .T. );
#6718 = EDGE_CURVE( '', #8184, #8186, #8187, .T. );
#6719 = EDGE_CURVE( '', #8186, #8188, #8189, .T. );
#6720 = EDGE_CURVE( '', #8190, #8188, #8191, .T. );
#6721 = EDGE_CURVE( '', #8180, #8190, #8192, .T. );
#6722 = FILL_AREA_STYLE( '', ( #8193 ) );
#6723 = EDGE_CURVE( '', #8194, #8140, #8195, .F. );
#6724 = EDGE_CURVE( '', #8196, #8194, #8197, .T. );
#6725 = EDGE_CURVE( '', #8142, #8196, #8198, .T. );
#6726 = FILL_AREA_STYLE( '', ( #8199 ) );
#6727 = EDGE_CURVE( '', #8200, #8201, #8202, .T. );
#6728 = EDGE_CURVE( '', #8203, #8201, #8204, .F. );
#6729 = EDGE_CURVE( '', #8203, #8205, #8206, .T. );
#6730 = EDGE_CURVE( '', #8200, #8205, #8207, .T. );
#6731 = FILL_AREA_STYLE( '', ( #8208 ) );
#6732 = EDGE_CURVE( '', #8209, #8210, #8211, .F. );
#6733 = EDGE_CURVE( '', #8210, #8030, #8212, .T. );
#6734 = EDGE_CURVE( '', #8027, #8209, #8213, .T. );
#6735 = FILL_AREA_STYLE( '', ( #8214 ) );
#6736 = EDGE_CURVE( '', #8215, #8216, #8217, .T. );
#6737 = EDGE_CURVE( '', #7988, #8216, #8218, .T. );
#6738 = EDGE_CURVE( '', #7986, #8215, #8219, .T. );
#6739 = FILL_AREA_STYLE( '', ( #8220 ) );
#6740 = EDGE_CURVE( '', #8221, #8222, #8223, .T. );
#6741 = EDGE_CURVE( '', #8222, #8224, #8225, .T. );
#6742 = EDGE_CURVE( '', #8226, #8224, #8227, .T. );
#6743 = EDGE_CURVE( '', #8221, #8226, #8228, .T. );
#6744 = FILL_AREA_STYLE( '', ( #8229 ) );
#6745 = EDGE_CURVE( '', #7693, #8230, #8231, .F. );
#6746 = EDGE_CURVE( '', #8232, #8230, #8233, .T. );
#6747 = EDGE_CURVE( '', #8234, #8232, #8235, .T. );
#6748 = EDGE_CURVE( '', #8236, #8234, #8237, .T. );
#6749 = EDGE_CURVE( '', #7730, #8236, #8238, .T. );
#6750 = FILL_AREA_STYLE( '', ( #8239 ) );
#6751 = EDGE_CURVE( '', #8240, #8241, #8242, .T. );
#6752 = EDGE_CURVE( '', #8240, #8243, #8244, .T. );
#6753 = EDGE_CURVE( '', #8245, #8243, #8246, .T. );
#6754 = EDGE_CURVE( '', #8245, #8247, #8248, .T. );
#6755 = EDGE_CURVE( '', #8247, #8249, #8250, .T. );
#6756 = EDGE_CURVE( '', #8249, #8251, #8252, .T. );
#6757 = EDGE_CURVE( '', #8241, #8251, #8253, .T. );
#6758 = FILL_AREA_STYLE( '', ( #8254 ) );
#6759 = EDGE_CURVE( '', #7940, #8255, #8256, .T. );
#6760 = EDGE_CURVE( '', #8257, #7949, #8258, .F. );
#6761 = EDGE_CURVE( '', #8255, #8257, #8259, .T. );
#6762 = FILL_AREA_STYLE( '', ( #8260 ) );
#6763 = EDGE_CURVE( '', #8243, #8070, #8261, .T. );
#6764 = EDGE_CURVE( '', #8072, #8240, #8262, .T. );
#6765 = FILL_AREA_STYLE( '', ( #8263 ) );
#6766 = EDGE_CURVE( '', #7698, #8264, #8265, .T. );
#6767 = EDGE_CURVE( '', #8266, #8264, #8267, .T. );
#6768 = EDGE_CURVE( '', #7700, #8266, #8268, .T. );
#6769 = FILL_AREA_STYLE( '', ( #8269 ) );
#6770 = EDGE_CURVE( '', #8270, #8271, #8272, .T. );
#6771 = EDGE_CURVE( '', #8273, #8271, #8274, .T. );
#6772 = EDGE_CURVE( '', #8055, #8273, #8275, .T. );
#6773 = EDGE_CURVE( '', #8276, #8056, #8277, .T. );
#6774 = EDGE_CURVE( '', #8278, #8276, #8279, .T. );
#6775 = EDGE_CURVE( '', #8280, #8278, #8281, .T. );
#6776 = EDGE_CURVE( '', #8280, #8270, #8282, .T. );
#6777 = FILL_AREA_STYLE( '', ( #8283 ) );
#6778 = EDGE_CURVE( '', #8284, #8285, #8286, .F. );
#6779 = EDGE_CURVE( '', #8285, #8287, #8288, .T. );
#6780 = EDGE_CURVE( '', #8287, #8289, #8290, .F. );
#6781 = EDGE_CURVE( '', #8289, #8284, #8291, .T. );
#6782 = FILL_AREA_STYLE( '', ( #8292 ) );
#6783 = EDGE_CURVE( '', #8293, #8294, #8295, .T. );
#6784 = EDGE_CURVE( '', #8293, #8296, #8297, .T. );
#6785 = EDGE_CURVE( '', #8296, #8298, #8299, .T. );
#6786 = EDGE_CURVE( '', #8294, #8298, #8300, .T. );
#6787 = FILL_AREA_STYLE( '', ( #8301 ) );
#6788 = EDGE_CURVE( '', #8302, #7688, #8303, .T. );
#6789 = EDGE_CURVE( '', #8302, #7689, #8304, .T. );
#6790 = FILL_AREA_STYLE( '', ( #8305 ) );
#6791 = EDGE_CURVE( '', #8306, #8307, #8308, .F. );
#6792 = EDGE_CURVE( '', #8309, #8306, #8310, .T. );
#6793 = EDGE_CURVE( '', #8309, #8311, #8312, .F. );
#6794 = EDGE_CURVE( '', #8311, #8313, #8314, .T. );
#6795 = EDGE_CURVE( '', #8307, #8313, #8315, .T. );
#6796 = FILL_AREA_STYLE( '', ( #8316 ) );
#6797 = EDGE_CURVE( '', #8317, #8318, #8319, .T. );
#6798 = EDGE_CURVE( '', #8318, #8320, #8321, .T. );
#6799 = EDGE_CURVE( '', #8320, #8322, #8323, .T. );
#6800 = EDGE_CURVE( '', #8317, #8322, #8324, .T. );
#6801 = FILL_AREA_STYLE( '', ( #8325 ) );
#6802 = EDGE_CURVE( '', #8326, #8327, #8328, .T. );
#6803 = EDGE_CURVE( '', #8329, #8326, #8330, .T. );
#6804 = EDGE_CURVE( '', #8329, #8331, #8332, .T. );
#6805 = EDGE_CURVE( '', #8331, #8327, #8333, .T. );
#6806 = FILL_AREA_STYLE( '', ( #8334 ) );
#6807 = EDGE_CURVE( '', #8335, #8336, #8337, .T. );
#6808 = EDGE_CURVE( '', #8336, #8338, #8339, .T. );
#6809 = EDGE_CURVE( '', #8338, #8340, #8341, .T. );
#6810 = EDGE_CURVE( '', #8340, #8335, #8342, .T. );
#6811 = FILL_AREA_STYLE( '', ( #8343 ) );
#6812 = EDGE_CURVE( '', #8344, #8345, #8346, .T. );
#6813 = EDGE_CURVE( '', #8344, #8347, #8348, .T. );
#6814 = EDGE_CURVE( '', #8347, #8349, #8350, .T. );
#6815 = EDGE_CURVE( '', #8349, #8351, #8352, .T. );
#6816 = EDGE_CURVE( '', #8353, #8351, #8354, .T. );
#6817 = EDGE_CURVE( '', #8353, #8018, #8355, .T. );
#6818 = EDGE_CURVE( '', #8016, #8345, #8356, .F. );
#6819 = FILL_AREA_STYLE( '', ( #8357 ) );
#6820 = EDGE_CURVE( '', #7955, #8154, #8358, .T. );
#6821 = EDGE_CURVE( '', #8158, #8359, #8360, .T. );
#6822 = EDGE_CURVE( '', #8331, #8359, #8361, .T. );
#6823 = EDGE_CURVE( '', #8329, #7779, #8362, .T. );
#6824 = FILL_AREA_STYLE( '', ( #8363 ) );
#6825 = EDGE_CURVE( '', #8196, #8364, #8365, .T. );
#6826 = EDGE_CURVE( '', #8364, #8366, #8367, .T. );
#6827 = EDGE_CURVE( '', #8368, #8366, #8369, .T. );
#6828 = EDGE_CURVE( '', #7968, #8368, #8370, .T. );
#6829 = EDGE_CURVE( '', #7973, #8144, #8371, .T. );
#6830 = FILL_AREA_STYLE( '', ( #8372 ) );
#6831 = EDGE_CURVE( '', #8102, #8373, #8374, .T. );
#6832 = EDGE_CURVE( '', #8375, #8373, #8376, .T. );
#6833 = EDGE_CURVE( '', #8375, #8104, #8377, .T. );
#6834 = FILL_AREA_STYLE( '', ( #8378 ) );
#6835 = EDGE_CURVE( '', #8379, #8116, #8380, .T. );
#6836 = EDGE_CURVE( '', #8381, #8379, #8382, .T. );
#6837 = EDGE_CURVE( '', #8381, #8119, #8383, .T. );
#6838 = FILL_AREA_STYLE( '', ( #8384 ) );
#6839 = EDGE_CURVE( '', #8385, #8180, #8386, .F. );
#6840 = EDGE_CURVE( '', #8387, #8190, #8388, .T. );
#6841 = EDGE_CURVE( '', #8385, #8387, #8389, .T. );
#6842 = FILL_AREA_STYLE( '', ( #8390 ) );
#6843 = EDGE_CURVE( '', #8391, #8064, #8392, .T. );
#6844 = EDGE_CURVE( '', #8393, #8391, #8394, .T. );
#6845 = EDGE_CURVE( '', #8393, #7663, #8395, .T. );
#6846 = EDGE_CURVE( '', #8396, #7663, #8397, .T. );
#6847 = EDGE_CURVE( '', #7669, #8396, #8398, .T. );
#6848 = EDGE_CURVE( '', #7669, #7807, #8399, .T. );
#6849 = EDGE_CURVE( '', #7805, #8400, #8401, .T. );
#6850 = EDGE_CURVE( '', #8387, #8400, #8402, .T. );
#6851 = EDGE_CURVE( '', #8188, #8403, #8404, .T. );
#6852 = EDGE_CURVE( '', #8405, #8403, #8406, .T. );
#6853 = EDGE_CURVE( '', #8407, #8405, #8408, .T. );
#6854 = EDGE_CURVE( '', #8409, #8407, #8410, .T. );
#6855 = EDGE_CURVE( '', #8409, #8411, #8412, .T. );
#6856 = EDGE_CURVE( '', #8411, #8294, #8413, .T. );
#6857 = EDGE_CURVE( '', #8298, #8066, #8414, .T. );
#6858 = FILL_AREA_STYLE( '', ( #8415 ) );
#6859 = EDGE_CURVE( '', #8416, #8417, #8418, .T. );
#6860 = EDGE_CURVE( '', #8417, #8419, #8420, .T. );
#6861 = EDGE_CURVE( '', #8421, #8419, #8422, .T. );
#6862 = EDGE_CURVE( '', #8421, #8416, #8423, .T. );
#6863 = FILL_AREA_STYLE( '', ( #8424 ) );
#6864 = EDGE_CURVE( '', #8230, #7691, #8425, .T. );
#6865 = FILL_AREA_STYLE( '', ( #8426 ) );
#6866 = EDGE_CURVE( '', #8022, #8427, #8428, .T. );
#6867 = EDGE_CURVE( '', #8429, #8020, #8430, .T. );
#6868 = EDGE_CURVE( '', #8427, #8429, #8431, .T. );
#6869 = FILL_AREA_STYLE( '', ( #8432 ) );
#6870 = EDGE_CURVE( '', #7891, #8433, #8434, .T. );
#6871 = EDGE_CURVE( '', #7893, #8435, #8436, .T. );
#6872 = EDGE_CURVE( '', #8435, #8433, #8437, .T. );
#6873 = FILL_AREA_STYLE( '', ( #8438 ) );
#6874 = EDGE_CURVE( '', #8439, #8440, #8441, .F. );
#6875 = EDGE_CURVE( '', #8439, #8442, #8443, .F. );
#6876 = EDGE_CURVE( '', #8444, #8442, #8445, .T. );
#6877 = EDGE_CURVE( '', #8446, #8444, #8447, .T. );
#6878 = EDGE_CURVE( '', #8448, #8446, #8449, .F. );
#6879 = EDGE_CURVE( '', #8440, #8448, #8450, .T. );
#6880 = FILL_AREA_STYLE( '', ( #8451 ) );
#6881 = EDGE_CURVE( '', #8338, #8452, #8453, .F. );
#6882 = EDGE_CURVE( '', #8454, #8452, #8455, .T. );
#6883 = EDGE_CURVE( '', #8454, #8456, #8457, .T. );
#6884 = EDGE_CURVE( '', #8456, #8340, #8458, .T. );
#6885 = FILL_AREA_STYLE( '', ( #8459 ) );
#6886 = EDGE_CURVE( '', #8460, #7942, #8461, .T. );
#6887 = EDGE_CURVE( '', #8460, #8462, #8463, .T. );
#6888 = EDGE_CURVE( '', #8462, #7944, #8464, .F. );
#6889 = FILL_AREA_STYLE( '', ( #8465 ) );
#6890 = EDGE_CURVE( '', #8466, #8293, #8467, .T. );
#6891 = EDGE_CURVE( '', #8466, #8468, #8469, .T. );
#6892 = EDGE_CURVE( '', #8470, #8468, #8471, .T. );
#6893 = EDGE_CURVE( '', #8470, #8293, #8472, .F. );
#6894 = FILL_AREA_STYLE( '', ( #8473 ) );
#6895 = EDGE_CURVE( '', #8474, #7836, #8475, .T. );
#6896 = EDGE_CURVE( '', #7947, #8474, #8476, .T. );
#6897 = FILL_AREA_STYLE( '', ( #8477 ) );
#6898 = EDGE_CURVE( '', #7656, #8125, #8478, .F. );
#6899 = EDGE_CURVE( '', #8479, #8125, #8480, .T. );
#6900 = EDGE_CURVE( '', #7658, #8479, #8481, .T. );
#6901 = FILL_AREA_STYLE( '', ( #8482 ) );
#6902 = EDGE_CURVE( '', #8483, #8484, #8485, .T. );
#6903 = EDGE_CURVE( '', #8484, #7771, #8486, .T. );
#6904 = EDGE_CURVE( '', #7770, #8483, #8487, .T. );
#6905 = FILL_AREA_STYLE( '', ( #8488 ) );
#6906 = EDGE_CURVE( '', #8489, #8490, #8491, .T. );
#6907 = EDGE_CURVE( '', #8490, #8492, #8493, .T. );
#6908 = EDGE_CURVE( '', #8494, #8492, #8495, .T. );
#6909 = EDGE_CURVE( '', #8489, #8494, #8496, .T. );
#6910 = FILL_AREA_STYLE( '', ( #8497 ) );
#6911 = EDGE_CURVE( '', #8498, #8499, #8500, .T. );
#6912 = EDGE_CURVE( '', #8138, #8499, #8501, .T. );
#6913 = EDGE_CURVE( '', #8136, #8498, #8502, .T. );
#6914 = FILL_AREA_STYLE( '', ( #8503 ) );
#6915 = EDGE_CURVE( '', #8504, #8505, #8506, .T. );
#6916 = EDGE_CURVE( '', #8505, #8507, #8508, .F. );
#6917 = EDGE_CURVE( '', #8509, #8507, #8510, .T. );
#6918 = EDGE_CURVE( '', #8509, #8504, #8511, .T. );
#6919 = FILL_AREA_STYLE( '', ( #8512 ) );
#6920 = EDGE_CURVE( '', #8513, #8514, #8515, .T. );
#6921 = EDGE_CURVE( '', #8093, #8514, #8516, .F. );
#6922 = EDGE_CURVE( '', #8513, #8091, #8517, .F. );
#6923 = FILL_AREA_STYLE( '', ( #8518 ) );
#6924 = EDGE_CURVE( '', #8351, #8519, #8520, .F. );
#6925 = EDGE_CURVE( '', #8521, #8519, #8522, .T. );
#6926 = EDGE_CURVE( '', #8521, #7752, #8523, .T. );
#6927 = EDGE_CURVE( '', #8427, #7753, #8524, .T. );
#6928 = EDGE_CURVE( '', #8429, #8353, #8525, .T. );
#6929 = FILL_AREA_STYLE( '', ( #8526 ) );
#6930 = EDGE_CURVE( '', #7844, #8527, #8528, .T. );
#6931 = EDGE_CURVE( '', #7638, #8527, #8529, .T. );
#6932 = FILL_AREA_STYLE( '', ( #8530 ) );
#6933 = EDGE_CURVE( '', #8531, #8532, #8533, .T. );
#6934 = EDGE_CURVE( '', #8531, #7994, #8534, .F. );
#6935 = EDGE_CURVE( '', #8532, #7992, #8535, .T. );
#6936 = FILL_AREA_STYLE( '', ( #8536 ) );
#6937 = EDGE_CURVE( '', #8537, #8336, #8538, .F. );
#6938 = EDGE_CURVE( '', #8452, #8537, #8539, .T. );
#6939 = FILL_AREA_STYLE( '', ( #8540 ) );
#6940 = EDGE_CURVE( '', #8468, #8541, #8542, .F. );
#6941 = EDGE_CURVE( '', #8541, #8470, #8543, .T. );
#6942 = FILL_AREA_STYLE( '', ( #8544 ) );
#6943 = EDGE_CURVE( '', #8545, #8546, #8547, .T. );
#6944 = EDGE_CURVE( '', #8545, #8548, #8549, .T. );
#6945 = EDGE_CURVE( '', #8548, #8550, #8551, .T. );
#6946 = EDGE_CURVE( '', #8550, #8546, #8552, .F. );
#6947 = FILL_AREA_STYLE( '', ( #8553 ) );
#6948 = EDGE_CURVE( '', #8554, #8555, #8556, .T. );
#6949 = EDGE_CURVE( '', #8554, #8344, #8557, .T. );
#6950 = EDGE_CURVE( '', #8345, #8555, #8558, .F. );
#6951 = FILL_AREA_STYLE( '', ( #8559 ) );
#6952 = EDGE_CURVE( '', #7662, #8560, #8561, .T. );
#6953 = EDGE_CURVE( '', #8560, #8396, #8562, .T. );
#6954 = FILL_AREA_STYLE( '', ( #8563 ) );
#6955 = EDGE_CURVE( '', #8366, #8564, #8565, .T. );
#6956 = EDGE_CURVE( '', #8566, #8564, #8567, .T. );
#6957 = EDGE_CURVE( '', #8368, #8566, #8568, .T. );
#6958 = FILL_AREA_STYLE( '', ( #8569 ) );
#6959 = EDGE_CURVE( '', #8570, #8571, #8572, .T. );
#6960 = EDGE_CURVE( '', #8571, #8554, #8573, .T. );
#6961 = EDGE_CURVE( '', #8555, #8013, #8574, .F. );
#6962 = EDGE_CURVE( '', #8014, #8521, #8575, .T. );
#6963 = EDGE_CURVE( '', #8519, #8570, #8576, .T. );
#6964 = FILL_AREA_STYLE( '', ( #8577 ) );
#6965 = FILL_AREA_STYLE( '', ( #8578 ) );
#6966 = EDGE_CURVE( '', #8571, #8347, #8579, .T. );
#6967 = EDGE_CURVE( '', #8570, #8349, #8580, .T. );
#6968 = FILL_AREA_STYLE( '', ( #8581 ) );
#6969 = EDGE_CURVE( '', #7654, #8582, #8583, .T. );
#6970 = EDGE_CURVE( '', #8584, #8582, #8585, .T. );
#6971 = EDGE_CURVE( '', #7656, #8584, #8586, .T. );
#6972 = FILL_AREA_STYLE( '', ( #8587 ) );
#6973 = EDGE_CURVE( '', #7640, #8588, #8589, .T. );
#6974 = EDGE_CURVE( '', #8588, #8590, #8591, .T. );
#6975 = EDGE_CURVE( '', #8592, #8590, #8593, .T. );
#6976 = EDGE_CURVE( '', #8592, #7653, #8594, .T. );
#6977 = EDGE_CURVE( '', #8479, #8595, #8596, .T. );
#6978 = EDGE_CURVE( '', #8595, #8597, #8598, .T. );
#6979 = EDGE_CURVE( '', #8599, #8597, #8600, .T. );
#6980 = EDGE_CURVE( '', #8599, #8601, #8602, .T. );
#6981 = EDGE_CURVE( '', #8601, #8603, #8604, .T. );
#6982 = EDGE_CURVE( '', #7887, #8603, #8605, .T. );
#6983 = EDGE_CURVE( '', #7790, #8606, #8607, .T. );
#6984 = EDGE_CURVE( '', #8608, #8606, #8609, .T. );
#6985 = EDGE_CURVE( '', #8608, #8610, #8611, .T. );
#6986 = EDGE_CURVE( '', #8610, #8612, #8613, .T. );
#6987 = EDGE_CURVE( '', #8612, #8614, #8615, .T. );
#6988 = EDGE_CURVE( '', #8616, #8614, #8617, .T. );
#6989 = EDGE_CURVE( '', #8616, #7635, #8618, .F. );
#6990 = FILL_AREA_STYLE( '', ( #8619 ) );
#6991 = EDGE_CURVE( '', #8620, #8621, #8622, .T. );
#6992 = EDGE_CURVE( '', #8623, #8620, #8624, .T. );
#6993 = EDGE_CURVE( '', #8625, #8623, #8626, .F. );
#6994 = EDGE_CURVE( '', #8621, #8625, #8627, .T. );
#6995 = FILL_AREA_STYLE( '', ( #8628 ) );
#6996 = EDGE_CURVE( '', #8629, #8630, #8631, .F. );
#6997 = EDGE_CURVE( '', #8630, #8028, #8632, .T. );
#6998 = EDGE_CURVE( '', #8036, #8629, #8633, .T. );
#6999 = FILL_AREA_STYLE( '', ( #8634 ) );
#7000 = EDGE_CURVE( '', #8635, #8276, #8636, .T. );
#7001 = EDGE_CURVE( '', #8637, #8635, #8638, .T. );
#7002 = EDGE_CURVE( '', #8637, #8278, #8639, .T. );
#7003 = FILL_AREA_STYLE( '', ( #8640 ) );
#7004 = EDGE_CURVE( '', #8641, #8642, #8643, .T. );
#7005 = EDGE_CURVE( '', #8270, #8642, #8644, .T. );
#7006 = EDGE_CURVE( '', #7665, #8280, #8645, .T. );
#7007 = EDGE_CURVE( '', #8307, #8393, #8646, .T. );
#7008 = EDGE_CURVE( '', #8313, #8647, #8648, .T. );
#7009 = EDGE_CURVE( '', #8647, #8641, #8649, .T. );
#7010 = FILL_AREA_STYLE( '', ( #8650 ) );
#7011 = EDGE_CURVE( '', #8200, #8409, #8651, .T. );
#7012 = EDGE_CURVE( '', #8201, #8407, #8652, .T. );
#7013 = FILL_AREA_STYLE( '', ( #8653 ) );
#7014 = EDGE_CURVE( '', #8654, #8285, #8655, .T. );
#7015 = EDGE_CURVE( '', #8656, #8654, #8657, .T. );
#7016 = EDGE_CURVE( '', #8656, #8287, #8658, .T. );
#7017 = FILL_AREA_STYLE( '', ( #8659 ) );
#7018 = EDGE_CURVE( '', #8224, #8660, #8661, .T. );
#7019 = EDGE_CURVE( '', #8660, #8662, #8663, .T. );
#7020 = EDGE_CURVE( '', #8226, #8662, #8664, .T. );
#7021 = FILL_AREA_STYLE( '', ( #8665 ) );
#7022 = EDGE_CURVE( '', #7816, #8302, #8666, .F. );
#7023 = EDGE_CURVE( '', #8302, #8667, #8668, .F. );
#7024 = EDGE_CURVE( '', #8667, #7818, #8669, .T. );
#7025 = FILL_AREA_STYLE( '', ( #8670 ) );
#7026 = EDGE_CURVE( '', #8209, #8630, #8671, .T. );
#7027 = FILL_AREA_STYLE( '', ( #8672 ) );
#7028 = EDGE_CURVE( '', #8673, #7959, #8674, .T. );
#7029 = EDGE_CURVE( '', #8675, #8673, #8676, .T. );
#7030 = EDGE_CURVE( '', #8675, #7962, #8677, .T. );
#7031 = FILL_AREA_STYLE( '', ( #8678 ) );
#7032 = EDGE_CURVE( '', #8679, #8181, #8680, .F. );
#7033 = EDGE_CURVE( '', #7980, #8679, #8681, .F. );
#7034 = FILL_AREA_STYLE( '', ( #8682 ) );
#7035 = EDGE_CURVE( '', #8683, #8684, #8685, .F. );
#7036 = EDGE_CURVE( '', #8683, #8686, #8687, .T. );
#7037 = EDGE_CURVE( '', #8688, #8686, #8689, .T. );
#7038 = EDGE_CURVE( '', #8690, #8688, #8691, .T. );
#7039 = EDGE_CURVE( '', #8684, #8690, #8692, .T. );
#7040 = FILL_AREA_STYLE( '', ( #8693 ) );
#7041 = EDGE_CURVE( '', #8694, #7999, #8695, .T. );
#7042 = EDGE_CURVE( '', #8696, #8694, #8697, .T. );
#7043 = EDGE_CURVE( '', #8696, #7998, #8698, .T. );
#7044 = FILL_AREA_STYLE( '', ( #8699 ) );
#7045 = EDGE_CURVE( '', #8700, #8701, #8702, .T. );
#7046 = EDGE_CURVE( '', #8703, #8700, #8704, .T. );
#7047 = EDGE_CURVE( '', #8703, #8705, #8706, .T. );
#7048 = EDGE_CURVE( '', #8705, #8701, #8707, .T. );
#7049 = FILL_AREA_STYLE( '', ( #8708 ) );
#7050 = EDGE_CURVE( '', #8709, #8710, #8711, .T. );
#7051 = EDGE_CURVE( '', #7911, #8709, #8712, .T. );
#7052 = EDGE_CURVE( '', #8710, #7909, #8713, .T. );
#7053 = FILL_AREA_STYLE( '', ( #8714 ) );
#7054 = EDGE_CURVE( '', #8715, #8716, #8717, .F. );
#7055 = EDGE_CURVE( '', #8718, #8715, #8719, .T. );
#7056 = EDGE_CURVE( '', #8720, #8718, #8721, .T. );
#7057 = EDGE_CURVE( '', #8716, #8720, #8722, .T. );
#7058 = FILL_AREA_STYLE( '', ( #8723 ) );
#7059 = EDGE_CURVE( '', #8724, #8460, #8725, .T. );
#7060 = EDGE_CURVE( '', #8255, #8724, #8726, .T. );
#7061 = EDGE_CURVE( '', #8727, #8257, #8728, .T. );
#7062 = EDGE_CURVE( '', #7831, #8727, #8729, .T. );
#7063 = EDGE_CURVE( '', #7829, #8462, #8730, .F. );
#7064 = FILL_AREA_STYLE( '', ( #8731 ) );
#7065 = EDGE_CURVE( '', #8732, #8454, #8733, .T. );
#7066 = EDGE_CURVE( '', #8734, #8732, #8735, .T. );
#7067 = EDGE_CURVE( '', #8456, #8734, #8736, .T. );
#7068 = EDGE_CURVE( '', #8737, #8738, #8739, .T. );
#7069 = EDGE_CURVE( '', #8740, #8738, #8741, .T. );
#7070 = EDGE_CURVE( '', #8740, #8742, #8743, .T. );
#7071 = EDGE_CURVE( '', #8742, #8737, #8744, .T. );
#7072 = EDGE_CURVE( '', #7715, #8745, #8746, .T. );
#7073 = EDGE_CURVE( '', #8745, #8747, #8748, .T. );
#7074 = EDGE_CURVE( '', #7707, #8747, #8749, .T. );
#7075 = EDGE_CURVE( '', #7649, #8750, #8751, .T. );
#7076 = EDGE_CURVE( '', #8750, #8309, #8752, .T. );
#7077 = EDGE_CURVE( '', #8306, #8391, #8753, .T. );
#7078 = FILL_AREA_STYLE( '', ( #8754 ) );
#7079 = EDGE_CURVE( '', #8690, #8592, #8755, .T. );
#7080 = EDGE_CURVE( '', #8690, #7654, #8756, .F. );
#7081 = FILL_AREA_STYLE( '', ( #8757 ) );
#7082 = EDGE_CURVE( '', #7898, #8758, #8759, .T. );
#7083 = EDGE_CURVE( '', #8760, #8758, #8761, .T. );
#7084 = EDGE_CURVE( '', #7900, #8760, #8762, .T. );
#7085 = FILL_AREA_STYLE( '', ( #8763 ) );
#7086 = EDGE_CURVE( '', #8764, #8765, #8766, .F. );
#7087 = EDGE_CURVE( '', #8767, #8764, #8768, .T. );
#7088 = EDGE_CURVE( '', #8769, #8767, #8770, .F. );
#7089 = EDGE_CURVE( '', #8765, #8769, #8771, .T. );
#7090 = FILL_AREA_STYLE( '', ( #8772 ) );
#7091 = FILL_AREA_STYLE( '', ( #8773 ) );
#7092 = EDGE_CURVE( '', #8774, #7897, #8775, .T. );
#7093 = EDGE_CURVE( '', #8776, #7902, #8777, .T. );
#7094 = EDGE_CURVE( '', #8776, #8774, #8778, .T. );
#7095 = FILL_AREA_STYLE( '', ( #8779 ) );
#7096 = EDGE_CURVE( '', #8780, #8781, #8782, .T. );
#7097 = EDGE_CURVE( '', #8783, #8780, #8784, .T. );
#7098 = EDGE_CURVE( '', #8783, #8785, #8786, .T. );
#7099 = EDGE_CURVE( '', #8785, #8787, #8788, .T. );
#7100 = EDGE_CURVE( '', #8787, #8781, #8789, .T. );
#7101 = FILL_AREA_STYLE( '', ( #8790 ) );
#7102 = EDGE_CURVE( '', #8791, #7834, #8792, .T. );
#7103 = EDGE_CURVE( '', #8474, #8791, #8793, .T. );
#7104 = FILL_AREA_STYLE( '', ( #8794 ) );
#7105 = EDGE_CURVE( '', #8795, #8796, #8797, .T. );
#7106 = EDGE_CURVE( '', #8795, #8798, #8799, .T. );
#7107 = EDGE_CURVE( '', #8798, #8800, #8801, .T. );
#7108 = EDGE_CURVE( '', #8802, #8800, #8803, .T. );
#7109 = EDGE_CURVE( '', #8802, #8804, #8805, .T. );
#7110 = EDGE_CURVE( '', #8804, #8806, #8807, .T. );
#7111 = EDGE_CURVE( '', #8806, #8808, #8809, .T. );
#7112 = EDGE_CURVE( '', #7807, #8808, #8810, .T. );
#7113 = EDGE_CURVE( '', #7667, #8811, #8812, .T. );
#7114 = EDGE_CURVE( '', #8796, #8811, #8813, .T. );
#7115 = FILL_AREA_STYLE( '', ( #8814 ) );
#7116 = EDGE_CURVE( '', #8815, #8816, #8817, .T. );
#7117 = EDGE_CURVE( '', #8816, #7858, #8818, .T. );
#7118 = EDGE_CURVE( '', #7859, #8815, #8819, .T. );
#7119 = FILL_AREA_STYLE( '', ( #8820 ) );
#7120 = EDGE_CURVE( '', #8821, #8514, #8822, .F. );
#7121 = EDGE_CURVE( '', #8009, #8821, #8823, .T. );
#7122 = EDGE_CURVE( '', #8620, #8007, #8824, .T. );
#7123 = EDGE_CURVE( '', #8095, #8621, #8825, .T. );
#7124 = FILL_AREA_STYLE( '', ( #8826 ) );
#7125 = EDGE_CURVE( '', #8623, #8827, #8828, .T. );
#7126 = EDGE_CURVE( '', #8620, #8829, #8830, .T. );
#7127 = EDGE_CURVE( '', #8829, #8827, #8831, .T. );
#7128 = FILL_AREA_STYLE( '', ( #8832 ) );
#7129 = EDGE_CURVE( '', #8245, #8833, #8834, .T. );
#7130 = EDGE_CURVE( '', #8835, #8833, #8836, .T. );
#7131 = EDGE_CURVE( '', #8247, #8835, #8837, .T. );
#7132 = FILL_AREA_STYLE( '', ( #8838 ) );
#7133 = EDGE_CURVE( '', #8839, #8840, #8841, .T. );
#7134 = EDGE_CURVE( '', #8842, #8839, #8843, .T. );
#7135 = EDGE_CURVE( '', #8840, #8842, #8844, .F. );
#7136 = FILL_AREA_STYLE( '', ( #8845 ) );
#7137 = EDGE_CURVE( '', #8846, #7711, #8847, .T. );
#7138 = EDGE_CURVE( '', #8848, #8846, #8849, .F. );
#7139 = EDGE_CURVE( '', #7713, #8848, #8850, .T. );
#7140 = FILL_AREA_STYLE( '', ( #8851 ) );
#7141 = EDGE_CURVE( '', #8852, #8853, #8854, .T. );
#7142 = EDGE_CURVE( '', #8852, #8222, #8855, .T. );
#7143 = EDGE_CURVE( '', #8856, #8222, #8857, .T. );
#7144 = EDGE_CURVE( '', #8853, #8856, #8858, .T. );
#7145 = FILL_AREA_STYLE( '', ( #8859 ) );
#7146 = EDGE_CURVE( '', #8860, #8740, #8861, .T. );
#7147 = EDGE_CURVE( '', #8860, #8862, #8863, .F. );
#7148 = EDGE_CURVE( '', #8864, #8862, #8865, .T. );
#7149 = EDGE_CURVE( '', #8864, #8866, #8867, .F. );
#7150 = EDGE_CURVE( '', #8742, #8866, #8868, .T. );
#7151 = FILL_AREA_STYLE( '', ( #8869 ) );
#7152 = EDGE_CURVE( '', #8870, #8871, #8872, .T. );
#7153 = EDGE_CURVE( '', #8870, #8873, #8874, .T. );
#7154 = EDGE_CURVE( '', #8873, #8875, #8876, .T. );
#7155 = EDGE_CURVE( '', #8875, #8871, #8877, .F. );
#7156 = FILL_AREA_STYLE( '', ( #8878 ) );
#7157 = EDGE_CURVE( '', #8879, #8880, #8881, .T. );
#7158 = EDGE_CURVE( '', #8882, #8880, #8883, .T. );
#7159 = EDGE_CURVE( '', #8715, #8882, #8884, .F. );
#7160 = EDGE_CURVE( '', #8879, #8716, #8885, .T. );
#7161 = FILL_AREA_STYLE( '', ( #8886 ) );
#7162 = EDGE_CURVE( '', #8880, #8887, #8888, .F. );
#7163 = EDGE_CURVE( '', #8880, #8816, #8889, .T. );
#7164 = EDGE_CURVE( '', #8887, #8815, #8890, .T. );
#7165 = FILL_AREA_STYLE( '', ( #8891 ) );
#7166 = EDGE_CURVE( '', #8892, #7816, #8893, .T. );
#7167 = EDGE_CURVE( '', #7689, #8892, #8894, .T. );
#7168 = FILL_AREA_STYLE( '', ( #8895 ) );
#7169 = EDGE_CURVE( '', #8162, #8896, #8897, .T. );
#7170 = EDGE_CURVE( '', #8896, #8898, #8899, .T. );
#7171 = EDGE_CURVE( '', #8165, #8898, #8900, .T. );
#7172 = FILL_AREA_STYLE( '', ( #8901 ) );
#7173 = EDGE_CURVE( '', #8146, #7971, #8902, .T. );
#7174 = FILL_AREA_STYLE( '', ( #8903 ) );
#7175 = EDGE_CURVE( '', #8904, #8905, #8906, .T. );
#7176 = EDGE_CURVE( '', #8904, #8896, #8907, .F. );
#7177 = EDGE_CURVE( '', #8163, #8905, #8908, .T. );
#7178 = FILL_AREA_STYLE( '', ( #8909 ) );
#7179 = EDGE_CURVE( '', #8724, #7939, #8910, .T. );
#7180 = FILL_AREA_STYLE( '', ( #8911 ) );
#7181 = EDGE_CURVE( '', #8276, #8798, #8912, .T. );
#7182 = EDGE_CURVE( '', #8635, #8795, #8913, .T. );
#7183 = FILL_AREA_STYLE( '', ( #8914 ) );
#7184 = EDGE_CURVE( '', #8846, #8112, #8915, .T. );
#7185 = EDGE_CURVE( '', #8110, #8747, #8916, .T. );
#7186 = EDGE_CURVE( '', #8745, #8848, #8917, .T. );
#7187 = FILL_AREA_STYLE( '', ( #8918 ) );
#7188 = EDGE_CURVE( '', #8654, #8041, #8919, .F. );
#7189 = EDGE_CURVE( '', #8045, #8656, #8920, .F. );
#7190 = FILL_AREA_STYLE( '', ( #8921 ) );
#7191 = EDGE_CURVE( '', #8922, #8385, #8923, .T. );
#7192 = EDGE_CURVE( '', #8679, #8922, #8924, .T. );
#7193 = FILL_AREA_STYLE( '', ( #8925 ) );
#7194 = EDGE_CURVE( '', #8701, #8597, #8926, .T. );
#7195 = EDGE_CURVE( '', #8705, #8599, #8927, .T. );
#7196 = FILL_AREA_STYLE( '', ( #8928 ) );
#7197 = EDGE_CURVE( '', #8317, #8929, #8930, .T. );
#7198 = EDGE_CURVE( '', #8322, #8931, #8932, .T. );
#7199 = EDGE_CURVE( '', #8929, #8931, #8933, .T. );
#7200 = FILL_AREA_STYLE( '', ( #8934 ) );
#7201 = EDGE_CURVE( '', #7918, #8718, #8935, .T. );
#7202 = EDGE_CURVE( '', #8936, #8882, #8937, .T. );
#7203 = EDGE_CURVE( '', #8673, #8936, #8938, .T. );
#7204 = EDGE_CURVE( '', #8700, #7960, #8939, .T. );
#7205 = EDGE_CURVE( '', #8595, #8132, #8940, .T. );
#7206 = EDGE_CURVE( '', #8130, #7882, #8941, .T. );
#7207 = EDGE_CURVE( '', #7876, #8765, #8942, .T. );
#7208 = EDGE_CURVE( '', #8769, #8421, #8943, .T. );
#7209 = EDGE_CURVE( '', #8419, #8944, #8945, .T. );
#7210 = EDGE_CURVE( '', #8944, #8683, #8946, .T. );
#7211 = EDGE_CURVE( '', #8684, #8590, #8947, .T. );
#7212 = EDGE_CURVE( '', #8527, #8588, #8948, .T. );
#7213 = EDGE_CURVE( '', #7926, #8433, #8949, .T. );
#7214 = EDGE_CURVE( '', #8082, #8950, #8951, .T. );
#7215 = EDGE_CURVE( '', #8950, #8833, #8952, .T. );
#7216 = EDGE_CURVE( '', #8381, #8953, #8954, .T. );
#7217 = EDGE_CURVE( '', #8953, #8509, #8955, .F. );
#7218 = EDGE_CURVE( '', #8507, #7702, #8956, .F. );
#7219 = EDGE_CURVE( '', #8266, #8957, #8958, .T. );
#7220 = EDGE_CURVE( '', #8957, #8870, #8959, .T. );
#7221 = EDGE_CURVE( '', #8871, #8545, #8960, .F. );
#7222 = EDGE_CURVE( '', #8546, #8961, #8962, .F. );
#7223 = EDGE_CURVE( '', #8961, #8963, #8964, .T. );
#7224 = EDGE_CURVE( '', #8121, #8963, #8965, .T. );
#7225 = FILL_AREA_STYLE( '', ( #8966 ) );
#7226 = EDGE_CURVE( '', #8967, #8327, #8968, .T. );
#7227 = EDGE_CURVE( '', #8359, #8967, #8969, .T. );
#7228 = FILL_AREA_STYLE( '', ( #8970 ) );
#7229 = EDGE_CURVE( '', #8971, #8971, #8972, .T. );
#7230 = FILL_AREA_STYLE( '', ( #8973 ) );
#7231 = EDGE_CURVE( '', #7933, #8974, #8975, .T. );
#7232 = EDGE_CURVE( '', #7822, #8974, #8976, .T. );
#7233 = EDGE_CURVE( '', #7820, #7935, #8977, .T. );
#7234 = FILL_AREA_STYLE( '', ( #8978 ) );
#7235 = EDGE_CURVE( '', #7907, #8979, #8980, .T. );
#7236 = EDGE_CURVE( '', #8709, #8979, #8981, .T. );
#7237 = FILL_AREA_STYLE( '', ( #8982 ) );
#7238 = EDGE_CURVE( '', #8983, #8442, #8984, .T. );
#7239 = EDGE_CURVE( '', #8983, #8439, #8985, .T. );
#7240 = FILL_AREA_STYLE( '', ( #8986 ) );
#7241 = EDGE_CURVE( '', #8614, #8417, #8987, .T. );
#7242 = EDGE_CURVE( '', #8612, #8988, #8989, .T. );
#7243 = EDGE_CURVE( '', #8988, #8990, #8991, .T. );
#7244 = EDGE_CURVE( '', #8990, #8944, #8992, .F. );
#7245 = FILL_AREA_STYLE( '', ( #8993 ) );
#7246 = EDGE_CURVE( '', #7781, #8326, #8994, .T. );
#7247 = FILL_AREA_STYLE( '', ( #8995 ) );
#7248 = EDGE_CURVE( '', #8466, #8411, #8996, .T. );
#7249 = EDGE_CURVE( '', #8787, #8411, #8997, .F. );
#7250 = EDGE_CURVE( '', #8298, #8785, #8998, .T. );
#7251 = EDGE_CURVE( '', #8541, #8296, #8999, .T. );
#7252 = FILL_AREA_STYLE( '', ( #9000 ) );
#7253 = FILL_AREA_STYLE( '', ( #9001 ) );
#7254 = EDGE_CURVE( '', #8835, #9002, #9003, .T. );
#7255 = EDGE_CURVE( '', #8950, #9004, #9005, .T. );
#7256 = EDGE_CURVE( '', #9006, #9004, #9007, .T. );
#7257 = EDGE_CURVE( '', #9006, #9008, #9009, .T. );
#7258 = EDGE_CURVE( '', #9008, #9002, #9010, .T. );
#7259 = FILL_AREA_STYLE( '', ( #9011 ) );
#7260 = EDGE_CURVE( '', #8435, #7761, #9012, .T. );
#7261 = EDGE_CURVE( '', #9002, #7766, #9013, .T. );
#7262 = EDGE_CURVE( '', #8251, #9008, #9014, .T. );
#7263 = EDGE_CURVE( '', #8078, #8249, #9015, .T. );
#7264 = EDGE_CURVE( '', #9016, #8076, #9017, .T. );
#7265 = EDGE_CURVE( '', #9018, #9016, #9019, .T. );
#7266 = EDGE_CURVE( '', #9020, #9018, #9021, .T. );
#7267 = EDGE_CURVE( '', #9020, #9022, #9023, .F. );
#7268 = EDGE_CURVE( '', #9022, #8675, #9024, .T. );
#7269 = EDGE_CURVE( '', #8887, #8936, #9025, .T. );
#7270 = FILL_AREA_STYLE( '', ( #9026 ) );
#7271 = EDGE_CURVE( '', #7748, #8791, #9027, .T. );
#7272 = FILL_AREA_STYLE( '', ( #9028 ) );
#7273 = EDGE_CURVE( '', #9029, #7858, #9030, .T. );
#7274 = EDGE_CURVE( '', #8084, #9029, #9031, .F. );
#7275 = FILL_AREA_STYLE( '', ( #9032 ) );
#7276 = FILL_AREA_STYLE( '', ( #9033 ) );
#7277 = FILL_AREA_STYLE( '', ( #9034 ) );
#7278 = EDGE_CURVE( '', #7999, #8780, #9035, .T. );
#7279 = EDGE_CURVE( '', #8979, #9036, #9037, .T. );
#7280 = EDGE_CURVE( '', #9038, #9036, #9039, .T. );
#7281 = EDGE_CURVE( '', #9040, #9038, #9041, .T. );
#7282 = EDGE_CURVE( '', #9040, #8783, #9042, .T. );
#7283 = FILL_AREA_STYLE( '', ( #9043 ) );
#7284 = EDGE_CURVE( '', #8490, #7734, #9044, .T. );
#7285 = EDGE_CURVE( '', #7735, #8489, #9045, .T. );
#7286 = FILL_AREA_STYLE( '', ( #9046 ) );
#7287 = EDGE_CURVE( '', #9047, #8099, #9048, .T. );
#7288 = EDGE_CURVE( '', #9047, #8373, #9049, .T. );
#7289 = FILL_AREA_STYLE( '', ( #9050 ) );
#7290 = EDGE_CURVE( '', #9051, #8203, #9052, .T. );
#7291 = EDGE_CURVE( '', #8205, #9051, #9053, .F. );
#7292 = FILL_AREA_STYLE( '', ( #9054 ) );
#7293 = EDGE_CURVE( '', #8566, #7969, #9055, .T. );
#7294 = FILL_AREA_STYLE( '', ( #9056 ) );
#7295 = EDGE_CURVE( '', #8686, #8990, #9057, .T. );
#7296 = FILL_AREA_STYLE( '', ( #9058 ) );
#7297 = EDGE_CURVE( '', #8625, #8090, #9059, .T. );
#7298 = EDGE_CURVE( '', #8005, #8623, #9060, .T. );
#7299 = EDGE_CURVE( '', #9061, #8004, #9062, .T. );
#7300 = EDGE_CURVE( '', #8513, #9061, #9063, .F. );
#7301 = FILL_AREA_STYLE( '', ( #9064 ) );
#7302 = FILL_AREA_STYLE( '', ( #9065 ) );
#7303 = EDGE_CURVE( '', #8662, #8234, #9066, .T. );
#7304 = EDGE_CURVE( '', #8232, #8440, #9067, .T. );
#7305 = EDGE_CURVE( '', #8448, #9068, #9069, .T. );
#7306 = EDGE_CURVE( '', #9068, #8221, #9070, .T. );
#7307 = FILL_AREA_STYLE( '', ( #9071 ) );
#7308 = FILL_AREA_STYLE( '', ( #9072 ) );
#7309 = EDGE_CURVE( '', #9073, #7679, #9074, .T. );
#7310 = EDGE_CURVE( '', #9075, #9073, #9076, .T. );
#7311 = EDGE_CURVE( '', #9075, #7682, #9077, .T. );
#7312 = FILL_AREA_STYLE( '', ( #9078 ) );
#7313 = EDGE_CURVE( '', #8667, #8106, #9079, .F. );
#7314 = EDGE_CURVE( '', #7930, #8375, #9080, .T. );
#7315 = FILL_AREA_STYLE( '', ( #9081 ) );
#7316 = EDGE_CURVE( '', #8732, #8537, #9082, .T. );
#7317 = EDGE_CURVE( '', #8734, #8335, #9083, .T. );
#7318 = FILL_AREA_STYLE( '', ( #9084 ) );
#7319 = EDGE_CURVE( '', #7953, #9085, #9086, .T. );
#7320 = EDGE_CURVE( '', #9085, #8484, #9087, .T. );
#7321 = EDGE_CURVE( '', #8483, #9088, #9089, .F. );
#7322 = EDGE_CURVE( '', #8153, #9088, #9090, .T. );
#7323 = FILL_AREA_STYLE( '', ( #9091 ) );
#7324 = EDGE_CURVE( '', #8379, #9092, #9093, .T. );
#7325 = EDGE_CURVE( '', #9092, #8953, #9094, .F. );
#7326 = FILL_AREA_STYLE( '', ( #9095 ) );
#7327 = EDGE_CURVE( '', #8186, #9096, #9097, .F. );
#7328 = EDGE_CURVE( '', #8184, #8531, #9098, .F. );
#7329 = EDGE_CURVE( '', #9096, #8532, #9099, .T. );
#7330 = FILL_AREA_STYLE( '', ( #9100 ) );
#7331 = EDGE_CURVE( '', #8806, #8055, #9101, .T. );
#7332 = EDGE_CURVE( '', #9102, #8273, #9103, .T. );
#7333 = EDGE_CURVE( '', #8808, #9102, #9104, .T. );
#7334 = FILL_AREA_STYLE( '', ( #9105 ) );
#7335 = EDGE_CURVE( '', #8898, #9106, #9107, .F. );
#7336 = EDGE_CURVE( '', #9108, #9106, #9109, .T. );
#7337 = EDGE_CURVE( '', #8167, #9108, #9110, .T. );
#7338 = FILL_AREA_STYLE( '', ( #9111 ) );
#7339 = FILL_AREA_STYLE( '', ( #9112 ) );
#7340 = EDGE_CURVE( '', #8582, #8688, #9113, .T. );
#7341 = FILL_AREA_STYLE( '', ( #9114 ) );
#7342 = EDGE_CURVE( '', #9115, #8750, #9116, .T. );
#7343 = EDGE_CURVE( '', #8311, #9115, #9117, .F. );
#7344 = FILL_AREA_STYLE( '', ( #9118 ) );
#7345 = EDGE_CURVE( '', #8629, #8172, #9119, .T. );
#7346 = EDGE_CURVE( '', #8170, #8210, #9120, .T. );
#7347 = FILL_AREA_STYLE( '', ( #9121 ) );
#7348 = EDGE_CURVE( '', #8230, #8439, #9122, .T. );
#7349 = FILL_AREA_STYLE( '', ( #9123 ) );
#7350 = EDGE_CURVE( '', #8318, #9124, #9125, .T. );
#7351 = EDGE_CURVE( '', #8929, #9124, #9126, .T. );
#7352 = EDGE_CURVE( '', #8758, #8774, #9127, .T. );
#7353 = FILL_AREA_STYLE( '', ( #9128 ) );
#7354 = EDGE_CURVE( '', #8117, #9129, #9130, .T. );
#7355 = EDGE_CURVE( '', #8963, #9129, #9131, .T. );
#7356 = FILL_AREA_STYLE( '', ( #9132 ) );
#7357 = EDGE_CURVE( '', #7673, #9133, #9134, .T. );
#7358 = EDGE_CURVE( '', #8560, #7671, #9135, .T. );
#7359 = EDGE_CURVE( '', #9133, #8560, #9136, .F. );
#7360 = FILL_AREA_STYLE( '', ( #9137 ) );
#7361 = EDGE_CURVE( '', #8241, #9006, #9138, .T. );
#7362 = FILL_AREA_STYLE( '', ( #9139 ) );
#7363 = EDGE_CURVE( '', #9140, #9140, #9141, .T. );
#7364 = EDGE_CURVE( '', #9142, #9142, #9143, .T. );
#7365 = FILL_AREA_STYLE( '', ( #9144 ) );
#7366 = EDGE_CURVE( '', #8056, #8800, #9145, .T. );
#7367 = EDGE_CURVE( '', #8060, #8802, #9146, .T. );
#7368 = FILL_AREA_STYLE( '', ( #9147 ) );
#7369 = FILL_AREA_STYLE( '', ( #9148 ) );
#7370 = EDGE_CURVE( '', #8601, #8703, #9149, .T. );
#7371 = FILL_AREA_STYLE( '', ( #9150 ) );
#7372 = EDGE_CURVE( '', #7931, #9151, #9152, .T. );
#7373 = EDGE_CURVE( '', #8974, #9151, #9153, .T. );
#7374 = FILL_AREA_STYLE( '', ( #9154 ) );
#7375 = EDGE_CURVE( '', #8796, #8637, #9155, .T. );
#7376 = FILL_AREA_STYLE( '', ( #9156 ) );
#7377 = EDGE_CURVE( '', #8005, #9157, #9158, .T. );
#7378 = EDGE_CURVE( '', #9157, #8827, #9159, .T. );
#7379 = FILL_AREA_STYLE( '', ( #9160 ) );
#7380 = FILL_AREA_STYLE( '', ( #9161 ) );
#7381 = EDGE_CURVE( '', #8364, #9162, #9163, .T. );
#7382 = EDGE_CURVE( '', #8564, #9162, #9164, .T. );
#7383 = FILL_AREA_STYLE( '', ( #9165 ) );
#7384 = EDGE_CURVE( '', #8811, #8278, #9166, .T. );
#7385 = FILL_AREA_STYLE( '', ( #9167 ) );
#7386 = EDGE_CURVE( '', #7647, #9168, #9169, .T. );
#7387 = EDGE_CURVE( '', #9168, #7799, #9170, .T. );
#7388 = FILL_AREA_STYLE( '', ( #9171 ) );
#7389 = EDGE_CURVE( '', #9115, #8647, #9172, .T. );
#7390 = FILL_AREA_STYLE( '', ( #9173 ) );
#7391 = EDGE_CURVE( '', #7964, #9022, #9174, .T. );
#7392 = EDGE_CURVE( '', #9175, #9020, #9176, .F. );
#7393 = EDGE_CURVE( '', #7964, #9175, #9177, .T. );
#7394 = FILL_AREA_STYLE( '', ( #9178 ) );
#7395 = EDGE_CURVE( '', #9085, #7773, #9179, .T. );
#7396 = FILL_AREA_STYLE( '', ( #9180 ) );
#7397 = EDGE_CURVE( '', #8201, #9181, #9182, .T. );
#7398 = EDGE_CURVE( '', #9051, #9181, #9183, .T. );
#7399 = FILL_AREA_STYLE( '', ( #9184 ) );
#7400 = EDGE_CURVE( '', #9096, #8403, #9185, .T. );
#7401 = FILL_AREA_STYLE( '', ( #9186 ) );
#7402 = EDGE_CURVE( '', #7916, #9018, #9187, .T. );
#7403 = EDGE_CURVE( '', #9188, #9016, #9189, .T. );
#7404 = EDGE_CURVE( '', #8720, #9188, #9190, .T. );
#7405 = FILL_AREA_STYLE( '', ( #9191 ) );
#7406 = EDGE_CURVE( '', #9088, #7783, #9192, .F. );
#7407 = EDGE_CURVE( '', #8967, #8156, #9193, .T. );
#7408 = FILL_AREA_STYLE( '', ( #9194 ) );
#7409 = EDGE_CURVE( '', #8007, #9195, #9196, .T. );
#7410 = EDGE_CURVE( '', #9195, #8829, #9197, .T. );
#7411 = FILL_AREA_STYLE( '', ( #9198 ) );
#7412 = EDGE_CURVE( '', #8216, #9199, #9200, .T. );
#7413 = EDGE_CURVE( '', #7990, #9199, #9201, .T. );
#7414 = FILL_AREA_STYLE( '', ( #9202 ) );
#7415 = EDGE_CURVE( '', #9203, #8781, #9204, .T. );
#7416 = EDGE_CURVE( '', #9205, #9203, #9206, .T. );
#7417 = EDGE_CURVE( '', #9205, #8780, #9207, .T. );
#7418 = FILL_AREA_STYLE( '', ( #9208 ) );
#7419 = FILL_AREA_STYLE( '', ( #9209 ) );
#7420 = FILL_AREA_STYLE( '', ( #9210 ) );
#7421 = EDGE_CURVE( '', #9203, #8696, #9211, .T. );
#7422 = EDGE_CURVE( '', #8694, #9205, #9212, .T. );
#7423 = FILL_AREA_STYLE( '', ( #9213 ) );
#7424 = EDGE_CURVE( '', #7984, #9214, #9215, .T. );
#7425 = EDGE_CURVE( '', #7982, #8922, #9216, .T. );
#7426 = EDGE_CURVE( '', #9102, #8400, #9217, .F. );
#7427 = EDGE_CURVE( '', #8271, #9214, #9218, .T. );
#7428 = FILL_AREA_STYLE( '', ( #9219 ) );
#7429 = EDGE_CURVE( '', #8961, #9220, #9221, .T. );
#7430 = EDGE_CURVE( '', #9220, #9129, #9222, .T. );
#7431 = FILL_AREA_STYLE( '', ( #9223 ) );
#7432 = EDGE_CURVE( '', #8983, #7691, #9224, .F. );
#7433 = FILL_AREA_STYLE( '', ( #9225 ) );
#7434 = EDGE_CURVE( '', #8866, #9226, #9227, .T. );
#7435 = EDGE_CURVE( '', #9226, #8737, #9228, .T. );
#7436 = FILL_AREA_STYLE( '', ( #9229 ) );
#7437 = EDGE_CURVE( '', #9230, #8988, #9231, .T. );
#7438 = EDGE_CURVE( '', #8767, #9230, #9232, .T. );
#7439 = EDGE_CURVE( '', #7788, #8764, #9233, .T. );
#7440 = EDGE_CURVE( '', #7884, #8128, #9234, .T. );
#7441 = EDGE_CURVE( '', #8126, #8584, #9235, .T. );
#7442 = FILL_AREA_STYLE( '', ( #9236 ) );
#7443 = EDGE_CURVE( '', #9151, #9047, #9237, .T. );
#7444 = EDGE_CURVE( '', #8100, #7728, #9238, .T. );
#7445 = EDGE_CURVE( '', #8236, #9239, #9240, .T. );
#7446 = EDGE_CURVE( '', #9239, #9241, #9242, .T. );
#7447 = EDGE_CURVE( '', #9241, #8852, #9243, .T. );
#7448 = EDGE_CURVE( '', #8853, #8446, #9244, .T. );
#7449 = EDGE_CURVE( '', #8444, #7814, #9245, .T. );
#7450 = FILL_AREA_STYLE( '', ( #9246 ) );
#7451 = EDGE_CURVE( '', #7724, #8498, #9247, .T. );
#7452 = FILL_AREA_STYLE( '', ( #9248 ) );
#7453 = EDGE_CURVE( '', #8610, #9230, #9249, .T. );
#7454 = EDGE_CURVE( '', #8608, #8416, #9250, .T. );
#7455 = FILL_AREA_STYLE( '', ( #9251 ) );
#7456 = EDGE_CURVE( '', #9195, #9157, #9252, .T. );
#7457 = FILL_AREA_STYLE( '', ( #9253 ) );
#7458 = EDGE_CURVE( '', #9254, #8409, #9255, .F. );
#7459 = EDGE_CURVE( '', #9256, #9254, #9257, .T. );
#7460 = EDGE_CURVE( '', #8710, #9256, #9258, .T. );
#7461 = FILL_AREA_STYLE( '', ( #9259 ) );
#7462 = EDGE_CURVE( '', #9260, #9260, #9261, .T. );
#7463 = FILL_AREA_STYLE( '', ( #9262 ) );
#7464 = EDGE_CURVE( '', #9061, #8821, #9263, .T. );
#7465 = FILL_AREA_STYLE( '', ( #9264 ) );
#7466 = EDGE_CURVE( '', #9181, #8405, #9265, .T. );
#7467 = EDGE_CURVE( '', #8405, #9266, #9267, .T. );
#7468 = EDGE_CURVE( '', #9266, #9254, #9268, .T. );
#7469 = FILL_AREA_STYLE( '', ( #9269 ) );
#7470 = EDGE_CURVE( '', #8839, #7804, #9270, .F. );
#7471 = EDGE_CURVE( '', #8842, #7809, #9271, .F. );
#7472 = FILL_AREA_STYLE( '', ( #9272 ) );
#7473 = EDGE_CURVE( '', #8760, #8776, #9273, .T. );
#7474 = FILL_AREA_STYLE( '', ( #9274 ) );
#7475 = EDGE_CURVE( '', #9275, #7804, #9276, .T. );
#7476 = EDGE_CURVE( '', #9275, #8840, #9277, .F. );
#7477 = FILL_AREA_STYLE( '', ( #9278 ) );
#7478 = EDGE_CURVE( '', #8606, #7874, #9279, .T. );
#7479 = FILL_AREA_STYLE( '', ( #9280 ) );
#7480 = FILL_AREA_STYLE( '', ( #9281 ) );
#7481 = EDGE_CURVE( '', #8289, #8177, #9282, .T. );
#7482 = EDGE_CURVE( '', #8284, #8175, #9283, .T. );
#7483 = FILL_AREA_STYLE( '', ( #9284 ) );
#7484 = FILL_AREA_STYLE( '', ( #9285 ) );
#7485 = EDGE_CURVE( '', #8892, #7813, #9286, .T. );
#7486 = EDGE_CURVE( '', #8442, #7813, #9287, .T. );
#7487 = EDGE_CURVE( '', #8892, #8983, #9288, .F. );
#7488 = FILL_AREA_STYLE( '', ( #9289 ) );
#7489 = EDGE_CURVE( '', #9290, #8860, #9291, .T. );
#7490 = EDGE_CURVE( '', #9292, #9290, #9293, .F. );
#7491 = EDGE_CURVE( '', #8862, #9292, #9294, .T. );
#7492 = FILL_AREA_STYLE( '', ( #9295 ) );
#7493 = EDGE_CURVE( '', #7680, #9040, #9296, .T. );
#7494 = EDGE_CURVE( '', #9199, #9038, #9297, .T. );
#7495 = EDGE_CURVE( '', #9214, #8215, #9298, .T. );
#7496 = EDGE_CURVE( '', #8642, #9073, #9299, .T. );
#7497 = EDGE_CURVE( '', #8051, #7852, #9300, .T. );
#7498 = EDGE_CURVE( '', #9301, #9301, #9302, .T. );
#7499 = EDGE_CURVE( '', #7737, #8494, #9303, .T. );
#7500 = EDGE_CURVE( '', #8492, #7739, #9304, .T. );
#7501 = FILL_AREA_STYLE( '', ( #9305 ) );
#7502 = EDGE_CURVE( '', #9306, #8816, #9307, .T. );
#7503 = EDGE_CURVE( '', #9306, #8879, #9308, .F. );
#7504 = FILL_AREA_STYLE( '', ( #9309 ) );
#7505 = FILL_AREA_STYLE( '', ( #9310 ) );
#7506 = FILL_AREA_STYLE( '', ( #9311 ) );
#7507 = FILL_AREA_STYLE( '', ( #9312 ) );
#7508 = FILL_AREA_STYLE( '', ( #9313 ) );
#7509 = EDGE_CURVE( '', #8499, #8194, #9314, .T. );
#7510 = FILL_AREA_STYLE( '', ( #9315 ) );
#7511 = FILL_AREA_STYLE( '', ( #9316 ) );
#7512 = FILL_AREA_STYLE( '', ( #9317 ) );
#7513 = FILL_AREA_STYLE( '', ( #9318 ) );
#7514 = EDGE_CURVE( '', #8856, #9068, #9319, .T. );
#7515 = FILL_AREA_STYLE( '', ( #9320 ) );
#7516 = EDGE_CURVE( '', #9321, #9292, #9322, .T. );
#7517 = EDGE_CURVE( '', #9321, #8864, #9323, .T. );
#7518 = FILL_AREA_STYLE( '', ( #9324 ) );
#7519 = EDGE_CURVE( '', #9188, #8074, #9325, .T. );
#7520 = EDGE_CURVE( '', #9004, #8086, #9326, .T. );
#7521 = EDGE_CURVE( '', #9029, #9306, #9327, .T. );
#7522 = FILL_AREA_STYLE( '', ( #9328 ) );
#7523 = EDGE_CURVE( '', #8504, #9092, #9329, .T. );
#7524 = FILL_AREA_STYLE( '', ( #9330 ) );
#7525 = FILL_AREA_STYLE( '', ( #9331 ) );
#7526 = EDGE_CURVE( '', #8373, #7931, #9332, .T. );
#7527 = FILL_AREA_STYLE( '', ( #9333 ) );
#7528 = EDGE_CURVE( '', #9133, #7675, #9334, .T. );
#7529 = FILL_AREA_STYLE( '', ( #9335 ) );
#7530 = FILL_AREA_STYLE( '', ( #9336 ) );
#7531 = EDGE_CURVE( '', #9226, #9321, #9337, .F. );
#7532 = FILL_AREA_STYLE( '', ( #9338 ) );
#7533 = EDGE_CURVE( '', #7746, #8727, #9339, .T. );
#7534 = FILL_AREA_STYLE( '', ( #9340 ) );
#7535 = EDGE_CURVE( '', #9341, #8873, #9342, .T. );
#7536 = EDGE_CURVE( '', #8957, #9341, #9343, .T. );
#7537 = FILL_AREA_STYLE( '', ( #9344 ) );
#7538 = FILL_AREA_STYLE( '', ( #9345 ) );
#7539 = FILL_AREA_STYLE( '', ( #9346 ) );
#7540 = EDGE_CURVE( '', #8224, #9241, #9347, .T. );
#7541 = EDGE_CURVE( '', #8660, #9239, #9348, .T. );
#7542 = FILL_AREA_STYLE( '', ( #9349 ) );
#7543 = EDGE_CURVE( '', #8049, #7849, #9350, .T. );
#7544 = FILL_AREA_STYLE( '', ( #9351 ) );
#7545 = EDGE_CURVE( '', #7684, #9168, #9352, .T. );
#7546 = EDGE_CURVE( '', #8641, #9075, #9353, .T. );
#7547 = FILL_AREA_STYLE( '', ( #9354 ) );
#7548 = FILL_AREA_STYLE( '', ( #9355 ) );
#7549 = FILL_AREA_STYLE( '', ( #9356 ) );
#7550 = FILL_AREA_STYLE( '', ( #9357 ) );
#7551 = FILL_AREA_STYLE( '', ( #9358 ) );
#7552 = EDGE_CURVE( '', #8979, #9256, #9359, .T. );
#7553 = FILL_AREA_STYLE( '', ( #9360 ) );
#7554 = EDGE_CURVE( '', #9220, #8550, #9361, .T. );
#7555 = FILL_AREA_STYLE( '', ( #9362 ) );
#7556 = FILL_AREA_STYLE( '', ( #9363 ) );
#7557 = FILL_AREA_STYLE( '', ( #9364 ) );
#7558 = FILL_AREA_STYLE( '', ( #9365 ) );
#7559 = FILL_AREA_STYLE( '', ( #9366 ) );
#7560 = FILL_AREA_STYLE( '', ( #9367 ) );
#7561 = EDGE_CURVE( '', #8905, #9108, #9368, .T. );
#7562 = FILL_AREA_STYLE( '', ( #9369 ) );
#7563 = FILL_AREA_STYLE( '', ( #9370 ) );
#7564 = EDGE_CURVE( '', #9124, #9371, #9372, .T. );
#7565 = EDGE_CURVE( '', #9371, #8320, #9373, .T. );
#7566 = FILL_AREA_STYLE( '', ( #9374 ) );
#7567 = EDGE_CURVE( '', #8931, #9371, #9375, .T. );
#7568 = FILL_AREA_STYLE( '', ( #9376 ) );
#7569 = FILL_AREA_STYLE( '', ( #9377 ) );
#7570 = FILL_AREA_STYLE( '', ( #9378 ) );
#7571 = FILL_AREA_STYLE( '', ( #9379 ) );
#7572 = EDGE_CURVE( '', #9290, #8738, #9380, .T. );
#7573 = FILL_AREA_STYLE( '', ( #9381 ) );
#7574 = FILL_AREA_STYLE( '', ( #9382 ) );
#7575 = FILL_AREA_STYLE( '', ( #9383 ) );
#7576 = EDGE_CURVE( '', #9384, #9175, #9385, .T. );
#7577 = EDGE_CURVE( '', #9384, #8703, #9386, .F. );
#7578 = FILL_AREA_STYLE( '', ( #9387 ) );
#7579 = EDGE_CURVE( '', #9036, #9266, #9388, .T. );
#7580 = FILL_AREA_STYLE( '', ( #9389 ) );
#7581 = FILL_AREA_STYLE( '', ( #9390 ) );
#7582 = EDGE_CURVE( '', #8804, #8058, #9391, .T. );
#7583 = FILL_AREA_STYLE( '', ( #9392 ) );
#7584 = FILL_AREA_STYLE( '', ( #9393 ) );
#7585 = FILL_AREA_STYLE( '', ( #9394 ) );
#7586 = FILL_AREA_STYLE( '', ( #9395 ) );
#7587 = FILL_AREA_STYLE( '', ( #9396 ) );
#7588 = FILL_AREA_STYLE( '', ( #9397 ) );
#7589 = EDGE_CURVE( '', #7697, #8505, #9398, .T. );
#7590 = FILL_AREA_STYLE( '', ( #9399 ) );
#7591 = EDGE_CURVE( '', #9162, #7722, #9400, .T. );
#7592 = FILL_AREA_STYLE( '', ( #9401 ) );
#7593 = FILL_AREA_STYLE( '', ( #9402 ) );
#7594 = EDGE_CURVE( '', #7840, #8616, #9403, .F. );
#7595 = FILL_AREA_STYLE( '', ( #9404 ) );
#7596 = FILL_AREA_STYLE( '', ( #9405 ) );
#7597 = EDGE_CURVE( '', #8603, #9384, #9406, .F. );
#7598 = EDGE_CURVE( '', #8548, #8875, #9407, .T. );
#7599 = EDGE_CURVE( '', #8264, #9341, #9408, .T. );
#7600 = FILL_AREA_STYLE( '', ( #9409 ) );
#7601 = FILL_AREA_STYLE( '', ( #9410 ) );
#7602 = FILL_AREA_STYLE( '', ( #9411 ) );
#7603 = FILL_AREA_STYLE( '', ( #9412 ) );
#7604 = FILL_AREA_STYLE( '', ( #9413 ) );
#7605 = FILL_AREA_STYLE( '', ( #9414 ) );
#7606 = FILL_AREA_STYLE( '', ( #9415 ) );
#7607 = FILL_AREA_STYLE( '', ( #9416 ) );
#7608 = FILL_AREA_STYLE( '', ( #9417 ) );
#7609 = FILL_AREA_STYLE( '', ( #9418 ) );
#7610 = FILL_AREA_STYLE( '', ( #9419 ) );
#7611 = FILL_AREA_STYLE( '', ( #9420 ) );
#7612 = FILL_AREA_STYLE( '', ( #9421 ) );
#7613 = FILL_AREA_STYLE( '', ( #9422 ) );
#7614 = FILL_AREA_STYLE( '', ( #9423 ) );
#7615 = EDGE_CURVE( '', #9106, #8904, #9424, .T. );
#7616 = FILL_AREA_STYLE( '', ( #9425 ) );
#7617 = FILL_AREA_STYLE( '', ( #9426 ) );
#7618 = FILL_AREA_STYLE( '', ( #9427 ) );
#7619 = FILL_AREA_STYLE( '', ( #9428 ) );
#7620 = FILL_AREA_STYLE( '', ( #9429 ) );
#7621 = FILL_AREA_STYLE( '', ( #9430 ) );
#7622 = EDGE_CURVE( '', #9275, #8400, #9431, .T. );
#7623 = FILL_AREA_STYLE( '', ( #9432 ) );
#7624 = FILL_AREA_STYLE( '', ( #9433 ) );
#7625 = FILL_AREA_STYLE( '', ( #9434 ) );
#7626 = FILL_AREA_STYLE( '', ( #9435 ) );
#7627 = FILL_AREA_STYLE( '', ( #9436 ) );
#7628 = FILL_AREA_STYLE( '', ( #9437 ) );
#7629 = FILL_AREA_STYLE_COLOUR( '', #9438 );
#7630 = VERTEX_POINT( '', #9439 );
#7631 = CIRCLE( '', #9440, 0.500000000000000 );
#7632 = VERTEX_POINT( '', #9441 );
#7633 = CIRCLE( '', #9442, 0.500000000000000 );
#7634 = FILL_AREA_STYLE_COLOUR( '', #9443 );
#7635 = VERTEX_POINT( '', #9444 );
#7636 = VERTEX_POINT( '', #9445 );
#7637 = CIRCLE( '', #9446, 0.500000000000000 );
#7638 = VERTEX_POINT( '', #9447 );
#7639 = LINE( '', #9448, #9449 );
#7640 = VERTEX_POINT( '', #9450 );
#7641 = LINE( '', #9451, #9452 );
#7642 = LINE( '', #9453, #9454 );
#7643 = FILL_AREA_STYLE_COLOUR( '', #9455 );
#7644 = VERTEX_POINT( '', #9456 );
#7645 = VERTEX_POINT( '', #9457 );
#7646 = CIRCLE( '', #9458, 0.300000000000000 );
#7647 = VERTEX_POINT( '', #9459 );
#7648 = LINE( '', #9460, #9461 );
#7649 = VERTEX_POINT( '', #9462 );
#7650 = CIRCLE( '', #9463, 0.300000000000000 );
#7651 = LINE( '', #9464, #9465 );
#7652 = FILL_AREA_STYLE_COLOUR( '', #9466 );
#7653 = VERTEX_POINT( '', #9467 );
#7654 = VERTEX_POINT( '', #9468 );
#7655 = LINE( '', #9469, #9470 );
#7656 = VERTEX_POINT( '', #9471 );
#7657 = LINE( '', #9472, #9473 );
#7658 = VERTEX_POINT( '', #9474 );
#7659 = LINE( '', #9475, #9476 );
#7660 = LINE( '', #9477, #9478 );
#7661 = FILL_AREA_STYLE_COLOUR( '', #9479 );
#7662 = VERTEX_POINT( '', #9480 );
#7663 = VERTEX_POINT( '', #9481 );
#7664 = LINE( '', #9482, #9483 );
#7665 = VERTEX_POINT( '', #9484 );
#7666 = LINE( '', #9485, #9486 );
#7667 = VERTEX_POINT( '', #9487 );
#7668 = CIRCLE( '', #9488, 0.500000000000000 );
#7669 = VERTEX_POINT( '', #9489 );
#7670 = LINE( '', #9490, #9491 );
#7671 = VERTEX_POINT( '', #9492 );
#7672 = LINE( '', #9493, #9494 );
#7673 = VERTEX_POINT( '', #9495 );
#7674 = ELLIPSE( '', #9496, 0.707106781186549, 0.500000000000000 );
#7675 = VERTEX_POINT( '', #9497 );
#7676 = CIRCLE( '', #9498, 0.500000000000000 );
#7677 = ELLIPSE( '', #9499, 0.707106781186549, 0.500000000000000 );
#7678 = FILL_AREA_STYLE_COLOUR( '', #9500 );
#7679 = VERTEX_POINT( '', #9501 );
#7680 = VERTEX_POINT( '', #9502 );
#7681 = CIRCLE( '', #9503, 1.15000000000000 );
#7682 = VERTEX_POINT( '', #9504 );
#7683 = LINE( '', #9505, #9506 );
#7684 = VERTEX_POINT( '', #9507 );
#7685 = CIRCLE( '', #9508, 1.15000000000000 );
#7686 = LINE( '', #9509, #9510 );
#7687 = FILL_AREA_STYLE_COLOUR( '', #9511 );
#7688 = VERTEX_POINT( '', #9512 );
#7689 = VERTEX_POINT( '', #9513 );
#7690 = CIRCLE( '', #9514, 0.500000000000000 );
#7691 = VERTEX_POINT( '', #9515 );
#7692 = LINE( '', #9516, #9517 );
#7693 = VERTEX_POINT( '', #9518 );
#7694 = CIRCLE( '', #9519, 0.500000000000000 );
#7695 = LINE( '', #9520, #9521 );
#7696 = FILL_AREA_STYLE_COLOUR( '', #9522 );
#7697 = VERTEX_POINT( '', #9523 );
#7698 = VERTEX_POINT( '', #9524 );
#7699 = LINE( '', #9525, #9526 );
#7700 = VERTEX_POINT( '', #9527 );
#7701 = LINE( '', #9528, #9529 );
#7702 = VERTEX_POINT( '', #9530 );
#7703 = LINE( '', #9531, #9532 );
#7704 = LINE( '', #9533, #9534 );
#7705 = FILL_AREA_STYLE_COLOUR( '', #9535 );
#7706 = VERTEX_POINT( '', #9536 );
#7707 = VERTEX_POINT( '', #9537 );
#7708 = LINE( '', #9538, #9539 );
#7709 = VERTEX_POINT( '', #9540 );
#7710 = LINE( '', #9541, #9542 );
#7711 = VERTEX_POINT( '', #9543 );
#7712 = LINE( '', #9544, #9545 );
#7713 = VERTEX_POINT( '', #9546 );
#7714 = LINE( '', #9547, #9548 );
#7715 = VERTEX_POINT( '', #9549 );
#7716 = LINE( '', #9550, #9551 );
#7717 = LINE( '', #9552, #9553 );
#7718 = FILL_AREA_STYLE_COLOUR( '', #9554 );
#7719 = VERTEX_POINT( '', #9555 );
#7720 = VERTEX_POINT( '', #9556 );
#7721 = CIRCLE( '', #9557, 0.350000000000000 );
#7722 = VERTEX_POINT( '', #9558 );
#7723 = LINE( '', #9559, #9560 );
#7724 = VERTEX_POINT( '', #9561 );
#7725 = CIRCLE( '', #9562, 0.350000000000000 );
#7726 = LINE( '', #9563, #9564 );
#7727 = FILL_AREA_STYLE_COLOUR( '', #9565 );
#7728 = VERTEX_POINT( '', #9566 );
#7729 = LINE( '', #9567, #9568 );
#7730 = VERTEX_POINT( '', #9569 );
#7731 = LINE( '', #9570, #9571 );
#7732 = LINE( '', #9572, #9573 );
#7733 = FILL_AREA_STYLE_COLOUR( '', #9574 );
#7734 = VERTEX_POINT( '', #9575 );
#7735 = VERTEX_POINT( '', #9576 );
#7736 = LINE( '', #9577, #9578 );
#7737 = VERTEX_POINT( '', #9579 );
#7738 = LINE( '', #9580, #9581 );
#7739 = VERTEX_POINT( '', #9582 );
#7740 = LINE( '', #9583, #9584 );
#7741 = LINE( '', #9585, #9586 );
#7742 = FILL_AREA_STYLE_COLOUR( '', #9587 );
#7743 = VERTEX_POINT( '', #9588 );
#7744 = VERTEX_POINT( '', #9589 );
#7745 = LINE( '', #9590, #9591 );
#7746 = VERTEX_POINT( '', #9592 );
#7747 = LINE( '', #9593, #9594 );
#7748 = VERTEX_POINT( '', #9595 );
#7749 = LINE( '', #9596, #9597 );
#7750 = LINE( '', #9598, #9599 );
#7751 = FILL_AREA_STYLE_COLOUR( '', #9600 );
#7752 = VERTEX_POINT( '', #9601 );
#7753 = VERTEX_POINT( '', #9602 );
#7754 = LINE( '', #9603, #9604 );
#7755 = VERTEX_POINT( '', #9605 );
#7756 = LINE( '', #9606, #9607 );
#7757 = VERTEX_POINT( '', #9608 );
#7758 = LINE( '', #9609, #9610 );
#7759 = LINE( '', #9611, #9612 );
#7760 = FILL_AREA_STYLE_COLOUR( '', #9613 );
#7761 = VERTEX_POINT( '', #9614 );
#7762 = VERTEX_POINT( '', #9615 );
#7763 = CIRCLE( '', #9616, 0.500000000000000 );
#7764 = VERTEX_POINT( '', #9617 );
#7765 = LINE( '', #9618, #9619 );
#7766 = VERTEX_POINT( '', #9620 );
#7767 = CIRCLE( '', #9621, 0.500000000000000 );
#7768 = LINE( '', #9622, #9623 );
#7769 = FILL_AREA_STYLE_COLOUR( '', #9624 );
#7770 = VERTEX_POINT( '', #9625 );
#7771 = VERTEX_POINT( '', #9626 );
#7772 = LINE( '', #9627, #9628 );
#7773 = VERTEX_POINT( '', #9629 );
#7774 = LINE( '', #9630, #9631 );
#7775 = VERTEX_POINT( '', #9632 );
#7776 = LINE( '', #9633, #9634 );
#7777 = VERTEX_POINT( '', #9635 );
#7778 = CIRCLE( '', #9636, 0.350000000000000 );
#7779 = VERTEX_POINT( '', #9637 );
#7780 = LINE( '', #9638, #9639 );
#7781 = VERTEX_POINT( '', #9640 );
#7782 = LINE( '', #9641, #9642 );
#7783 = VERTEX_POINT( '', #9643 );
#7784 = LINE( '', #9644, #9645 );
#7785 = CIRCLE( '', #9646, 0.700000000000000 );
#7786 = FILL_AREA_STYLE_COLOUR( '', #9647 );
#7787 = VERTEX_POINT( '', #9648 );
#7788 = VERTEX_POINT( '', #9649 );
#7789 = LINE( '', #9650, #9651 );
#7790 = VERTEX_POINT( '', #9652 );
#7791 = LINE( '', #9653, #9654 );
#7792 = VERTEX_POINT( '', #9655 );
#7793 = LINE( '', #9656, #9657 );
#7794 = LINE( '', #9658, #9659 );
#7795 = FILL_AREA_STYLE_COLOUR( '', #9660 );
#7796 = VERTEX_POINT( '', #9661 );
#7797 = VERTEX_POINT( '', #9662 );
#7798 = CIRCLE( '', #9663, 1.00000000000000 );
#7799 = VERTEX_POINT( '', #9664 );
#7800 = LINE( '', #9665, #9666 );
#7801 = LINE( '', #9667, #9668 );
#7802 = LINE( '', #9669, #9670 );
#7803 = FILL_AREA_STYLE_COLOUR( '', #9671 );
#7804 = VERTEX_POINT( '', #9672 );
#7805 = VERTEX_POINT( '', #9673 );
#7806 = LINE( '', #9674, #9675 );
#7807 = VERTEX_POINT( '', #9676 );
#7808 = LINE( '', #9677, #9678 );
#7809 = VERTEX_POINT( '', #9679 );
#7810 = LINE( '', #9680, #9681 );
#7811 = LINE( '', #9682, #9683 );
#7812 = FILL_AREA_STYLE_COLOUR( '', #9684 );
#7813 = VERTEX_POINT( '', #9685 );
#7814 = VERTEX_POINT( '', #9686 );
#7815 = LINE( '', #9687, #9688 );
#7816 = VERTEX_POINT( '', #9689 );
#7817 = CIRCLE( '', #9690, 0.500000000000000 );
#7818 = VERTEX_POINT( '', #9691 );
#7819 = LINE( '', #9692, #9693 );
#7820 = VERTEX_POINT( '', #9694 );
#7821 = CIRCLE( '', #9695, 0.500000000000000 );
#7822 = VERTEX_POINT( '', #9696 );
#7823 = LINE( '', #9697, #9698 );
#7824 = CIRCLE( '', #9699, 0.500000000000000 );
#7825 = FILL_AREA_STYLE_COLOUR( '', #9700 );
#7826 = VERTEX_POINT( '', #9701 );
#7827 = VERTEX_POINT( '', #9702 );
#7828 = LINE( '', #9703, #9704 );
#7829 = VERTEX_POINT( '', #9705 );
#7830 = LINE( '', #9706, #9707 );
#7831 = VERTEX_POINT( '', #9708 );
#7832 = LINE( '', #9709, #9710 );
#7833 = LINE( '', #9711, #9712 );
#7834 = VERTEX_POINT( '', #9713 );
#7835 = LINE( '', #9714, #9715 );
#7836 = VERTEX_POINT( '', #9716 );
#7837 = LINE( '', #9717, #9718 );
#7838 = LINE( '', #9719, #9720 );
#7839 = FILL_AREA_STYLE_COLOUR( '', #9721 );
#7840 = VERTEX_POINT( '', #9722 );
#7841 = LINE( '', #9723, #9724 );
#7842 = VERTEX_POINT( '', #9725 );
#7843 = LINE( '', #9726, #9727 );
#7844 = VERTEX_POINT( '', #9728 );
#7845 = LINE( '', #9729, #9730 );
#7846 = LINE( '', #9731, #9732 );
#7847 = LINE( '', #9733, #9734 );
#7848 = FILL_AREA_STYLE_COLOUR( '', #9735 );
#7849 = VERTEX_POINT( '', #9736 );
#7850 = VERTEX_POINT( '', #9737 );
#7851 = LINE( '', #9738, #9739 );
#7852 = VERTEX_POINT( '', #9740 );
#7853 = LINE( '', #9741, #9742 );
#7854 = VERTEX_POINT( '', #9743 );
#7855 = LINE( '', #9744, #9745 );
#7856 = LINE( '', #9746, #9747 );
#7857 = FILL_AREA_STYLE_COLOUR( '', #9748 );
#7858 = VERTEX_POINT( '', #9749 );
#7859 = VERTEX_POINT( '', #9750 );
#7860 = LINE( '', #9751, #9752 );
#7861 = VERTEX_POINT( '', #9753 );
#7862 = CIRCLE( '', #9754, 0.800000000000000 );
#7863 = VERTEX_POINT( '', #9755 );
#7864 = LINE( '', #9756, #9757 );
#7865 = CIRCLE( '', #9758, 0.800000000000000 );
#7866 = FILL_AREA_STYLE_COLOUR( '', #9759 );
#7867 = VERTEX_POINT( '', #9760 );
#7868 = LINE( '', #9761, #9762 );
#7869 = VERTEX_POINT( '', #9763 );
#7870 = LINE( '', #9764, #9765 );
#7871 = LINE( '', #9766, #9767 );
#7872 = FILL_AREA_STYLE_COLOUR( '', #9768 );
#7873 = VERTEX_POINT( '', #9769 );
#7874 = VERTEX_POINT( '', #9770 );
#7875 = LINE( '', #9771, #9772 );
#7876 = VERTEX_POINT( '', #9773 );
#7877 = LINE( '', #9774, #9775 );
#7878 = VERTEX_POINT( '', #9776 );
#7879 = LINE( '', #9777, #9778 );
#7880 = LINE( '', #9779, #9780 );
#7881 = FILL_AREA_STYLE_COLOUR( '', #9781 );
#7882 = VERTEX_POINT( '', #9782 );
#7883 = LINE( '', #9783, #9784 );
#7884 = VERTEX_POINT( '', #9785 );
#7885 = LINE( '', #9786, #9787 );
#7886 = LINE( '', #9788, #9789 );
#7887 = VERTEX_POINT( '', #9790 );
#7888 = LINE( '', #9791, #9792 );
#7889 = LINE( '', #9793, #9794 );
#7890 = FILL_AREA_STYLE_COLOUR( '', #9795 );
#7891 = VERTEX_POINT( '', #9796 );
#7892 = LINE( '', #9797, #9798 );
#7893 = VERTEX_POINT( '', #9799 );
#7894 = LINE( '', #9800, #9801 );
#7895 = LINE( '', #9802, #9803 );
#7896 = FILL_AREA_STYLE_COLOUR( '', #9804 );
#7897 = VERTEX_POINT( '', #9805 );
#7898 = VERTEX_POINT( '', #9806 );
#7899 = LINE( '', #9807, #9808 );
#7900 = VERTEX_POINT( '', #9809 );
#7901 = LINE( '', #9810, #9811 );
#7902 = VERTEX_POINT( '', #9812 );
#7903 = LINE( '', #9813, #9814 );
#7904 = LINE( '', #9815, #9816 );
#7905 = FILL_AREA_STYLE_COLOUR( '', #9817 );
#7906 = VERTEX_POINT( '', #9818 );
#7907 = VERTEX_POINT( '', #9819 );
#7908 = LINE( '', #9820, #9821 );
#7909 = VERTEX_POINT( '', #9822 );
#7910 = LINE( '', #9823, #9824 );
#7911 = VERTEX_POINT( '', #9825 );
#7912 = LINE( '', #9826, #9827 );
#7913 = LINE( '', #9828, #9829 );
#7914 = FILL_AREA_STYLE_COLOUR( '', #9830 );
#7915 = VERTEX_POINT( '', #9831 );
#7916 = VERTEX_POINT( '', #9832 );
#7917 = LINE( '', #9833, #9834 );
#7918 = VERTEX_POINT( '', #9835 );
#7919 = LINE( '', #9836, #9837 );
#7920 = VERTEX_POINT( '', #9838 );
#7921 = LINE( '', #9839, #9840 );
#7922 = LINE( '', #9841, #9842 );
#7923 = FILL_AREA_STYLE_COLOUR( '', #9843 );
#7924 = VERTEX_POINT( '', #9844 );
#7925 = LINE( '', #9845, #9846 );
#7926 = VERTEX_POINT( '', #9847 );
#7927 = LINE( '', #9848, #9849 );
#7928 = LINE( '', #9850, #9851 );
#7929 = FILL_AREA_STYLE_COLOUR( '', #9852 );
#7930 = VERTEX_POINT( '', #9853 );
#7931 = VERTEX_POINT( '', #9854 );
#7932 = LINE( '', #9855, #9856 );
#7933 = VERTEX_POINT( '', #9857 );
#7934 = LINE( '', #9858, #9859 );
#7935 = VERTEX_POINT( '', #9860 );
#7936 = LINE( '', #9861, #9862 );
#7937 = LINE( '', #9863, #9864 );
#7938 = FILL_AREA_STYLE_COLOUR( '', #9865 );
#7939 = VERTEX_POINT( '', #9866 );
#7940 = VERTEX_POINT( '', #9867 );
#7941 = LINE( '', #9868, #9869 );
#7942 = VERTEX_POINT( '', #9870 );
#7943 = LINE( '', #9871, #9872 );
#7944 = VERTEX_POINT( '', #9873 );
#7945 = LINE( '', #9874, #9875 );
#7946 = CIRCLE( '', #9876, 0.350000000000000 );
#7947 = VERTEX_POINT( '', #9877 );
#7948 = LINE( '', #9878, #9879 );
#7949 = VERTEX_POINT( '', #9880 );
#7950 = LINE( '', #9881, #9882 );
#7951 = CIRCLE( '', #9883, 0.700000000000000 );
#7952 = FILL_AREA_STYLE_COLOUR( '', #9884 );
#7953 = VERTEX_POINT( '', #9885 );
#7954 = LINE( '', #9886, #9887 );
#7955 = VERTEX_POINT( '', #9888 );
#7956 = CIRCLE( '', #9889, 0.350000000000000 );
#7957 = LINE( '', #9890, #9891 );
#7958 = FILL_AREA_STYLE_COLOUR( '', #9892 );
#7959 = VERTEX_POINT( '', #9893 );
#7960 = VERTEX_POINT( '', #9894 );
#7961 = LINE( '', #9895, #9896 );
#7962 = VERTEX_POINT( '', #9897 );
#7963 = LINE( '', #9898, #9899 );
#7964 = VERTEX_POINT( '', #9900 );
#7965 = LINE( '', #9901, #9902 );
#7966 = LINE( '', #9903, #9904 );
#7967 = FILL_AREA_STYLE_COLOUR( '', #9905 );
#7968 = VERTEX_POINT( '', #9906 );
#7969 = VERTEX_POINT( '', #9907 );
#7970 = LINE( '', #9908, #9909 );
#7971 = VERTEX_POINT( '', #9910 );
#7972 = LINE( '', #9911, #9912 );
#7973 = VERTEX_POINT( '', #9913 );
#7974 = LINE( '', #9914, #9915 );
#7975 = LINE( '', #9916, #9917 );
#7976 = FILL_AREA_STYLE_COLOUR( '', #9918 );
#7977 = VERTEX_POINT( '', #9919 );
#7978 = VERTEX_POINT( '', #9920 );
#7979 = LINE( '', #9921, #9922 );
#7980 = VERTEX_POINT( '', #9923 );
#7981 = CIRCLE( '', #9924, 0.300000000000000 );
#7982 = VERTEX_POINT( '', #9925 );
#7983 = LINE( '', #9926, #9927 );
#7984 = VERTEX_POINT( '', #9928 );
#7985 = LINE( '', #9929, #9930 );
#7986 = VERTEX_POINT( '', #9931 );
#7987 = CIRCLE( '', #9932, 1.15000000000000 );
#7988 = VERTEX_POINT( '', #9933 );
#7989 = LINE( '', #9934, #9935 );
#7990 = VERTEX_POINT( '', #9936 );
#7991 = CIRCLE( '', #9937, 1.15000000000000 );
#7992 = VERTEX_POINT( '', #9938 );
#7993 = LINE( '', #9939, #9940 );
#7994 = VERTEX_POINT( '', #9941 );
#7995 = LINE( '', #9942, #9943 );
#7996 = CIRCLE( '', #9944, 0.300000000000000 );
#7997 = FILL_AREA_STYLE_COLOUR( '', #9945 );
#7998 = VERTEX_POINT( '', #9946 );
#7999 = VERTEX_POINT( '', #9947 );
#8000 = LINE( '', #9948, #9949 );
#8001 = LINE( '', #9950, #9951 );
#8002 = LINE( '', #9952, #9953 );
#8003 = FILL_AREA_STYLE_COLOUR( '', #9954 );
#8004 = VERTEX_POINT( '', #9955 );
#8005 = VERTEX_POINT( '', #9956 );
#8006 = LINE( '', #9957, #9958 );
#8007 = VERTEX_POINT( '', #9959 );
#8008 = LINE( '', #9960, #9961 );
#8009 = VERTEX_POINT( '', #9962 );
#8010 = LINE( '', #9963, #9964 );
#8011 = LINE( '', #9965, #9966 );
#8012 = FILL_AREA_STYLE_COLOUR( '', #9967 );
#8013 = VERTEX_POINT( '', #9968 );
#8014 = VERTEX_POINT( '', #9969 );
#8015 = LINE( '', #9970, #9971 );
#8016 = VERTEX_POINT( '', #9972 );
#8017 = LINE( '', #9973, #9974 );
#8018 = VERTEX_POINT( '', #9975 );
#8019 = LINE( '', #9976, #9977 );
#8020 = VERTEX_POINT( '', #9978 );
#8021 = LINE( '', #9979, #9980 );
#8022 = VERTEX_POINT( '', #9981 );
#8023 = LINE( '', #9982, #9983 );
#8024 = LINE( '', #9984, #9985 );
#8025 = LINE( '', #9986, #9987 );
#8026 = FILL_AREA_STYLE_COLOUR( '', #9988 );
#8027 = VERTEX_POINT( '', #9989 );
#8028 = VERTEX_POINT( '', #9990 );
#8029 = LINE( '', #9991, #9992 );
#8030 = VERTEX_POINT( '', #9993 );
#8031 = LINE( '', #9994, #9995 );
#8032 = VERTEX_POINT( '', #9996 );
#8033 = LINE( '', #9997, #9998 );
#8034 = VERTEX_POINT( '', #9999 );
#8035 = LINE( '', #10000, #10001 );
#8036 = VERTEX_POINT( '', #10002 );
#8037 = LINE( '', #10003, #10004 );
#8038 = LINE( '', #10005, #10006 );
#8039 = FILL_AREA_STYLE_COLOUR( '', #10007 );
#8040 = VERTEX_POINT( '', #10008 );
#8041 = VERTEX_POINT( '', #10009 );
#8042 = LINE( '', #10010, #10011 );
#8043 = VERTEX_POINT( '', #10012 );
#8044 = LINE( '', #10013, #10014 );
#8045 = VERTEX_POINT( '', #10015 );
#8046 = LINE( '', #10016, #10017 );
#8047 = LINE( '', #10018, #10019 );
#8048 = FILL_AREA_STYLE_COLOUR( '', #10020 );
#8049 = VERTEX_POINT( '', #10021 );
#8050 = LINE( '', #10022, #10023 );
#8051 = VERTEX_POINT( '', #10024 );
#8052 = LINE( '', #10025, #10026 );
#8053 = LINE( '', #10027, #10028 );
#8054 = FILL_AREA_STYLE_COLOUR( '', #10029 );
#8055 = VERTEX_POINT( '', #10030 );
#8056 = VERTEX_POINT( '', #10031 );
#8057 = LINE( '', #10032, #10033 );
#8058 = VERTEX_POINT( '', #10034 );
#8059 = LINE( '', #10035, #10036 );
#8060 = VERTEX_POINT( '', #10037 );
#8061 = LINE( '', #10038, #10039 );
#8062 = LINE( '', #10040, #10041 );
#8063 = FILL_AREA_STYLE_COLOUR( '', #10042 );
#8064 = VERTEX_POINT( '', #10043 );
#8065 = LINE( '', #10044, #10045 );
#8066 = VERTEX_POINT( '', #10046 );
#8067 = CIRCLE( '', #10047, 1.00000000000000 );
#8068 = LINE( '', #10048, #10049 );
#8069 = FILL_AREA_STYLE_COLOUR( '', #10050 );
#8070 = VERTEX_POINT( '', #10051 );
#8071 = LINE( '', #10052, #10053 );
#8072 = VERTEX_POINT( '', #10054 );
#8073 = LINE( '', #10055, #10056 );
#8074 = VERTEX_POINT( '', #10057 );
#8075 = LINE( '', #10058, #10059 );
#8076 = VERTEX_POINT( '', #10060 );
#8077 = LINE( '', #10061, #10062 );
#8078 = VERTEX_POINT( '', #10063 );
#8079 = LINE( '', #10064, #10065 );
#8080 = LINE( '', #10066, #10067 );
#8081 = FILL_AREA_STYLE_COLOUR( '', #10068 );
#8082 = VERTEX_POINT( '', #10069 );
#8083 = LINE( '', #10070, #10071 );
#8084 = VERTEX_POINT( '', #10072 );
#8085 = LINE( '', #10073, #10074 );
#8086 = VERTEX_POINT( '', #10075 );
#8087 = LINE( '', #10076, #10077 );
#8088 = LINE( '', #10078, #10079 );
#8089 = FILL_AREA_STYLE_COLOUR( '', #10080 );
#8090 = VERTEX_POINT( '', #10081 );
#8091 = VERTEX_POINT( '', #10082 );
#8092 = LINE( '', #10083, #10084 );
#8093 = VERTEX_POINT( '', #10085 );
#8094 = LINE( '', #10086, #10087 );
#8095 = VERTEX_POINT( '', #10088 );
#8096 = LINE( '', #10089, #10090 );
#8097 = LINE( '', #10091, #10092 );
#8098 = FILL_AREA_STYLE_COLOUR( '', #10093 );
#8099 = VERTEX_POINT( '', #10094 );
#8100 = VERTEX_POINT( '', #10095 );
#8101 = LINE( '', #10096, #10097 );
#8102 = VERTEX_POINT( '', #10098 );
#8103 = LINE( '', #10099, #10100 );
#8104 = VERTEX_POINT( '', #10101 );
#8105 = LINE( '', #10102, #10103 );
#8106 = VERTEX_POINT( '', #10104 );
#8107 = LINE( '', #10105, #10106 );
#8108 = LINE( '', #10107, #10108 );
#8109 = FILL_AREA_STYLE_COLOUR( '', #10109 );
#8110 = VERTEX_POINT( '', #10110 );
#8111 = LINE( '', #10111, #10112 );
#8112 = VERTEX_POINT( '', #10113 );
#8113 = LINE( '', #10114, #10115 );
#8114 = LINE( '', #10116, #10117 );
#8115 = FILL_AREA_STYLE_COLOUR( '', #10118 );
#8116 = VERTEX_POINT( '', #10119 );
#8117 = VERTEX_POINT( '', #10120 );
#8118 = LINE( '', #10121, #10122 );
#8119 = VERTEX_POINT( '', #10123 );
#8120 = LINE( '', #10124, #10125 );
#8121 = VERTEX_POINT( '', #10126 );
#8122 = LINE( '', #10127, #10128 );
#8123 = LINE( '', #10129, #10130 );
#8124 = FILL_AREA_STYLE_COLOUR( '', #10131 );
#8125 = VERTEX_POINT( '', #10132 );
#8126 = VERTEX_POINT( '', #10133 );
#8127 = LINE( '', #10134, #10135 );
#8128 = VERTEX_POINT( '', #10136 );
#8129 = LINE( '', #10137, #10138 );
#8130 = VERTEX_POINT( '', #10139 );
#8131 = LINE( '', #10140, #10141 );
#8132 = VERTEX_POINT( '', #10142 );
#8133 = LINE( '', #10143, #10144 );
#8134 = LINE( '', #10145, #10146 );
#8135 = FILL_AREA_STYLE_COLOUR( '', #10147 );
#8136 = VERTEX_POINT( '', #10148 );
#8137 = LINE( '', #10149, #10150 );
#8138 = VERTEX_POINT( '', #10151 );
#8139 = LINE( '', #10152, #10153 );
#8140 = VERTEX_POINT( '', #10154 );
#8141 = LINE( '', #10155, #10156 );
#8142 = VERTEX_POINT( '', #10157 );
#8143 = CIRCLE( '', #10158, 0.700000000000000 );
#8144 = VERTEX_POINT( '', #10159 );
#8145 = LINE( '', #10160, #10161 );
#8146 = VERTEX_POINT( '', #10162 );
#8147 = LINE( '', #10163, #10164 );
#8148 = LINE( '', #10165, #10166 );
#8149 = FILL_AREA_STYLE_COLOUR( '', #10167 );
#8150 = VERTEX_POINT( '', #10168 );
#8151 = CIRCLE( '', #10169, 0.500000000000000 );
#8152 = FILL_AREA_STYLE_COLOUR( '', #10170 );
#8153 = VERTEX_POINT( '', #10171 );
#8154 = VERTEX_POINT( '', #10172 );
#8155 = LINE( '', #10173, #10174 );
#8156 = VERTEX_POINT( '', #10175 );
#8157 = LINE( '', #10176, #10177 );
#8158 = VERTEX_POINT( '', #10178 );
#8159 = LINE( '', #10179, #10180 );
#8160 = LINE( '', #10181, #10182 );
#8161 = FILL_AREA_STYLE_COLOUR( '', #10183 );
#8162 = VERTEX_POINT( '', #10184 );
#8163 = VERTEX_POINT( '', #10185 );
#8164 = LINE( '', #10186, #10187 );
#8165 = VERTEX_POINT( '', #10188 );
#8166 = LINE( '', #10189, #10190 );
#8167 = VERTEX_POINT( '', #10191 );
#8168 = LINE( '', #10192, #10193 );
#8169 = LINE( '', #10194, #10195 );
#8170 = VERTEX_POINT( '', #10196 );
#8171 = LINE( '', #10197, #10198 );
#8172 = VERTEX_POINT( '', #10199 );
#8173 = LINE( '', #10200, #10201 );
#8174 = LINE( '', #10202, #10203 );
#8175 = VERTEX_POINT( '', #10204 );
#8176 = LINE( '', #10205, #10206 );
#8177 = VERTEX_POINT( '', #10207 );
#8178 = LINE( '', #10208, #10209 );
#8179 = LINE( '', #10210, #10211 );
#8180 = VERTEX_POINT( '', #10212 );
#8181 = VERTEX_POINT( '', #10213 );
#8182 = LINE( '', #10214, #10215 );
#8183 = LINE( '', #10216, #10217 );
#8184 = VERTEX_POINT( '', #10218 );
#8185 = LINE( '', #10219, #10220 );
#8186 = VERTEX_POINT( '', #10221 );
#8187 = LINE( '', #10222, #10223 );
#8188 = VERTEX_POINT( '', #10224 );
#8189 = LINE( '', #10225, #10226 );
#8190 = VERTEX_POINT( '', #10227 );
#8191 = LINE( '', #10228, #10229 );
#8192 = LINE( '', #10230, #10231 );
#8193 = FILL_AREA_STYLE_COLOUR( '', #10232 );
#8194 = VERTEX_POINT( '', #10233 );
#8195 = LINE( '', #10234, #10235 );
#8196 = VERTEX_POINT( '', #10236 );
#8197 = CIRCLE( '', #10237, 0.700000000000000 );
#8198 = LINE( '', #10238, #10239 );
#8199 = FILL_AREA_STYLE_COLOUR( '', #10240 );
#8200 = VERTEX_POINT( '', #10241 );
#8201 = VERTEX_POINT( '', #10242 );
#8202 = LINE( '', #10243, #10244 );
#8203 = VERTEX_POINT( '', #10245 );
#8204 = LINE( '', #10246, #10247 );
#8205 = VERTEX_POINT( '', #10248 );
#8206 = LINE( '', #10249, #10250 );
#8207 = ELLIPSE( '', #10251, 0.707106781186549, 0.500000000000000 );
#8208 = FILL_AREA_STYLE_COLOUR( '', #10252 );
#8209 = VERTEX_POINT( '', #10253 );
#8210 = VERTEX_POINT( '', #10254 );
#8211 = LINE( '', #10255, #10256 );
#8212 = LINE( '', #10257, #10258 );
#8213 = LINE( '', #10259, #10260 );
#8214 = FILL_AREA_STYLE_COLOUR( '', #10261 );
#8215 = VERTEX_POINT( '', #10262 );
#8216 = VERTEX_POINT( '', #10263 );
#8217 = LINE( '', #10264, #10265 );
#8218 = LINE( '', #10266, #10267 );
#8219 = LINE( '', #10268, #10269 );
#8220 = FILL_AREA_STYLE_COLOUR( '', #10270 );
#8221 = VERTEX_POINT( '', #10271 );
#8222 = VERTEX_POINT( '', #10272 );
#8223 = LINE( '', #10273, #10274 );
#8224 = VERTEX_POINT( '', #10275 );
#8225 = LINE( '', #10276, #10277 );
#8226 = VERTEX_POINT( '', #10278 );
#8227 = LINE( '', #10279, #10280 );
#8228 = LINE( '', #10281, #10282 );
#8229 = FILL_AREA_STYLE_COLOUR( '', #10283 );
#8230 = VERTEX_POINT( '', #10284 );
#8231 = CIRCLE( '', #10285, 0.500000000000000 );
#8232 = VERTEX_POINT( '', #10286 );
#8233 = LINE( '', #10287, #10288 );
#8234 = VERTEX_POINT( '', #10289 );
#8235 = CIRCLE( '', #10290, 0.500000000000000 );
#8236 = VERTEX_POINT( '', #10291 );
#8237 = LINE( '', #10292, #10293 );
#8238 = CIRCLE( '', #10294, 0.500000000000000 );
#8239 = FILL_AREA_STYLE_COLOUR( '', #10295 );
#8240 = VERTEX_POINT( '', #10296 );
#8241 = VERTEX_POINT( '', #10297 );
#8242 = LINE( '', #10298, #10299 );
#8243 = VERTEX_POINT( '', #10300 );
#8244 = LINE( '', #10301, #10302 );
#8245 = VERTEX_POINT( '', #10303 );
#8246 = LINE( '', #10304, #10305 );
#8247 = VERTEX_POINT( '', #10306 );
#8248 = LINE( '', #10307, #10308 );
#8249 = VERTEX_POINT( '', #10309 );
#8250 = LINE( '', #10310, #10311 );
#8251 = VERTEX_POINT( '', #10312 );
#8252 = LINE( '', #10313, #10314 );
#8253 = LINE( '', #10315, #10316 );
#8254 = FILL_AREA_STYLE_COLOUR( '', #10317 );
#8255 = VERTEX_POINT( '', #10318 );
#8256 = LINE( '', #10319, #10320 );
#8257 = VERTEX_POINT( '', #10321 );
#8258 = LINE( '', #10322, #10323 );
#8259 = CIRCLE( '', #10324, 0.700000000000000 );
#8260 = FILL_AREA_STYLE_COLOUR( '', #10325 );
#8261 = LINE( '', #10326, #10327 );
#8262 = LINE( '', #10328, #10329 );
#8263 = FILL_AREA_STYLE_COLOUR( '', #10330 );
#8264 = VERTEX_POINT( '', #10331 );
#8265 = LINE( '', #10332, #10333 );
#8266 = VERTEX_POINT( '', #10334 );
#8267 = LINE( '', #10335, #10336 );
#8268 = LINE( '', #10337, #10338 );
#8269 = FILL_AREA_STYLE_COLOUR( '', #10339 );
#8270 = VERTEX_POINT( '', #10340 );
#8271 = VERTEX_POINT( '', #10341 );
#8272 = LINE( '', #10342, #10343 );
#8273 = VERTEX_POINT( '', #10344 );
#8274 = LINE( '', #10345, #10346 );
#8275 = LINE( '', #10347, #10348 );
#8276 = VERTEX_POINT( '', #10349 );
#8277 = LINE( '', #10350, #10351 );
#8278 = VERTEX_POINT( '', #10352 );
#8279 = LINE( '', #10353, #10354 );
#8280 = VERTEX_POINT( '', #10355 );
#8281 = LINE( '', #10356, #10357 );
#8282 = LINE( '', #10358, #10359 );
#8283 = FILL_AREA_STYLE_COLOUR( '', #10360 );
#8284 = VERTEX_POINT( '', #10361 );
#8285 = VERTEX_POINT( '', #10362 );
#8286 = LINE( '', #10363, #10364 );
#8287 = VERTEX_POINT( '', #10365 );
#8288 = LINE( '', #10366, #10367 );
#8289 = VERTEX_POINT( '', #10368 );
#8290 = LINE( '', #10369, #10370 );
#8291 = LINE( '', #10371, #10372 );
#8292 = FILL_AREA_STYLE_COLOUR( '', #10373 );
#8293 = VERTEX_POINT( '', #10374 );
#8294 = VERTEX_POINT( '', #10375 );
#8295 = LINE( '', #10376, #10377 );
#8296 = VERTEX_POINT( '', #10378 );
#8297 = LINE( '', #10379, #10380 );
#8298 = VERTEX_POINT( '', #10381 );
#8299 = LINE( '', #10382, #10383 );
#8300 = LINE( '', #10384, #10385 );
#8301 = FILL_AREA_STYLE_COLOUR( '', #10386 );
#8302 = VERTEX_POINT( '', #10387 );
#8303 = CIRCLE( '', #10388, 0.500000000000000 );
#8304 = CIRCLE( '', #10389, 0.500000000000000 );
#8305 = FILL_AREA_STYLE_COLOUR( '', #10390 );
#8306 = VERTEX_POINT( '', #10391 );
#8307 = VERTEX_POINT( '', #10392 );
#8308 = CIRCLE( '', #10393, 1.00000000000000 );
#8309 = VERTEX_POINT( '', #10394 );
#8310 = LINE( '', #10395, #10396 );
#8311 = VERTEX_POINT( '', #10397 );
#8312 = CIRCLE( '', #10398, 0.300000000000000 );
#8313 = VERTEX_POINT( '', #10399 );
#8314 = LINE( '', #10400, #10401 );
#8315 = LINE( '', #10402, #10403 );
#8316 = FILL_AREA_STYLE_COLOUR( '', #10404 );
#8317 = VERTEX_POINT( '', #10405 );
#8318 = VERTEX_POINT( '', #10406 );
#8319 = LINE( '', #10407, #10408 );
#8320 = VERTEX_POINT( '', #10409 );
#8321 = LINE( '', #10410, #10411 );
#8322 = VERTEX_POINT( '', #10412 );
#8323 = LINE( '', #10413, #10414 );
#8324 = LINE( '', #10415, #10416 );
#8325 = FILL_AREA_STYLE_COLOUR( '', #10417 );
#8326 = VERTEX_POINT( '', #10418 );
#8327 = VERTEX_POINT( '', #10419 );
#8328 = LINE( '', #10420, #10421 );
#8329 = VERTEX_POINT( '', #10422 );
#8330 = LINE( '', #10423, #10424 );
#8331 = VERTEX_POINT( '', #10425 );
#8332 = LINE( '', #10426, #10427 );
#8333 = LINE( '', #10428, #10429 );
#8334 = FILL_AREA_STYLE_COLOUR( '', #10430 );
#8335 = VERTEX_POINT( '', #10431 );
#8336 = VERTEX_POINT( '', #10432 );
#8337 = LINE( '', #10433, #10434 );
#8338 = VERTEX_POINT( '', #10435 );
#8339 = LINE( '', #10436, #10437 );
#8340 = VERTEX_POINT( '', #10438 );
#8341 = LINE( '', #10439, #10440 );
#8342 = LINE( '', #10441, #10442 );
#8343 = FILL_AREA_STYLE_COLOUR( '', #10443 );
#8344 = VERTEX_POINT( '', #10444 );
#8345 = VERTEX_POINT( '', #10445 );
#8346 = LINE( '', #10446, #10447 );
#8347 = VERTEX_POINT( '', #10448 );
#8348 = LINE( '', #10449, #10450 );
#8349 = VERTEX_POINT( '', #10451 );
#8350 = LINE( '', #10452, #10453 );
#8351 = VERTEX_POINT( '', #10454 );
#8352 = CIRCLE( '', #10455, 0.350000000000000 );
#8353 = VERTEX_POINT( '', #10456 );
#8354 = LINE( '', #10457, #10458 );
#8355 = LINE( '', #10459, #10460 );
#8356 = CIRCLE( '', #10461, 0.700000000000000 );
#8357 = FILL_AREA_STYLE_COLOUR( '', #10462 );
#8358 = LINE( '', #10463, #10464 );
#8359 = VERTEX_POINT( '', #10465 );
#8360 = LINE( '', #10466, #10467 );
#8361 = LINE( '', #10468, #10469 );
#8362 = LINE( '', #10470, #10471 );
#8363 = FILL_AREA_STYLE_COLOUR( '', #10472 );
#8364 = VERTEX_POINT( '', #10473 );
#8365 = LINE( '', #10474, #10475 );
#8366 = VERTEX_POINT( '', #10476 );
#8367 = LINE( '', #10477, #10478 );
#8368 = VERTEX_POINT( '', #10479 );
#8369 = LINE( '', #10480, #10481 );
#8370 = LINE( '', #10482, #10483 );
#8371 = LINE( '', #10484, #10485 );
#8372 = FILL_AREA_STYLE_COLOUR( '', #10486 );
#8373 = VERTEX_POINT( '', #10487 );
#8374 = LINE( '', #10488, #10489 );
#8375 = VERTEX_POINT( '', #10490 );
#8376 = LINE( '', #10491, #10492 );
#8377 = LINE( '', #10493, #10494 );
#8378 = FILL_AREA_STYLE_COLOUR( '', #10495 );
#8379 = VERTEX_POINT( '', #10496 );
#8380 = LINE( '', #10497, #10498 );
#8381 = VERTEX_POINT( '', #10499 );
#8382 = LINE( '', #10500, #10501 );
#8383 = LINE( '', #10502, #10503 );
#8384 = FILL_AREA_STYLE_COLOUR( '', #10504 );
#8385 = VERTEX_POINT( '', #10505 );
#8386 = CIRCLE( '', #10506, 1.00000000000000 );
#8387 = VERTEX_POINT( '', #10507 );
#8388 = CIRCLE( '', #10508, 1.00000000000000 );
#8389 = LINE( '', #10509, #10510 );
#8390 = FILL_AREA_STYLE_COLOUR( '', #10511 );
#8391 = VERTEX_POINT( '', #10512 );
#8392 = LINE( '', #10513, #10514 );
#8393 = VERTEX_POINT( '', #10515 );
#8394 = CIRCLE( '', #10516, 1.00000000000000 );
#8395 = LINE( '', #10517, #10518 );
#8396 = VERTEX_POINT( '', #10519 );
#8397 = LINE( '', #10520, #10521 );
#8398 = LINE( '', #10522, #10523 );
#8399 = LINE( '', #10524, #10525 );
#8400 = VERTEX_POINT( '', #10526 );
#8401 = LINE( '', #10527, #10528 );
#8402 = LINE( '', #10529, #10530 );
#8403 = VERTEX_POINT( '', #10531 );
#8404 = CIRCLE( '', #10532, 1.00000000000000 );
#8405 = VERTEX_POINT( '', #10533 );
#8406 = LINE( '', #10534, #10535 );
#8407 = VERTEX_POINT( '', #10536 );
#8408 = LINE( '', #10537, #10538 );
#8409 = VERTEX_POINT( '', #10539 );
#8410 = LINE( '', #10540, #10541 );
#8411 = VERTEX_POINT( '', #10542 );
#8412 = LINE( '', #10543, #10544 );
#8413 = LINE( '', #10545, #10546 );
#8414 = LINE( '', #10547, #10548 );
#8415 = FILL_AREA_STYLE_COLOUR( '', #10549 );
#8416 = VERTEX_POINT( '', #10550 );
#8417 = VERTEX_POINT( '', #10551 );
#8418 = LINE( '', #10552, #10553 );
#8419 = VERTEX_POINT( '', #10554 );
#8420 = LINE( '', #10555, #10556 );
#8421 = VERTEX_POINT( '', #10557 );
#8422 = LINE( '', #10558, #10559 );
#8423 = LINE( '', #10560, #10561 );
#8424 = FILL_AREA_STYLE_COLOUR( '', #10562 );
#8425 = CIRCLE( '', #10563, 0.500000000000000 );
#8426 = FILL_AREA_STYLE_COLOUR( '', #10564 );
#8427 = VERTEX_POINT( '', #10565 );
#8428 = LINE( '', #10566, #10567 );
#8429 = VERTEX_POINT( '', #10568 );
#8430 = LINE( '', #10569, #10570 );
#8431 = LINE( '', #10571, #10572 );
#8432 = FILL_AREA_STYLE_COLOUR( '', #10573 );
#8433 = VERTEX_POINT( '', #10574 );
#8434 = LINE( '', #10575, #10576 );
#8435 = VERTEX_POINT( '', #10577 );
#8436 = LINE( '', #10578, #10579 );
#8437 = LINE( '', #10580, #10581 );
#8438 = FILL_AREA_STYLE_COLOUR( '', #10582 );
#8439 = VERTEX_POINT( '', #10583 );
#8440 = VERTEX_POINT( '', #10584 );
#8441 = LINE( '', #10585, #10586 );
#8442 = VERTEX_POINT( '', #10587 );
#8443 = CIRCLE( '', #10588, 0.500000000000000 );
#8444 = VERTEX_POINT( '', #10589 );
#8445 = LINE( '', #10590, #10591 );
#8446 = VERTEX_POINT( '', #10592 );
#8447 = CIRCLE( '', #10593, 0.500000000000000 );
#8448 = VERTEX_POINT( '', #10594 );
#8449 = LINE( '', #10595, #10596 );
#8450 = CIRCLE( '', #10597, 0.500000000000000 );
#8451 = FILL_AREA_STYLE_COLOUR( '', #10598 );
#8452 = VERTEX_POINT( '', #10599 );
#8453 = LINE( '', #10600, #10601 );
#8454 = VERTEX_POINT( '', #10602 );
#8455 = LINE( '', #10603, #10604 );
#8456 = VERTEX_POINT( '', #10605 );
#8457 = LINE( '', #10606, #10607 );
#8458 = LINE( '', #10608, #10609 );
#8459 = FILL_AREA_STYLE_COLOUR( '', #10610 );
#8460 = VERTEX_POINT( '', #10611 );
#8461 = LINE( '', #10612, #10613 );
#8462 = VERTEX_POINT( '', #10614 );
#8463 = LINE( '', #10615, #10616 );
#8464 = LINE( '', #10617, #10618 );
#8465 = FILL_AREA_STYLE_COLOUR( '', #10619 );
#8466 = VERTEX_POINT( '', #10620 );
#8467 = LINE( '', #10621, #10622 );
#8468 = VERTEX_POINT( '', #10623 );
#8469 = ELLIPSE( '', #10624, 0.707106781186549, 0.500000000000000 );
#8470 = VERTEX_POINT( '', #10625 );
#8471 = LINE( '', #10626, #10627 );
#8472 = LINE( '', #10628, #10629 );
#8473 = FILL_AREA_STYLE_COLOUR( '', #10630 );
#8474 = VERTEX_POINT( '', #10631 );
#8475 = LINE( '', #10632, #10633 );
#8476 = LINE( '', #10634, #10635 );
#8477 = FILL_AREA_STYLE_COLOUR( '', #10636 );
#8478 = CIRCLE( '', #10637, 0.800000000000000 );
#8479 = VERTEX_POINT( '', #10638 );
#8480 = LINE( '', #10639, #10640 );
#8481 = CIRCLE( '', #10641, 0.800000000000000 );
#8482 = FILL_AREA_STYLE_COLOUR( '', #10642 );
#8483 = VERTEX_POINT( '', #10643 );
#8484 = VERTEX_POINT( '', #10644 );
#8485 = LINE( '', #10645, #10646 );
#8486 = LINE( '', #10647, #10648 );
#8487 = LINE( '', #10649, #10650 );
#8488 = FILL_AREA_STYLE_COLOUR( '', #10651 );
#8489 = VERTEX_POINT( '', #10652 );
#8490 = VERTEX_POINT( '', #10653 );
#8491 = LINE( '', #10654, #10655 );
#8492 = VERTEX_POINT( '', #10656 );
#8493 = LINE( '', #10657, #10658 );
#8494 = VERTEX_POINT( '', #10659 );
#8495 = LINE( '', #10660, #10661 );
#8496 = LINE( '', #10662, #10663 );
#8497 = FILL_AREA_STYLE_COLOUR( '', #10664 );
#8498 = VERTEX_POINT( '', #10665 );
#8499 = VERTEX_POINT( '', #10666 );
#8500 = LINE( '', #10667, #10668 );
#8501 = LINE( '', #10669, #10670 );
#8502 = LINE( '', #10671, #10672 );
#8503 = FILL_AREA_STYLE_COLOUR( '', #10673 );
#8504 = VERTEX_POINT( '', #10674 );
#8505 = VERTEX_POINT( '', #10675 );
#8506 = LINE( '', #10676, #10677 );
#8507 = VERTEX_POINT( '', #10678 );
#8508 = LINE( '', #10679, #10680 );
#8509 = VERTEX_POINT( '', #10681 );
#8510 = LINE( '', #10682, #10683 );
#8511 = LINE( '', #10684, #10685 );
#8512 = FILL_AREA_STYLE_COLOUR( '', #10686 );
#8513 = VERTEX_POINT( '', #10687 );
#8514 = VERTEX_POINT( '', #10688 );
#8515 = LINE( '', #10689, #10690 );
#8516 = LINE( '', #10691, #10692 );
#8517 = LINE( '', #10693, #10694 );
#8518 = FILL_AREA_STYLE_COLOUR( '', #10695 );
#8519 = VERTEX_POINT( '', #10696 );
#8520 = LINE( '', #10697, #10698 );
#8521 = VERTEX_POINT( '', #10699 );
#8522 = LINE( '', #10700, #10701 );
#8523 = LINE( '', #10702, #10703 );
#8524 = LINE( '', #10704, #10705 );
#8525 = LINE( '', #10706, #10707 );
#8526 = FILL_AREA_STYLE_COLOUR( '', #10708 );
#8527 = VERTEX_POINT( '', #10709 );
#8528 = LINE( '', #10710, #10711 );
#8529 = LINE( '', #10712, #10713 );
#8530 = FILL_AREA_STYLE_COLOUR( '', #10714 );
#8531 = VERTEX_POINT( '', #10715 );
#8532 = VERTEX_POINT( '', #10716 );
#8533 = LINE( '', #10717, #10718 );
#8534 = LINE( '', #10719, #10720 );
#8535 = LINE( '', #10721, #10722 );
#8536 = FILL_AREA_STYLE_COLOUR( '', #10723 );
#8537 = VERTEX_POINT( '', #10724 );
#8538 = LINE( '', #10725, #10726 );
#8539 = LINE( '', #10727, #10728 );
#8540 = FILL_AREA_STYLE_COLOUR( '', #10729 );
#8541 = VERTEX_POINT( '', #10730 );
#8542 = CIRCLE( '', #10731, 0.500000000000000 );
#8543 = LINE( '', #10732, #10733 );
#8544 = FILL_AREA_STYLE_COLOUR( '', #10734 );
#8545 = VERTEX_POINT( '', #10735 );
#8546 = VERTEX_POINT( '', #10736 );
#8547 = LINE( '', #10737, #10738 );
#8548 = VERTEX_POINT( '', #10739 );
#8549 = LINE( '', #10740, #10741 );
#8550 = VERTEX_POINT( '', #10742 );
#8551 = LINE( '', #10743, #10744 );
#8552 = LINE( '', #10745, #10746 );
#8553 = FILL_AREA_STYLE_COLOUR( '', #10747 );
#8554 = VERTEX_POINT( '', #10748 );
#8555 = VERTEX_POINT( '', #10749 );
#8556 = LINE( '', #10750, #10751 );
#8557 = LINE( '', #10752, #10753 );
#8558 = LINE( '', #10754, #10755 );
#8559 = FILL_AREA_STYLE_COLOUR( '', #10756 );
#8560 = VERTEX_POINT( '', #10757 );
#8561 = LINE( '', #10758, #10759 );
#8562 = LINE( '', #10760, #10761 );
#8563 = FILL_AREA_STYLE_COLOUR( '', #10762 );
#8564 = VERTEX_POINT( '', #10763 );
#8565 = LINE( '', #10764, #10765 );
#8566 = VERTEX_POINT( '', #10766 );
#8567 = LINE( '', #10767, #10768 );
#8568 = LINE( '', #10769, #10770 );
#8569 = FILL_AREA_STYLE_COLOUR( '', #10771 );
#8570 = VERTEX_POINT( '', #10772 );
#8571 = VERTEX_POINT( '', #10773 );
#8572 = LINE( '', #10774, #10775 );
#8573 = LINE( '', #10776, #10777 );
#8574 = CIRCLE( '', #10778, 0.700000000000000 );
#8575 = LINE( '', #10779, #10780 );
#8576 = CIRCLE( '', #10781, 0.350000000000000 );
#8577 = FILL_AREA_STYLE_COLOUR( '', #10782 );
#8578 = FILL_AREA_STYLE_COLOUR( '', #10783 );
#8579 = LINE( '', #10784, #10785 );
#8580 = LINE( '', #10786, #10787 );
#8581 = FILL_AREA_STYLE_COLOUR( '', #10788 );
#8582 = VERTEX_POINT( '', #10789 );
#8583 = LINE( '', #10790, #10791 );
#8584 = VERTEX_POINT( '', #10792 );
#8585 = LINE( '', #10793, #10794 );
#8586 = LINE( '', #10795, #10796 );
#8587 = FILL_AREA_STYLE_COLOUR( '', #10797 );
#8588 = VERTEX_POINT( '', #10798 );
#8589 = LINE( '', #10799, #10800 );
#8590 = VERTEX_POINT( '', #10801 );
#8591 = LINE( '', #10802, #10803 );
#8592 = VERTEX_POINT( '', #10804 );
#8593 = LINE( '', #10805, #10806 );
#8594 = CIRCLE( '', #10807, 0.800000000000000 );
#8595 = VERTEX_POINT( '', #10808 );
#8596 = LINE( '', #10809, #10810 );
#8597 = VERTEX_POINT( '', #10811 );
#8598 = LINE( '', #10812, #10813 );
#8599 = VERTEX_POINT( '', #10814 );
#8600 = LINE( '', #10815, #10816 );
#8601 = VERTEX_POINT( '', #10817 );
#8602 = LINE( '', #10818, #10819 );
#8603 = VERTEX_POINT( '', #10820 );
#8604 = LINE( '', #10821, #10822 );
#8605 = LINE( '', #10823, #10824 );
#8606 = VERTEX_POINT( '', #10825 );
#8607 = LINE( '', #10826, #10827 );
#8608 = VERTEX_POINT( '', #10828 );
#8609 = LINE( '', #10829, #10830 );
#8610 = VERTEX_POINT( '', #10831 );
#8611 = LINE( '', #10832, #10833 );
#8612 = VERTEX_POINT( '', #10834 );
#8613 = LINE( '', #10835, #10836 );
#8614 = VERTEX_POINT( '', #10837 );
#8615 = LINE( '', #10838, #10839 );
#8616 = VERTEX_POINT( '', #10840 );
#8617 = LINE( '', #10841, #10842 );
#8618 = LINE( '', #10843, #10844 );
#8619 = FILL_AREA_STYLE_COLOUR( '', #10845 );
#8620 = VERTEX_POINT( '', #10846 );
#8621 = VERTEX_POINT( '', #10847 );
#8622 = LINE( '', #10848, #10849 );
#8623 = VERTEX_POINT( '', #10850 );
#8624 = LINE( '', #10851, #10852 );
#8625 = VERTEX_POINT( '', #10853 );
#8626 = LINE( '', #10854, #10855 );
#8627 = LINE( '', #10856, #10857 );
#8628 = FILL_AREA_STYLE_COLOUR( '', #10858 );
#8629 = VERTEX_POINT( '', #10859 );
#8630 = VERTEX_POINT( '', #10860 );
#8631 = LINE( '', #10861, #10862 );
#8632 = LINE( '', #10863, #10864 );
#8633 = LINE( '', #10865, #10866 );
#8634 = FILL_AREA_STYLE_COLOUR( '', #10867 );
#8635 = VERTEX_POINT( '', #10868 );
#8636 = LINE( '', #10869, #10870 );
#8637 = VERTEX_POINT( '', #10871 );
#8638 = LINE( '', #10872, #10873 );
#8639 = LINE( '', #10874, #10875 );
#8640 = FILL_AREA_STYLE_COLOUR( '', #10876 );
#8641 = VERTEX_POINT( '', #10877 );
#8642 = VERTEX_POINT( '', #10878 );
#8643 = LINE( '', #10879, #10880 );
#8644 = LINE( '', #10881, #10882 );
#8645 = LINE( '', #10883, #10884 );
#8646 = LINE( '', #10885, #10886 );
#8647 = VERTEX_POINT( '', #10887 );
#8648 = LINE( '', #10888, #10889 );
#8649 = LINE( '', #10890, #10891 );
#8650 = FILL_AREA_STYLE_COLOUR( '', #10892 );
#8651 = LINE( '', #10893, #10894 );
#8652 = LINE( '', #10895, #10896 );
#8653 = FILL_AREA_STYLE_COLOUR( '', #10897 );
#8654 = VERTEX_POINT( '', #10898 );
#8655 = LINE( '', #10899, #10900 );
#8656 = VERTEX_POINT( '', #10901 );
#8657 = LINE( '', #10902, #10903 );
#8658 = LINE( '', #10904, #10905 );
#8659 = FILL_AREA_STYLE_COLOUR( '', #10906 );
#8660 = VERTEX_POINT( '', #10907 );
#8661 = LINE( '', #10908, #10909 );
#8662 = VERTEX_POINT( '', #10910 );
#8663 = LINE( '', #10911, #10912 );
#8664 = LINE( '', #10913, #10914 );
#8665 = FILL_AREA_STYLE_COLOUR( '', #10915 );
#8666 = LINE( '', #10916, #10917 );
#8667 = VERTEX_POINT( '', #10918 );
#8668 = LINE( '', #10919, #10920 );
#8669 = LINE( '', #10921, #10922 );
#8670 = FILL_AREA_STYLE_COLOUR( '', #10923 );
#8671 = LINE( '', #10924, #10925 );
#8672 = FILL_AREA_STYLE_COLOUR( '', #10926 );
#8673 = VERTEX_POINT( '', #10927 );
#8674 = LINE( '', #10928, #10929 );
#8675 = VERTEX_POINT( '', #10930 );
#8676 = LINE( '', #10931, #10932 );
#8677 = LINE( '', #10933, #10934 );
#8678 = FILL_AREA_STYLE_COLOUR( '', #10935 );
#8679 = VERTEX_POINT( '', #10936 );
#8680 = CIRCLE( '', #10937, 0.300000000000000 );
#8681 = LINE( '', #10938, #10939 );
#8682 = FILL_AREA_STYLE_COLOUR( '', #10940 );
#8683 = VERTEX_POINT( '', #10941 );
#8684 = VERTEX_POINT( '', #10942 );
#8685 = LINE( '', #10943, #10944 );
#8686 = VERTEX_POINT( '', #10945 );
#8687 = LINE( '', #10946, #10947 );
#8688 = VERTEX_POINT( '', #10948 );
#8689 = LINE( '', #10949, #10950 );
#8690 = VERTEX_POINT( '', #10951 );
#8691 = LINE( '', #10952, #10953 );
#8692 = LINE( '', #10954, #10955 );
#8693 = FILL_AREA_STYLE_COLOUR( '', #10956 );
#8694 = VERTEX_POINT( '', #10957 );
#8695 = LINE( '', #10958, #10959 );
#8696 = VERTEX_POINT( '', #10960 );
#8697 = LINE( '', #10961, #10962 );
#8698 = LINE( '', #10963, #10964 );
#8699 = FILL_AREA_STYLE_COLOUR( '', #10965 );
#8700 = VERTEX_POINT( '', #10966 );
#8701 = VERTEX_POINT( '', #10967 );
#8702 = LINE( '', #10968, #10969 );
#8703 = VERTEX_POINT( '', #10970 );
#8704 = LINE( '', #10971, #10972 );
#8705 = VERTEX_POINT( '', #10973 );
#8706 = LINE( '', #10974, #10975 );
#8707 = LINE( '', #10976, #10977 );
#8708 = FILL_AREA_STYLE_COLOUR( '', #10978 );
#8709 = VERTEX_POINT( '', #10979 );
#8710 = VERTEX_POINT( '', #10980 );
#8711 = LINE( '', #10981, #10982 );
#8712 = LINE( '', #10983, #10984 );
#8713 = LINE( '', #10985, #10986 );
#8714 = FILL_AREA_STYLE_COLOUR( '', #10987 );
#8715 = VERTEX_POINT( '', #10988 );
#8716 = VERTEX_POINT( '', #10989 );
#8717 = LINE( '', #10990, #10991 );
#8718 = VERTEX_POINT( '', #10992 );
#8719 = LINE( '', #10993, #10994 );
#8720 = VERTEX_POINT( '', #10995 );
#8721 = LINE( '', #10996, #10997 );
#8722 = LINE( '', #10998, #10999 );
#8723 = FILL_AREA_STYLE_COLOUR( '', #11000 );
#8724 = VERTEX_POINT( '', #11001 );
#8725 = LINE( '', #11002, #11003 );
#8726 = LINE( '', #11004, #11005 );
#8727 = VERTEX_POINT( '', #11006 );
#8728 = LINE( '', #11007, #11008 );
#8729 = LINE( '', #11009, #11010 );
#8730 = CIRCLE( '', #11011, 0.350000000000000 );
#8731 = FILL_AREA_STYLE_COLOUR( '', #11012 );
#8732 = VERTEX_POINT( '', #11013 );
#8733 = LINE( '', #11014, #11015 );
#8734 = VERTEX_POINT( '', #11016 );
#8735 = LINE( '', #11017, #11018 );
#8736 = LINE( '', #11019, #11020 );
#8737 = VERTEX_POINT( '', #11021 );
#8738 = VERTEX_POINT( '', #11022 );
#8739 = LINE( '', #11023, #11024 );
#8740 = VERTEX_POINT( '', #11025 );
#8741 = LINE( '', #11026, #11027 );
#8742 = VERTEX_POINT( '', #11028 );
#8743 = LINE( '', #11029, #11030 );
#8744 = LINE( '', #11031, #11032 );
#8745 = VERTEX_POINT( '', #11033 );
#8746 = LINE( '', #11034, #11035 );
#8747 = VERTEX_POINT( '', #11036 );
#8748 = LINE( '', #11037, #11038 );
#8749 = LINE( '', #11039, #11040 );
#8750 = VERTEX_POINT( '', #11041 );
#8751 = LINE( '', #11042, #11043 );
#8752 = LINE( '', #11044, #11045 );
#8753 = LINE( '', #11046, #11047 );
#8754 = FILL_AREA_STYLE_COLOUR( '', #11048 );
#8755 = LINE( '', #11049, #11050 );
#8756 = CIRCLE( '', #11051, 0.800000000000000 );
#8757 = FILL_AREA_STYLE_COLOUR( '', #11052 );
#8758 = VERTEX_POINT( '', #11053 );
#8759 = LINE( '', #11054, #11055 );
#8760 = VERTEX_POINT( '', #11056 );
#8761 = LINE( '', #11057, #11058 );
#8762 = LINE( '', #11059, #11060 );
#8763 = FILL_AREA_STYLE_COLOUR( '', #11061 );
#8764 = VERTEX_POINT( '', #11062 );
#8765 = VERTEX_POINT( '', #11063 );
#8766 = LINE( '', #11064, #11065 );
#8767 = VERTEX_POINT( '', #11066 );
#8768 = LINE( '', #11067, #11068 );
#8769 = VERTEX_POINT( '', #11069 );
#8770 = LINE( '', #11070, #11071 );
#8771 = LINE( '', #11072, #11073 );
#8772 = FILL_AREA_STYLE_COLOUR( '', #11074 );
#8773 = FILL_AREA_STYLE_COLOUR( '', #11075 );
#8774 = VERTEX_POINT( '', #11076 );
#8775 = LINE( '', #11077, #11078 );
#8776 = VERTEX_POINT( '', #11079 );
#8777 = LINE( '', #11080, #11081 );
#8778 = LINE( '', #11082, #11083 );
#8779 = FILL_AREA_STYLE_COLOUR( '', #11084 );
#8780 = VERTEX_POINT( '', #11085 );
#8781 = VERTEX_POINT( '', #11086 );
#8782 = LINE( '', #11087, #11088 );
#8783 = VERTEX_POINT( '', #11089 );
#8784 = LINE( '', #11090, #11091 );
#8785 = VERTEX_POINT( '', #11092 );
#8786 = LINE( '', #11093, #11094 );
#8787 = VERTEX_POINT( '', #11095 );
#8788 = CIRCLE( '', #11096, 0.500000000000000 );
#8789 = LINE( '', #11097, #11098 );
#8790 = FILL_AREA_STYLE_COLOUR( '', #11099 );
#8791 = VERTEX_POINT( '', #11100 );
#8792 = LINE( '', #11101, #11102 );
#8793 = LINE( '', #11103, #11104 );
#8794 = FILL_AREA_STYLE_COLOUR( '', #11105 );
#8795 = VERTEX_POINT( '', #11106 );
#8796 = VERTEX_POINT( '', #11107 );
#8797 = LINE( '', #11108, #11109 );
#8798 = VERTEX_POINT( '', #11110 );
#8799 = LINE( '', #11111, #11112 );
#8800 = VERTEX_POINT( '', #11113 );
#8801 = LINE( '', #11114, #11115 );
#8802 = VERTEX_POINT( '', #11116 );
#8803 = LINE( '', #11117, #11118 );
#8804 = VERTEX_POINT( '', #11119 );
#8805 = LINE( '', #11120, #11121 );
#8806 = VERTEX_POINT( '', #11122 );
#8807 = LINE( '', #11123, #11124 );
#8808 = VERTEX_POINT( '', #11125 );
#8809 = LINE( '', #11126, #11127 );
#8810 = LINE( '', #11128, #11129 );
#8811 = VERTEX_POINT( '', #11130 );
#8812 = LINE( '', #11131, #11132 );
#8813 = LINE( '', #11133, #11134 );
#8814 = FILL_AREA_STYLE_COLOUR( '', #11135 );
#8815 = VERTEX_POINT( '', #11136 );
#8816 = VERTEX_POINT( '', #11137 );
#8817 = LINE( '', #11138, #11139 );
#8818 = LINE( '', #11140, #11141 );
#8819 = LINE( '', #11142, #11143 );
#8820 = FILL_AREA_STYLE_COLOUR( '', #11144 );
#8821 = VERTEX_POINT( '', #11145 );
#8822 = LINE( '', #11146, #11147 );
#8823 = LINE( '', #11148, #11149 );
#8824 = LINE( '', #11150, #11151 );
#8825 = LINE( '', #11152, #11153 );
#8826 = FILL_AREA_STYLE_COLOUR( '', #11154 );
#8827 = VERTEX_POINT( '', #11155 );
#8828 = LINE( '', #11156, #11157 );
#8829 = VERTEX_POINT( '', #11158 );
#8830 = LINE( '', #11159, #11160 );
#8831 = LINE( '', #11161, #11162 );
#8832 = FILL_AREA_STYLE_COLOUR( '', #11163 );
#8833 = VERTEX_POINT( '', #11164 );
#8834 = LINE( '', #11165, #11166 );
#8835 = VERTEX_POINT( '', #11167 );
#8836 = LINE( '', #11168, #11169 );
#8837 = LINE( '', #11170, #11171 );
#8838 = FILL_AREA_STYLE_COLOUR( '', #11172 );
#8839 = VERTEX_POINT( '', #11173 );
#8840 = VERTEX_POINT( '', #11174 );
#8841 = LINE( '', #11175, #11176 );
#8842 = VERTEX_POINT( '', #11177 );
#8843 = LINE( '', #11178, #11179 );
#8844 = CIRCLE( '', #11180, 0.500000000000000 );
#8845 = FILL_AREA_STYLE_COLOUR( '', #11181 );
#8846 = VERTEX_POINT( '', #11182 );
#8847 = LINE( '', #11183, #11184 );
#8848 = VERTEX_POINT( '', #11185 );
#8849 = LINE( '', #11186, #11187 );
#8850 = LINE( '', #11188, #11189 );
#8851 = FILL_AREA_STYLE_COLOUR( '', #11190 );
#8852 = VERTEX_POINT( '', #11191 );
#8853 = VERTEX_POINT( '', #11192 );
#8854 = LINE( '', #11193, #11194 );
#8855 = LINE( '', #11195, #11196 );
#8856 = VERTEX_POINT( '', #11197 );
#8857 = LINE( '', #11198, #11199 );
#8858 = LINE( '', #11200, #11201 );
#8859 = FILL_AREA_STYLE_COLOUR( '', #11202 );
#8860 = VERTEX_POINT( '', #11203 );
#8861 = LINE( '', #11204, #11205 );
#8862 = VERTEX_POINT( '', #11206 );
#8863 = LINE( '', #11207, #11208 );
#8864 = VERTEX_POINT( '', #11209 );
#8865 = LINE( '', #11210, #11211 );
#8866 = VERTEX_POINT( '', #11212 );
#8867 = LINE( '', #11213, #11214 );
#8868 = LINE( '', #11215, #11216 );
#8869 = FILL_AREA_STYLE_COLOUR( '', #11217 );
#8870 = VERTEX_POINT( '', #11218 );
#8871 = VERTEX_POINT( '', #11219 );
#8872 = LINE( '', #11220, #11221 );
#8873 = VERTEX_POINT( '', #11222 );
#8874 = LINE( '', #11223, #11224 );
#8875 = VERTEX_POINT( '', #11225 );
#8876 = LINE( '', #11226, #11227 );
#8877 = LINE( '', #11228, #11229 );
#8878 = FILL_AREA_STYLE_COLOUR( '', #11230 );
#8879 = VERTEX_POINT( '', #11231 );
#8880 = VERTEX_POINT( '', #11232 );
#8881 = LINE( '', #11233, #11234 );
#8882 = VERTEX_POINT( '', #11235 );
#8883 = LINE( '', #11236, #11237 );
#8884 = LINE( '', #11238, #11239 );
#8885 = LINE( '', #11240, #11241 );
#8886 = FILL_AREA_STYLE_COLOUR( '', #11242 );
#8887 = VERTEX_POINT( '', #11243 );
#8888 = LINE( '', #11244, #11245 );
#8889 = CIRCLE( '', #11246, 0.800000000000000 );
#8890 = CIRCLE( '', #11247, 0.800000000000000 );
#8891 = FILL_AREA_STYLE_COLOUR( '', #11248 );
#8892 = VERTEX_POINT( '', #11249 );
#8893 = CIRCLE( '', #11250, 0.500000000000000 );
#8894 = LINE( '', #11251, #11252 );
#8895 = FILL_AREA_STYLE_COLOUR( '', #11253 );
#8896 = VERTEX_POINT( '', #11254 );
#8897 = LINE( '', #11255, #11256 );
#8898 = VERTEX_POINT( '', #11257 );
#8899 = LINE( '', #11258, #11259 );
#8900 = LINE( '', #11260, #11261 );
#8901 = FILL_AREA_STYLE_COLOUR( '', #11262 );
#8902 = LINE( '', #11263, #11264 );
#8903 = FILL_AREA_STYLE_COLOUR( '', #11265 );
#8904 = VERTEX_POINT( '', #11266 );
#8905 = VERTEX_POINT( '', #11267 );
#8906 = LINE( '', #11268, #11269 );
#8907 = LINE( '', #11270, #11271 );
#8908 = LINE( '', #11272, #11273 );
#8909 = FILL_AREA_STYLE_COLOUR( '', #11274 );
#8910 = LINE( '', #11275, #11276 );
#8911 = FILL_AREA_STYLE_COLOUR( '', #11277 );
#8912 = LINE( '', #11278, #11279 );
#8913 = LINE( '', #11280, #11281 );
#8914 = FILL_AREA_STYLE_COLOUR( '', #11282 );
#8915 = LINE( '', #11283, #11284 );
#8916 = LINE( '', #11285, #11286 );
#8917 = LINE( '', #11287, #11288 );
#8918 = FILL_AREA_STYLE_COLOUR( '', #11289 );
#8919 = LINE( '', #11290, #11291 );
#8920 = LINE( '', #11292, #11293 );
#8921 = FILL_AREA_STYLE_COLOUR( '', #11294 );
#8922 = VERTEX_POINT( '', #11295 );
#8923 = LINE( '', #11296, #11297 );
#8924 = LINE( '', #11298, #11299 );
#8925 = FILL_AREA_STYLE_COLOUR( '', #11300 );
#8926 = LINE( '', #11301, #11302 );
#8927 = LINE( '', #11303, #11304 );
#8928 = FILL_AREA_STYLE_COLOUR( '', #11305 );
#8929 = VERTEX_POINT( '', #11306 );
#8930 = LINE( '', #11307, #11308 );
#8931 = VERTEX_POINT( '', #11309 );
#8932 = LINE( '', #11310, #11311 );
#8933 = LINE( '', #11312, #11313 );
#8934 = FILL_AREA_STYLE_COLOUR( '', #11314 );
#8935 = LINE( '', #11315, #11316 );
#8936 = VERTEX_POINT( '', #11317 );
#8937 = LINE( '', #11318, #11319 );
#8938 = LINE( '', #11320, #11321 );
#8939 = LINE( '', #11322, #11323 );
#8940 = LINE( '', #11324, #11325 );
#8941 = LINE( '', #11326, #11327 );
#8942 = LINE( '', #11328, #11329 );
#8943 = LINE( '', #11330, #11331 );
#8944 = VERTEX_POINT( '', #11332 );
#8945 = LINE( '', #11333, #11334 );
#8946 = LINE( '', #11335, #11336 );
#8947 = LINE( '', #11337, #11338 );
#8948 = LINE( '', #11339, #11340 );
#8949 = LINE( '', #11341, #11342 );
#8950 = VERTEX_POINT( '', #11343 );
#8951 = LINE( '', #11344, #11345 );
#8952 = LINE( '', #11346, #11347 );
#8953 = VERTEX_POINT( '', #11348 );
#8954 = LINE( '', #11349, #11350 );
#8955 = CIRCLE( '', #11351, 0.550000000000000 );
#8956 = CIRCLE( '', #11352, 0.550000000000000 );
#8957 = VERTEX_POINT( '', #11353 );
#8958 = LINE( '', #11354, #11355 );
#8959 = LINE( '', #11356, #11357 );
#8960 = CIRCLE( '', #11358, 0.550000000000000 );
#8961 = VERTEX_POINT( '', #11359 );
#8962 = CIRCLE( '', #11360, 0.550000000000000 );
#8963 = VERTEX_POINT( '', #11361 );
#8964 = LINE( '', #11362, #11363 );
#8965 = LINE( '', #11364, #11365 );
#8966 = FILL_AREA_STYLE_COLOUR( '', #11366 );
#8967 = VERTEX_POINT( '', #11367 );
#8968 = LINE( '', #11368, #11369 );
#8969 = LINE( '', #11370, #11371 );
#8970 = FILL_AREA_STYLE_COLOUR( '', #11372 );
#8971 = VERTEX_POINT( '', #11373 );
#8972 = CIRCLE( '', #11374, 0.500000000000000 );
#8973 = FILL_AREA_STYLE_COLOUR( '', #11375 );
#8974 = VERTEX_POINT( '', #11376 );
#8975 = LINE( '', #11377, #11378 );
#8976 = LINE( '', #11379, #11380 );
#8977 = LINE( '', #11381, #11382 );
#8978 = FILL_AREA_STYLE_COLOUR( '', #11383 );
#8979 = VERTEX_POINT( '', #11384 );
#8980 = LINE( '', #11385, #11386 );
#8981 = LINE( '', #11387, #11388 );
#8982 = FILL_AREA_STYLE_COLOUR( '', #11389 );
#8983 = VERTEX_POINT( '', #11390 );
#8984 = CIRCLE( '', #11391, 0.500000000000000 );
#8985 = CIRCLE( '', #11392, 0.500000000000000 );
#8986 = FILL_AREA_STYLE_COLOUR( '', #11393 );
#8987 = LINE( '', #11394, #11395 );
#8988 = VERTEX_POINT( '', #11396 );
#8989 = LINE( '', #11397, #11398 );
#8990 = VERTEX_POINT( '', #11399 );
#8991 = LINE( '', #11400, #11401 );
#8992 = LINE( '', #11402, #11403 );
#8993 = FILL_AREA_STYLE_COLOUR( '', #11404 );
#8994 = LINE( '', #11405, #11406 );
#8995 = FILL_AREA_STYLE_COLOUR( '', #11407 );
#8996 = LINE( '', #11408, #11409 );
#8997 = LINE( '', #11410, #11411 );
#8998 = LINE( '', #11412, #11413 );
#8999 = ELLIPSE( '', #11414, 0.707106781186549, 0.500000000000000 );
#9000 = FILL_AREA_STYLE_COLOUR( '', #11415 );
#9001 = FILL_AREA_STYLE_COLOUR( '', #11416 );
#9002 = VERTEX_POINT( '', #11417 );
#9003 = LINE( '', #11418, #11419 );
#9004 = VERTEX_POINT( '', #11420 );
#9005 = LINE( '', #11421, #11422 );
#9006 = VERTEX_POINT( '', #11423 );
#9007 = LINE( '', #11424, #11425 );
#9008 = VERTEX_POINT( '', #11426 );
#9009 = LINE( '', #11427, #11428 );
#9010 = LINE( '', #11429, #11430 );
#9011 = FILL_AREA_STYLE_COLOUR( '', #11431 );
#9012 = LINE( '', #11432, #11433 );
#9013 = LINE( '', #11434, #11435 );
#9014 = LINE( '', #11436, #11437 );
#9015 = LINE( '', #11438, #11439 );
#9016 = VERTEX_POINT( '', #11440 );
#9017 = LINE( '', #11441, #11442 );
#9018 = VERTEX_POINT( '', #11443 );
#9019 = LINE( '', #11444, #11445 );
#9020 = VERTEX_POINT( '', #11446 );
#9021 = LINE( '', #11447, #11448 );
#9022 = VERTEX_POINT( '', #11449 );
#9023 = LINE( '', #11450, #11451 );
#9024 = LINE( '', #11452, #11453 );
#9025 = LINE( '', #11454, #11455 );
#9026 = FILL_AREA_STYLE_COLOUR( '', #11456 );
#9027 = LINE( '', #11457, #11458 );
#9028 = FILL_AREA_STYLE_COLOUR( '', #11459 );
#9029 = VERTEX_POINT( '', #11460 );
#9030 = LINE( '', #11461, #11462 );
#9031 = CIRCLE( '', #11463, 0.550000000000000 );
#9032 = FILL_AREA_STYLE_COLOUR( '', #11464 );
#9033 = FILL_AREA_STYLE_COLOUR( '', #11465 );
#9034 = FILL_AREA_STYLE_COLOUR( '', #11466 );
#9035 = LINE( '', #11467, #11468 );
#9036 = VERTEX_POINT( '', #11469 );
#9037 = LINE( '', #11470, #11471 );
#9038 = VERTEX_POINT( '', #11472 );
#9039 = LINE( '', #11473, #11474 );
#9040 = VERTEX_POINT( '', #11475 );
#9041 = LINE( '', #11476, #11477 );
#9042 = LINE( '', #11478, #11479 );
#9043 = FILL_AREA_STYLE_COLOUR( '', #11480 );
#9044 = LINE( '', #11481, #11482 );
#9045 = LINE( '', #11483, #11484 );
#9046 = FILL_AREA_STYLE_COLOUR( '', #11485 );
#9047 = VERTEX_POINT( '', #11486 );
#9048 = LINE( '', #11487, #11488 );
#9049 = LINE( '', #11489, #11490 );
#9050 = FILL_AREA_STYLE_COLOUR( '', #11491 );
#9051 = VERTEX_POINT( '', #11492 );
#9052 = LINE( '', #11493, #11494 );
#9053 = CIRCLE( '', #11495, 0.500000000000000 );
#9054 = FILL_AREA_STYLE_COLOUR( '', #11496 );
#9055 = LINE( '', #11497, #11498 );
#9056 = FILL_AREA_STYLE_COLOUR( '', #11499 );
#9057 = LINE( '', #11500, #11501 );
#9058 = FILL_AREA_STYLE_COLOUR( '', #11502 );
#9059 = LINE( '', #11503, #11504 );
#9060 = LINE( '', #11505, #11506 );
#9061 = VERTEX_POINT( '', #11507 );
#9062 = LINE( '', #11508, #11509 );
#9063 = LINE( '', #11510, #11511 );
#9064 = FILL_AREA_STYLE_COLOUR( '', #11512 );
#9065 = FILL_AREA_STYLE_COLOUR( '', #11513 );
#9066 = LINE( '', #11514, #11515 );
#9067 = LINE( '', #11516, #11517 );
#9068 = VERTEX_POINT( '', #11518 );
#9069 = LINE( '', #11519, #11520 );
#9070 = LINE( '', #11521, #11522 );
#9071 = FILL_AREA_STYLE_COLOUR( '', #11523 );
#9072 = FILL_AREA_STYLE_COLOUR( '', #11524 );
#9073 = VERTEX_POINT( '', #11525 );
#9074 = LINE( '', #11526, #11527 );
#9075 = VERTEX_POINT( '', #11528 );
#9076 = LINE( '', #11529, #11530 );
#9077 = LINE( '', #11531, #11532 );
#9078 = FILL_AREA_STYLE_COLOUR( '', #11533 );
#9079 = CIRCLE( '', #11534, 0.500000000000000 );
#9080 = LINE( '', #11535, #11536 );
#9081 = FILL_AREA_STYLE_COLOUR( '', #11537 );
#9082 = LINE( '', #11538, #11539 );
#9083 = LINE( '', #11540, #11541 );
#9084 = FILL_AREA_STYLE_COLOUR( '', #11542 );
#9085 = VERTEX_POINT( '', #11543 );
#9086 = LINE( '', #11544, #11545 );
#9087 = LINE( '', #11546, #11547 );
#9088 = VERTEX_POINT( '', #11548 );
#9089 = CIRCLE( '', #11549, 0.700000000000000 );
#9090 = LINE( '', #11550, #11551 );
#9091 = FILL_AREA_STYLE_COLOUR( '', #11552 );
#9092 = VERTEX_POINT( '', #11553 );
#9093 = LINE( '', #11554, #11555 );
#9094 = LINE( '', #11556, #11557 );
#9095 = FILL_AREA_STYLE_COLOUR( '', #11558 );
#9096 = VERTEX_POINT( '', #11559 );
#9097 = CIRCLE( '', #11560, 1.00000000000000 );
#9098 = CIRCLE( '', #11561, 0.300000000000000 );
#9099 = LINE( '', #11562, #11563 );
#9100 = FILL_AREA_STYLE_COLOUR( '', #11564 );
#9101 = LINE( '', #11565, #11566 );
#9102 = VERTEX_POINT( '', #11567 );
#9103 = LINE( '', #11568, #11569 );
#9104 = CIRCLE( '', #11570, 0.500000000000000 );
#9105 = FILL_AREA_STYLE_COLOUR( '', #11571 );
#9106 = VERTEX_POINT( '', #11572 );
#9107 = LINE( '', #11573, #11574 );
#9108 = VERTEX_POINT( '', #11575 );
#9109 = LINE( '', #11576, #11577 );
#9110 = LINE( '', #11578, #11579 );
#9111 = FILL_AREA_STYLE_COLOUR( '', #11580 );
#9112 = FILL_AREA_STYLE_COLOUR( '', #11581 );
#9113 = CIRCLE( '', #11582, 0.550000000000000 );
#9114 = FILL_AREA_STYLE_COLOUR( '', #11583 );
#9115 = VERTEX_POINT( '', #11584 );
#9116 = CIRCLE( '', #11585, 0.300000000000000 );
#9117 = LINE( '', #11586, #11587 );
#9118 = FILL_AREA_STYLE_COLOUR( '', #11588 );
#9119 = LINE( '', #11589, #11590 );
#9120 = LINE( '', #11591, #11592 );
#9121 = FILL_AREA_STYLE_COLOUR( '', #11593 );
#9122 = LINE( '', #11594, #11595 );
#9123 = FILL_AREA_STYLE_COLOUR( '', #11596 );
#9124 = VERTEX_POINT( '', #11597 );
#9125 = LINE( '', #11598, #11599 );
#9126 = LINE( '', #11600, #11601 );
#9127 = LINE( '', #11602, #11603 );
#9128 = FILL_AREA_STYLE_COLOUR( '', #11604 );
#9129 = VERTEX_POINT( '', #11605 );
#9130 = LINE( '', #11606, #11607 );
#9131 = LINE( '', #11608, #11609 );
#9132 = FILL_AREA_STYLE_COLOUR( '', #11610 );
#9133 = VERTEX_POINT( '', #11611 );
#9134 = LINE( '', #11612, #11613 );
#9135 = LINE( '', #11614, #11615 );
#9136 = LINE( '', #11616, #11617 );
#9137 = FILL_AREA_STYLE_COLOUR( '', #11618 );
#9138 = LINE( '', #11619, #11620 );
#9139 = FILL_AREA_STYLE_COLOUR( '', #11621 );
#9140 = VERTEX_POINT( '', #11622 );
#9141 = CIRCLE( '', #11623, 0.500000000000000 );
#9142 = VERTEX_POINT( '', #11624 );
#9143 = CIRCLE( '', #11625, 0.500000000000000 );
#9144 = FILL_AREA_STYLE_COLOUR( '', #11626 );
#9145 = LINE( '', #11627, #11628 );
#9146 = LINE( '', #11629, #11630 );
#9147 = FILL_AREA_STYLE_COLOUR( '', #11631 );
#9148 = FILL_AREA_STYLE_COLOUR( '', #11632 );
#9149 = CIRCLE( '', #11633, 0.500000000000000 );
#9150 = FILL_AREA_STYLE_COLOUR( '', #11634 );
#9151 = VERTEX_POINT( '', #11635 );
#9152 = LINE( '', #11636, #11637 );
#9153 = LINE( '', #11638, #11639 );
#9154 = FILL_AREA_STYLE_COLOUR( '', #11640 );
#9155 = LINE( '', #11641, #11642 );
#9156 = FILL_AREA_STYLE_COLOUR( '', #11643 );
#9157 = VERTEX_POINT( '', #11644 );
#9158 = LINE( '', #11645, #11646 );
#9159 = LINE( '', #11647, #11648 );
#9160 = FILL_AREA_STYLE_COLOUR( '', #11649 );
#9161 = FILL_AREA_STYLE_COLOUR( '', #11650 );
#9162 = VERTEX_POINT( '', #11651 );
#9163 = LINE( '', #11652, #11653 );
#9164 = LINE( '', #11654, #11655 );
#9165 = FILL_AREA_STYLE_COLOUR( '', #11656 );
#9166 = LINE( '', #11657, #11658 );
#9167 = FILL_AREA_STYLE_COLOUR( '', #11659 );
#9168 = VERTEX_POINT( '', #11660 );
#9169 = LINE( '', #11661, #11662 );
#9170 = LINE( '', #11663, #11664 );
#9171 = FILL_AREA_STYLE_COLOUR( '', #11665 );
#9172 = LINE( '', #11666, #11667 );
#9173 = FILL_AREA_STYLE_COLOUR( '', #11668 );
#9174 = CIRCLE( '', #11669, 0.500000000000000 );
#9175 = VERTEX_POINT( '', #11670 );
#9176 = CIRCLE( '', #11671, 0.500000000000000 );
#9177 = LINE( '', #11672, #11673 );
#9178 = FILL_AREA_STYLE_COLOUR( '', #11674 );
#9179 = LINE( '', #11675, #11676 );
#9180 = FILL_AREA_STYLE_COLOUR( '', #11677 );
#9181 = VERTEX_POINT( '', #11678 );
#9182 = LINE( '', #11679, #11680 );
#9183 = ELLIPSE( '', #11681, 0.707106781186549, 0.500000000000000 );
#9184 = FILL_AREA_STYLE_COLOUR( '', #11682 );
#9185 = LINE( '', #11683, #11684 );
#9186 = FILL_AREA_STYLE_COLOUR( '', #11685 );
#9187 = LINE( '', #11686, #11687 );
#9188 = VERTEX_POINT( '', #11688 );
#9189 = LINE( '', #11689, #11690 );
#9190 = LINE( '', #11691, #11692 );
#9191 = FILL_AREA_STYLE_COLOUR( '', #11693 );
#9192 = LINE( '', #11694, #11695 );
#9193 = LINE( '', #11696, #11697 );
#9194 = FILL_AREA_STYLE_COLOUR( '', #11698 );
#9195 = VERTEX_POINT( '', #11699 );
#9196 = LINE( '', #11700, #11701 );
#9197 = LINE( '', #11702, #11703 );
#9198 = FILL_AREA_STYLE_COLOUR( '', #11704 );
#9199 = VERTEX_POINT( '', #11705 );
#9200 = CIRCLE( '', #11706, 1.15000000000000 );
#9201 = LINE( '', #11707, #11708 );
#9202 = FILL_AREA_STYLE_COLOUR( '', #11709 );
#9203 = VERTEX_POINT( '', #11710 );
#9204 = LINE( '', #11711, #11712 );
#9205 = VERTEX_POINT( '', #11713 );
#9206 = LINE( '', #11714, #11715 );
#9207 = LINE( '', #11716, #11717 );
#9208 = FILL_AREA_STYLE_COLOUR( '', #11718 );
#9209 = FILL_AREA_STYLE_COLOUR( '', #11719 );
#9210 = FILL_AREA_STYLE_COLOUR( '', #11720 );
#9211 = LINE( '', #11721, #11722 );
#9212 = LINE( '', #11723, #11724 );
#9213 = FILL_AREA_STYLE_COLOUR( '', #11725 );
#9214 = VERTEX_POINT( '', #11726 );
#9215 = LINE( '', #11727, #11728 );
#9216 = LINE( '', #11729, #11730 );
#9217 = LINE( '', #11731, #11732 );
#9218 = LINE( '', #11733, #11734 );
#9219 = FILL_AREA_STYLE_COLOUR( '', #11735 );
#9220 = VERTEX_POINT( '', #11736 );
#9221 = LINE( '', #11737, #11738 );
#9222 = LINE( '', #11739, #11740 );
#9223 = FILL_AREA_STYLE_COLOUR( '', #11741 );
#9224 = LINE( '', #11742, #11743 );
#9225 = FILL_AREA_STYLE_COLOUR( '', #11744 );
#9226 = VERTEX_POINT( '', #11745 );
#9227 = LINE( '', #11746, #11747 );
#9228 = LINE( '', #11748, #11749 );
#9229 = FILL_AREA_STYLE_COLOUR( '', #11750 );
#9230 = VERTEX_POINT( '', #11751 );
#9231 = LINE( '', #11752, #11753 );
#9232 = LINE( '', #11754, #11755 );
#9233 = LINE( '', #11756, #11757 );
#9234 = LINE( '', #11758, #11759 );
#9235 = CIRCLE( '', #11760, 0.550000000000000 );
#9236 = FILL_AREA_STYLE_COLOUR( '', #11761 );
#9237 = LINE( '', #11762, #11763 );
#9238 = CIRCLE( '', #11764, 0.500000000000000 );
#9239 = VERTEX_POINT( '', #11765 );
#9240 = LINE( '', #11766, #11767 );
#9241 = VERTEX_POINT( '', #11768 );
#9242 = LINE( '', #11769, #11770 );
#9243 = LINE( '', #11771, #11772 );
#9244 = LINE( '', #11773, #11774 );
#9245 = LINE( '', #11775, #11776 );
#9246 = FILL_AREA_STYLE_COLOUR( '', #11777 );
#9247 = LINE( '', #11778, #11779 );
#9248 = FILL_AREA_STYLE_COLOUR( '', #11780 );
#9249 = LINE( '', #11781, #11782 );
#9250 = LINE( '', #11783, #11784 );
#9251 = FILL_AREA_STYLE_COLOUR( '', #11785 );
#9252 = LINE( '', #11786, #11787 );
#9253 = FILL_AREA_STYLE_COLOUR( '', #11788 );
#9254 = VERTEX_POINT( '', #11789 );
#9255 = LINE( '', #11790, #11791 );
#9256 = VERTEX_POINT( '', #11792 );
#9257 = LINE( '', #11793, #11794 );
#9258 = LINE( '', #11795, #11796 );
#9259 = FILL_AREA_STYLE_COLOUR( '', #11797 );
#9260 = VERTEX_POINT( '', #11798 );
#9261 = CIRCLE( '', #11799, 0.500000000000000 );
#9262 = FILL_AREA_STYLE_COLOUR( '', #11800 );
#9263 = LINE( '', #11801, #11802 );
#9264 = FILL_AREA_STYLE_COLOUR( '', #11803 );
#9265 = LINE( '', #11804, #11805 );
#9266 = VERTEX_POINT( '', #11806 );
#9267 = LINE( '', #11807, #11808 );
#9268 = CIRCLE( '', #11809, 0.500000000000000 );
#9269 = FILL_AREA_STYLE_COLOUR( '', #11810 );
#9270 = LINE( '', #11811, #11812 );
#9271 = ELLIPSE( '', #11813, 0.707106781186549, 0.500000000000000 );
#9272 = FILL_AREA_STYLE_COLOUR( '', #11814 );
#9273 = LINE( '', #11815, #11816 );
#9274 = FILL_AREA_STYLE_COLOUR( '', #11817 );
#9275 = VERTEX_POINT( '', #11818 );
#9276 = LINE( '', #11819, #11820 );
#9277 = ELLIPSE( '', #11821, 0.707106781186549, 0.500000000000000 );
#9278 = FILL_AREA_STYLE_COLOUR( '', #11822 );
#9279 = LINE( '', #11823, #11824 );
#9280 = FILL_AREA_STYLE_COLOUR( '', #11825 );
#9281 = FILL_AREA_STYLE_COLOUR( '', #11826 );
#9282 = LINE( '', #11827, #11828 );
#9283 = LINE( '', #11829, #11830 );
#9284 = FILL_AREA_STYLE_COLOUR( '', #11831 );
#9285 = FILL_AREA_STYLE_COLOUR( '', #11832 );
#9286 = CIRCLE( '', #11833, 0.500000000000000 );
#9287 = LINE( '', #11834, #11835 );
#9288 = LINE( '', #11836, #11837 );
#9289 = FILL_AREA_STYLE_COLOUR( '', #11838 );
#9290 = VERTEX_POINT( '', #11839 );
#9291 = LINE( '', #11840, #11841 );
#9292 = VERTEX_POINT( '', #11842 );
#9293 = LINE( '', #11843, #11844 );
#9294 = LINE( '', #11845, #11846 );
#9295 = FILL_AREA_STYLE_COLOUR( '', #11847 );
#9296 = LINE( '', #11848, #11849 );
#9297 = LINE( '', #11850, #11851 );
#9298 = CIRCLE( '', #11852, 1.15000000000000 );
#9299 = CIRCLE( '', #11853, 1.15000000000000 );
#9300 = LINE( '', #11854, #11855 );
#9301 = VERTEX_POINT( '', #11856 );
#9302 = CIRCLE( '', #11857, 0.500000000000000 );
#9303 = LINE( '', #11858, #11859 );
#9304 = LINE( '', #11860, #11861 );
#9305 = FILL_AREA_STYLE_COLOUR( '', #11862 );
#9306 = VERTEX_POINT( '', #11863 );
#9307 = LINE( '', #11864, #11865 );
#9308 = CIRCLE( '', #11866, 0.550000000000000 );
#9309 = FILL_AREA_STYLE_COLOUR( '', #11867 );
#9310 = FILL_AREA_STYLE_COLOUR( '', #11868 );
#9311 = FILL_AREA_STYLE_COLOUR( '', #11869 );
#9312 = FILL_AREA_STYLE_COLOUR( '', #11870 );
#9313 = FILL_AREA_STYLE_COLOUR( '', #11871 );
#9314 = LINE( '', #11872, #11873 );
#9315 = FILL_AREA_STYLE_COLOUR( '', #11874 );
#9316 = FILL_AREA_STYLE_COLOUR( '', #11875 );
#9317 = FILL_AREA_STYLE_COLOUR( '', #11876 );
#9318 = FILL_AREA_STYLE_COLOUR( '', #11877 );
#9319 = LINE( '', #11878, #11879 );
#9320 = FILL_AREA_STYLE_COLOUR( '', #11880 );
#9321 = VERTEX_POINT( '', #11881 );
#9322 = LINE( '', #11882, #11883 );
#9323 = LINE( '', #11884, #11885 );
#9324 = FILL_AREA_STYLE_COLOUR( '', #11886 );
#9325 = LINE( '', #11887, #11888 );
#9326 = LINE( '', #11889, #11890 );
#9327 = LINE( '', #11891, #11892 );
#9328 = FILL_AREA_STYLE_COLOUR( '', #11893 );
#9329 = CIRCLE( '', #11894, 0.550000000000000 );
#9330 = FILL_AREA_STYLE_COLOUR( '', #11895 );
#9331 = FILL_AREA_STYLE_COLOUR( '', #11896 );
#9332 = LINE( '', #11897, #11898 );
#9333 = FILL_AREA_STYLE_COLOUR( '', #11899 );
#9334 = LINE( '', #11900, #11901 );
#9335 = FILL_AREA_STYLE_COLOUR( '', #11902 );
#9336 = FILL_AREA_STYLE_COLOUR( '', #11903 );
#9337 = LINE( '', #11904, #11905 );
#9338 = FILL_AREA_STYLE_COLOUR( '', #11906 );
#9339 = LINE( '', #11907, #11908 );
#9340 = FILL_AREA_STYLE_COLOUR( '', #11909 );
#9341 = VERTEX_POINT( '', #11910 );
#9342 = LINE( '', #11911, #11912 );
#9343 = LINE( '', #11913, #11914 );
#9344 = FILL_AREA_STYLE_COLOUR( '', #11915 );
#9345 = FILL_AREA_STYLE_COLOUR( '', #11916 );
#9346 = FILL_AREA_STYLE_COLOUR( '', #11917 );
#9347 = LINE( '', #11918, #11919 );
#9348 = LINE( '', #11920, #11921 );
#9349 = FILL_AREA_STYLE_COLOUR( '', #11922 );
#9350 = LINE( '', #11923, #11924 );
#9351 = FILL_AREA_STYLE_COLOUR( '', #11925 );
#9352 = LINE( '', #11926, #11927 );
#9353 = CIRCLE( '', #11928, 1.15000000000000 );
#9354 = FILL_AREA_STYLE_COLOUR( '', #11929 );
#9355 = FILL_AREA_STYLE_COLOUR( '', #11930 );
#9356 = FILL_AREA_STYLE_COLOUR( '', #11931 );
#9357 = FILL_AREA_STYLE_COLOUR( '', #11932 );
#9358 = FILL_AREA_STYLE_COLOUR( '', #11933 );
#9359 = LINE( '', #11934, #11935 );
#9360 = FILL_AREA_STYLE_COLOUR( '', #11936 );
#9361 = CIRCLE( '', #11937, 0.550000000000000 );
#9362 = FILL_AREA_STYLE_COLOUR( '', #11938 );
#9363 = FILL_AREA_STYLE_COLOUR( '', #11939 );
#9364 = FILL_AREA_STYLE_COLOUR( '', #11940 );
#9365 = FILL_AREA_STYLE_COLOUR( '', #11941 );
#9366 = FILL_AREA_STYLE_COLOUR( '', #11942 );
#9367 = FILL_AREA_STYLE_COLOUR( '', #11943 );
#9368 = LINE( '', #11944, #11945 );
#9369 = FILL_AREA_STYLE_COLOUR( '', #11946 );
#9370 = FILL_AREA_STYLE_COLOUR( '', #11947 );
#9371 = VERTEX_POINT( '', #11948 );
#9372 = LINE( '', #11949, #11950 );
#9373 = LINE( '', #11951, #11952 );
#9374 = FILL_AREA_STYLE_COLOUR( '', #11953 );
#9375 = LINE( '', #11954, #11955 );
#9376 = FILL_AREA_STYLE_COLOUR( '', #11956 );
#9377 = FILL_AREA_STYLE_COLOUR( '', #11957 );
#9378 = FILL_AREA_STYLE_COLOUR( '', #11958 );
#9379 = FILL_AREA_STYLE_COLOUR( '', #11959 );
#9380 = LINE( '', #11960, #11961 );
#9381 = FILL_AREA_STYLE_COLOUR( '', #11962 );
#9382 = FILL_AREA_STYLE_COLOUR( '', #11963 );
#9383 = FILL_AREA_STYLE_COLOUR( '', #11964 );
#9384 = VERTEX_POINT( '', #11965 );
#9385 = LINE( '', #11966, #11967 );
#9386 = LINE( '', #11968, #11969 );
#9387 = FILL_AREA_STYLE_COLOUR( '', #11970 );
#9388 = LINE( '', #11971, #11972 );
#9389 = FILL_AREA_STYLE_COLOUR( '', #11973 );
#9390 = FILL_AREA_STYLE_COLOUR( '', #11974 );
#9391 = LINE( '', #11975, #11976 );
#9392 = FILL_AREA_STYLE_COLOUR( '', #11977 );
#9393 = FILL_AREA_STYLE_COLOUR( '', #11978 );
#9394 = FILL_AREA_STYLE_COLOUR( '', #11979 );
#9395 = FILL_AREA_STYLE_COLOUR( '', #11980 );
#9396 = FILL_AREA_STYLE_COLOUR( '', #11981 );
#9397 = FILL_AREA_STYLE_COLOUR( '', #11982 );
#9398 = CIRCLE( '', #11983, 0.550000000000000 );
#9399 = FILL_AREA_STYLE_COLOUR( '', #11984 );
#9400 = LINE( '', #11985, #11986 );
#9401 = FILL_AREA_STYLE_COLOUR( '', #11987 );
#9402 = FILL_AREA_STYLE_COLOUR( '', #11988 );
#9403 = CIRCLE( '', #11989, 0.500000000000000 );
#9404 = FILL_AREA_STYLE_COLOUR( '', #11990 );
#9405 = FILL_AREA_STYLE_COLOUR( '', #11991 );
#9406 = CIRCLE( '', #11992, 0.500000000000000 );
#9407 = CIRCLE( '', #11993, 0.550000000000000 );
#9408 = LINE( '', #11994, #11995 );
#9409 = FILL_AREA_STYLE_COLOUR( '', #11996 );
#9410 = FILL_AREA_STYLE_COLOUR( '', #11997 );
#9411 = FILL_AREA_STYLE_COLOUR( '', #11998 );
#9412 = FILL_AREA_STYLE_COLOUR( '', #11999 );
#9413 = FILL_AREA_STYLE_COLOUR( '', #12000 );
#9414 = FILL_AREA_STYLE_COLOUR( '', #12001 );
#9415 = FILL_AREA_STYLE_COLOUR( '', #12002 );
#9416 = FILL_AREA_STYLE_COLOUR( '', #12003 );
#9417 = FILL_AREA_STYLE_COLOUR( '', #12004 );
#9418 = FILL_AREA_STYLE_COLOUR( '', #12005 );
#9419 = FILL_AREA_STYLE_COLOUR( '', #12006 );
#9420 = FILL_AREA_STYLE_COLOUR( '', #12007 );
#9421 = FILL_AREA_STYLE_COLOUR( '', #12008 );
#9422 = FILL_AREA_STYLE_COLOUR( '', #12009 );
#9423 = FILL_AREA_STYLE_COLOUR( '', #12010 );
#9424 = LINE( '', #12011, #12012 );
#9425 = FILL_AREA_STYLE_COLOUR( '', #12013 );
#9426 = FILL_AREA_STYLE_COLOUR( '', #12014 );
#9427 = FILL_AREA_STYLE_COLOUR( '', #12015 );
#9428 = FILL_AREA_STYLE_COLOUR( '', #12016 );
#9429 = FILL_AREA_STYLE_COLOUR( '', #12017 );
#9430 = FILL_AREA_STYLE_COLOUR( '', #12018 );
#9431 = LINE( '', #12019, #12020 );
#9432 = FILL_AREA_STYLE_COLOUR( '', #12021 );
#9433 = FILL_AREA_STYLE_COLOUR( '', #12022 );
#9434 = FILL_AREA_STYLE_COLOUR( '', #12023 );
#9435 = FILL_AREA_STYLE_COLOUR( '', #12024 );
#9436 = FILL_AREA_STYLE_COLOUR( '', #12025 );
#9437 = FILL_AREA_STYLE_COLOUR( '', #12026 );
#9438 = COLOUR_RGB( '', 0.000000000000000, 0.000000000000000, 0.600000023841858 );
#9439 = CARTESIAN_POINT( '', ( -2.90000000000000, 2.50000000000000, 9.93851991445046E-017 ) );
#9440 = AXIS2_PLACEMENT_3D( '', #12027, #12028, #12029 );
#9441 = CARTESIAN_POINT( '', ( -2.90000000000000, 2.50000000000000, 0.200000000000000 ) );
#9442 = AXIS2_PLACEMENT_3D( '', #12030, #12031, #12032 );
#9443 = COLOUR_RGB( '', 0.898039221763611, 0.898039221763611, 0.898039221763611 );
#9444 = CARTESIAN_POINT( '', ( -3.40000000000000, -3.95000000000000, -2.00000000000000 ) );
#9445 = CARTESIAN_POINT( '', ( -3.90000000000000, -3.45000000000000, -2.00000000000000 ) );
#9446 = AXIS2_PLACEMENT_3D( '', #12033, #12034, #12035 );
#9447 = CARTESIAN_POINT( '', ( -3.35000000000000, -3.45000000000000, -2.00000000000000 ) );
#9448 = CARTESIAN_POINT( '', ( -3.35000000000000, -3.45000000000000, -2.00000000000000 ) );
#9449 = VECTOR( '', #12036, 1000.00000000000 );
#9450 = CARTESIAN_POINT( '', ( -3.35000000000000, -3.95000000000000, -2.00000000000000 ) );
#9451 = CARTESIAN_POINT( '', ( -3.35000000000000, -3.95000000000000, -2.00000000000000 ) );
#9452 = VECTOR( '', #12037, 1000.00000000000 );
#9453 = CARTESIAN_POINT( '', ( -3.40000000000000, -3.95000000000000, -2.00000000000000 ) );
#9454 = VECTOR( '', #12038, 1000.00000000000 );
#9455 = COLOUR_RGB( '', 0.000000000000000, 0.000000000000000, 0.600000023841858 );
#9456 = CARTESIAN_POINT( '', ( 1.95105080756887, 3.75000000000000, 3.50000000000000 ) );
#9457 = CARTESIAN_POINT( '', ( 1.65105080756887, 3.45000000000000, 3.50000000000000 ) );
#9458 = AXIS2_PLACEMENT_3D( '', #12039, #12040, #12041 );
#9459 = CARTESIAN_POINT( '', ( 1.95105080756887, 3.75000000000000, 0.850000000000000 ) );
#9460 = CARTESIAN_POINT( '', ( 1.95105080756887, 3.75000000000000, 0.850000000000000 ) );
#9461 = VECTOR( '', #12042, 1000.00000000000 );
#9462 = CARTESIAN_POINT( '', ( 1.65105080756887, 3.45000000000000, 0.850000000000000 ) );
#9463 = AXIS2_PLACEMENT_3D( '', #12043, #12044, #12045 );
#9464 = CARTESIAN_POINT( '', ( 1.65105080756887, 3.45000000000000, 0.000000000000000 ) );
#9465 = VECTOR( '', #12046, 1000.00000000000 );
#9466 = COLOUR_RGB( '', 0.898039221763611, 0.898039221763611, 0.898039221763611 );
#9467 = CARTESIAN_POINT( '', ( -1.45000000000000, -3.95000000000000, -5.20000000000000 ) );
#9468 = CARTESIAN_POINT( '', ( -1.45000000000000, -3.70000000000000, -5.20000000000000 ) );
#9469 = CARTESIAN_POINT( '', ( -1.45000000000000, -3.95000000000000, -5.20000000000000 ) );
#9470 = VECTOR( '', #12047, 1000.00000000000 );
#9471 = CARTESIAN_POINT( '', ( 1.45000000000001, -3.70000000000000, -5.20000000000000 ) );
#9472 = CARTESIAN_POINT( '', ( -2.25000000000000, -3.70000000000000, -5.20000000000000 ) );
#9473 = VECTOR( '', #12048, 1000.00000000000 );
#9474 = CARTESIAN_POINT( '', ( 1.45000000000001, -3.95000000000000, -5.20000000000000 ) );
#9475 = CARTESIAN_POINT( '', ( 1.45000000000001, -3.95000000000000, -5.20000000000000 ) );
#9476 = VECTOR( '', #12049, 1000.00000000000 );
#9477 = CARTESIAN_POINT( '', ( -2.25000000000000, -3.95000000000000, -5.20000000000000 ) );
#9478 = VECTOR( '', #12050, 1000.00000000000 );
#9479 = COLOUR_RGB( '', 0.000000000000000, 0.000000000000000, 0.600000023841858 );
#9480 = CARTESIAN_POINT( '', ( -3.40000000000000, 3.95000000000000, 6.70000000000000 ) );
#9481 = CARTESIAN_POINT( '', ( -3.40000000000000, 3.95000000000000, 6.30000000000000 ) );
#9482 = CARTESIAN_POINT( '', ( -3.40000000000000, 3.95000000000000, 6.80000000000000 ) );
#9483 = VECTOR( '', #12051, 1000.00000000000 );
#9484 = CARTESIAN_POINT( '', ( -3.40000000000000, 3.95000000000000, 0.850000000000000 ) );
#9485 = CARTESIAN_POINT( '', ( -3.40000000000000, 3.95000000000000, 6.30000000000000 ) );
#9486 = VECTOR( '', #12052, 1000.00000000000 );
#9487 = CARTESIAN_POINT( '', ( -3.90000000000000, 3.45000000000000, 0.850000000000000 ) );
#9488 = AXIS2_PLACEMENT_3D( '', #12053, #12054, #12055 );
#9489 = CARTESIAN_POINT( '', ( -3.90000000000000, 3.45000000000000, 6.30000000000000 ) );
#9490 = CARTESIAN_POINT( '', ( -3.90000000000000, 3.45000000000000, 6.30000000000000 ) );
#9491 = VECTOR( '', #12056, 1000.00000000000 );
#9492 = CARTESIAN_POINT( '', ( -3.90000000000000, 3.45000000000000, 6.70000000000000 ) );
#9493 = CARTESIAN_POINT( '', ( -3.90000000000000, 3.45000000000000, 6.80000000000000 ) );
#9494 = VECTOR( '', #12057, 1000.00000000000 );
#9495 = CARTESIAN_POINT( '', ( -3.88989794855664, 3.55000000000000, 6.80000000000000 ) );
#9496 = AXIS2_PLACEMENT_3D( '', #12058, #12059, #12060 );
#9497 = CARTESIAN_POINT( '', ( -3.50000000000000, 3.93989794855663, 6.80000000000000 ) );
#9498 = AXIS2_PLACEMENT_3D( '', #12061, #12062, #12063 );
#9499 = AXIS2_PLACEMENT_3D( '', #12064, #12065, #12066 );
#9500 = COLOUR_RGB( '', 0.000000000000000, 0.000000000000000, 0.600000023841858 );
#9501 = CARTESIAN_POINT( '', ( 1.83002540378444, 3.30000000000000, 0.200000000000000 ) );
#9502 = CARTESIAN_POINT( '', ( 2.86564116264483, 3.95000000000000, 0.200000000000000 ) );
#9503 = AXIS2_PLACEMENT_3D( '', #12067, #12068, #12069 );
#9504 = CARTESIAN_POINT( '', ( 1.83002540378444, 3.30000000000000, 0.850000000000000 ) );
#9505 = CARTESIAN_POINT( '', ( 1.83002540378444, 3.30000000000000, 0.850000000000000 ) );
#9506 = VECTOR( '', #12070, 1000.00000000000 );
#9507 = CARTESIAN_POINT( '', ( 2.86564116264483, 3.95000000000000, 0.850000000000000 ) );
#9508 = AXIS2_PLACEMENT_3D( '', #12071, #12072, #12073 );
#9509 = CARTESIAN_POINT( '', ( 2.86564116264483, 3.95000000000000, 0.850000000000000 ) );
#9510 = VECTOR( '', #12074, 1000.00000000000 );
#9511 = COLOUR_RGB( '', 0.113725490868092, 0.400000005960464, 0.113725490868092 );
#9512 = CARTESIAN_POINT( '', ( -2.37500000000000, 2.85000000000000, 8.05000000000000 ) );
#9513 = CARTESIAN_POINT( '', ( -2.37500000000000, 2.35000000000000, 8.55000000000000 ) );
#9514 = AXIS2_PLACEMENT_3D( '', #12075, #12076, #12077 );
#9515 = CARTESIAN_POINT( '', ( 2.37500000000000, 2.35000000000000, 8.55000000000000 ) );
#9516 = CARTESIAN_POINT( '', ( -3.07500000000000, 2.35000000000000, 8.55000000000000 ) );
#9517 = VECTOR( '', #12078, 1000.00000000000 );
#9518 = CARTESIAN_POINT( '', ( 2.37500000000000, 2.85000000000000, 8.05000000000000 ) );
#9519 = AXIS2_PLACEMENT_3D( '', #12079, #12080, #12081 );
#9520 = CARTESIAN_POINT( '', ( -2.45000000000000, 2.85000000000000, 8.05000000000000 ) );
#9521 = VECTOR( '', #12082, 1000.00000000000 );
#9522 = COLOUR_RGB( '', 0.898039221763611, 0.898039221763611, 0.898039221763611 );
#9523 = CARTESIAN_POINT( '', ( 2.90000000000000, -2.35000000000000, 0.000000000000000 ) );
#9524 = CARTESIAN_POINT( '', ( 2.90000000000000, -1.75000000000000, 0.000000000000000 ) );
#9525 = CARTESIAN_POINT( '', ( 2.90000000000000, -2.90000000000000, 0.000000000000000 ) );
#9526 = VECTOR( '', #12083, 1000.00000000000 );
#9527 = CARTESIAN_POINT( '', ( 2.90000000000000, -1.75000000000000, -2.60000000000000 ) );
#9528 = CARTESIAN_POINT( '', ( 2.90000000000000, -1.75000000000000, -2.60000000000000 ) );
#9529 = VECTOR( '', #12084, 1000.00000000000 );
#9530 = CARTESIAN_POINT( '', ( 2.90000000000000, -2.35000000000000, -2.60000000000000 ) );
#9531 = CARTESIAN_POINT( '', ( 2.90000000000000, -2.90000000000000, -2.60000000000000 ) );
#9532 = VECTOR( '', #12085, 1000.00000000000 );
#9533 = CARTESIAN_POINT( '', ( 2.90000000000000, -2.35000000000000, 0.000000000000000 ) );
#9534 = VECTOR( '', #12086, 1000.00000000000 );
#9535 = COLOUR_RGB( '', 0.000000000000000, 0.000000000000000, 0.600000023841858 );
#9536 = CARTESIAN_POINT( '', ( -1.27500000000000, 3.85000000000000, 4.50000000000000 ) );
#9537 = CARTESIAN_POINT( '', ( -1.27500000000000, 3.45000000000000, 4.50000000000000 ) );
#9538 = CARTESIAN_POINT( '', ( -1.27500000000000, 3.95000000000000, 4.50000000000000 ) );
#9539 = VECTOR( '', #12087, 1000.00000000000 );
#9540 = CARTESIAN_POINT( '', ( -1.17500000000000, 3.95000000000000, 4.50000000000000 ) );
#9541 = CARTESIAN_POINT( '', ( -1.17500000000000, 3.95000000000000, 4.50000000000000 ) );
#9542 = VECTOR( '', #12088, 1000.00000000000 );
#9543 = CARTESIAN_POINT( '', ( -0.625000000000000, 3.95000000000000, 4.50000000000000 ) );
#9544 = CARTESIAN_POINT( '', ( -0.525000000000000, 3.95000000000000, 4.50000000000000 ) );
#9545 = VECTOR( '', #12089, 1000.00000000000 );
#9546 = CARTESIAN_POINT( '', ( -0.525000000000000, 3.85000000000000, 4.50000000000000 ) );
#9547 = CARTESIAN_POINT( '', ( -0.525000000000000, 3.85000000000000, 4.50000000000000 ) );
#9548 = VECTOR( '', #12090, 1000.00000000000 );
#9549 = CARTESIAN_POINT( '', ( -0.525000000000000, 3.45000000000000, 4.50000000000000 ) );
#9550 = CARTESIAN_POINT( '', ( -0.525000000000000, 3.45000000000000, 4.50000000000000 ) );
#9551 = VECTOR( '', #12091, 1000.00000000000 );
#9552 = CARTESIAN_POINT( '', ( -1.27500000000000, 3.45000000000000, 4.50000000000000 ) );
#9553 = VECTOR( '', #12092, 1000.00000000000 );
#9554 = COLOUR_RGB( '', 0.505882382392883, 0.505882382392883, 0.505882382392883 );
#9555 = CARTESIAN_POINT( '', ( -3.82500000000000, 2.00000000000000, 2.99435389988899 ) );
#9556 = CARTESIAN_POINT( '', ( -3.47500000000000, 2.00000000000000, 3.34435389988899 ) );
#9557 = AXIS2_PLACEMENT_3D( '', #12093, #12094, #12095 );
#9558 = CARTESIAN_POINT( '', ( -3.82500000000000, 3.35000000000000, 2.99435389988899 ) );
#9559 = CARTESIAN_POINT( '', ( -3.82500000000000, 2.00000000000000, 2.99435389988899 ) );
#9560 = VECTOR( '', #12096, 1000.00000000000 );
#9561 = CARTESIAN_POINT( '', ( -3.47500000000000, 3.35000000000000, 3.34435389988899 ) );
#9562 = AXIS2_PLACEMENT_3D( '', #12097, #12098, #12099 );
#9563 = CARTESIAN_POINT( '', ( -3.47500000000000, 3.35000000000000, 3.34435389988899 ) );
#9564 = VECTOR( '', #12100, 1000.00000000000 );
#9565 = COLOUR_RGB( '', 0.113725490868092, 0.400000005960464, 0.113725490868092 );
#9566 = CARTESIAN_POINT( '', ( -2.37500000000000, 2.85000000000000, 0.000000000000000 ) );
#9567 = CARTESIAN_POINT( '', ( -2.37500000000000, 2.85000000000000, 8.55000000000000 ) );
#9568 = VECTOR( '', #12101, 1000.00000000000 );
#9569 = CARTESIAN_POINT( '', ( 2.37500000000000, 2.85000000000000, 0.000000000000000 ) );
#9570 = CARTESIAN_POINT( '', ( 2.37500000000000, 2.85000000000000, 0.000000000000000 ) );
#9571 = VECTOR( '', #12102, 1000.00000000000 );
#9572 = CARTESIAN_POINT( '', ( -2.45000000000000, 2.85000000000000, 0.000000000000000 ) );
#9573 = VECTOR( '', #12103, 1000.00000000000 );
#9574 = COLOUR_RGB( '', 0.000000000000000, 0.000000000000000, 0.600000023841858 );
#9575 = CARTESIAN_POINT( '', ( 1.00000000000000, -1.00000000000000, 0.100000000000000 ) );
#9576 = CARTESIAN_POINT( '', ( -1.00000000000000, -1.00000000000000, 0.100000000000000 ) );
#9577 = CARTESIAN_POINT( '', ( 1.00000000000000, -1.00000000000000, 0.100000000000000 ) );
#9578 = VECTOR( '', #12104, 1000.00000000000 );
#9579 = CARTESIAN_POINT( '', ( -1.00000000000000, -1.00000000000000, 0.200000000000000 ) );
#9580 = CARTESIAN_POINT( '', ( -1.00000000000000, -1.00000000000000, 2.43945488809239E-016 ) );
#9581 = VECTOR( '', #12105, 1000.00000000000 );
#9582 = CARTESIAN_POINT( '', ( 1.00000000000000, -1.00000000000000, 0.200000000000000 ) );
#9583 = CARTESIAN_POINT( '', ( 1.00000000000000, -1.00000000000000, 0.200000000000000 ) );
#9584 = VECTOR( '', #12106, 1000.00000000000 );
#9585 = CARTESIAN_POINT( '', ( 1.00000000000000, -1.00000000000000, 3.79470760369927E-016 ) );
#9586 = VECTOR( '', #12107, 1000.00000000000 );
#9587 = COLOUR_RGB( '', 0.505882382392883, 0.505882382392883, 0.505882382392883 );
#9588 = CARTESIAN_POINT( '', ( 3.82500000000000, 2.85000000000000, -1.00564610011101 ) );
#9589 = CARTESIAN_POINT( '', ( 3.82500000000000, 3.15000000000000, -1.00564610011101 ) );
#9590 = CARTESIAN_POINT( '', ( 3.82500000000000, -3.35000000000000, -1.00564610011101 ) );
#9591 = VECTOR( '', #12108, 1000.00000000000 );
#9592 = CARTESIAN_POINT( '', ( 4.17500000000000, 3.15000000000000, -1.00564610011101 ) );
#9593 = CARTESIAN_POINT( '', ( -14.1750000000000, 3.15000000000000, -1.00564610011101 ) );
#9594 = VECTOR( '', #12109, 1000.00000000000 );
#9595 = CARTESIAN_POINT( '', ( 4.17500000000000, 2.85000000000000, -1.00564610011101 ) );
#9596 = CARTESIAN_POINT( '', ( 4.17500000000000, -3.35000000000000, -1.00564610011101 ) );
#9597 = VECTOR( '', #12110, 1000.00000000000 );
#9598 = CARTESIAN_POINT( '', ( -14.1750000000000, 2.85000000000000, -1.00564610011101 ) );
#9599 = VECTOR( '', #12111, 1000.00000000000 );
#9600 = COLOUR_RGB( '', 0.505882382392883, 0.505882382392883, 0.505882382392883 );
#9601 = CARTESIAN_POINT( '', ( -3.82500000000000, -3.15000000000000, -1.00564610011101 ) );
#9602 = CARTESIAN_POINT( '', ( -3.82500000000000, -2.85000000000000, -1.00564610011101 ) );
#9603 = CARTESIAN_POINT( '', ( -3.82500000000000, -3.35000000000000, -1.00564610011101 ) );
#9604 = VECTOR( '', #12112, 1000.00000000000 );
#9605 = CARTESIAN_POINT( '', ( -4.17500000000000, -3.15000000000000, -1.00564610011101 ) );
#9606 = CARTESIAN_POINT( '', ( -14.1750000000000, -3.15000000000000, -1.00564610011101 ) );
#9607 = VECTOR( '', #12113, 1000.00000000000 );
#9608 = CARTESIAN_POINT( '', ( -4.17500000000000, -2.85000000000000, -1.00564610011101 ) );
#9609 = CARTESIAN_POINT( '', ( -4.17500000000000, -3.35000000000000, -1.00564610011101 ) );
#9610 = VECTOR( '', #12114, 1000.00000000000 );
#9611 = CARTESIAN_POINT( '', ( -14.1750000000000, -2.85000000000000, -1.00564610011101 ) );
#9612 = VECTOR( '', #12115, 1000.00000000000 );
#9613 = COLOUR_RGB( '', 0.898039221763611, 0.898039221763611, 0.898039221763611 );
#9614 = CARTESIAN_POINT( '', ( -3.40000000000000, 3.95000000000000, -2.00000000000000 ) );
#9615 = CARTESIAN_POINT( '', ( -3.90000000000000, 3.45000000000000, -2.00000000000000 ) );
#9616 = AXIS2_PLACEMENT_3D( '', #12116, #12117, #12118 );
#9617 = CARTESIAN_POINT( '', ( -3.90000000000000, 3.45000000000000, 0.000000000000000 ) );
#9618 = CARTESIAN_POINT( '', ( -3.90000000000000, 3.45000000000000, -2.60000000000000 ) );
#9619 = VECTOR( '', #12119, 1000.00000000000 );
#9620 = CARTESIAN_POINT( '', ( -3.40000000000000, 3.95000000000000, 0.000000000000000 ) );
#9621 = AXIS2_PLACEMENT_3D( '', #12120, #12121, #12122 );
#9622 = CARTESIAN_POINT( '', ( -3.40000000000000, 3.95000000000000, -2.60000000000000 ) );
#9623 = VECTOR( '', #12123, 1000.00000000000 );
#9624 = COLOUR_RGB( '', 0.505882382392883, 0.505882382392883, 0.505882382392883 );
#9625 = CARTESIAN_POINT( '', ( 3.47500000000000, -3.35000000000000, 3.69435389988899 ) );
#9626 = CARTESIAN_POINT( '', ( 3.00000000000000, -3.35000000000000, 3.69435389988899 ) );
#9627 = CARTESIAN_POINT( '', ( 4.17500000000000, -3.35000000000000, 3.69435389988899 ) );
#9628 = VECTOR( '', #12124, 1000.00000000000 );
#9629 = CARTESIAN_POINT( '', ( 3.00000000000000, -3.35000000000000, 3.34435389988899 ) );
#9630 = CARTESIAN_POINT( '', ( 3.00000000000000, -3.35000000000000, -1.00564610011101 ) );
#9631 = VECTOR( '', #12125, 1000.00000000000 );
#9632 = CARTESIAN_POINT( '', ( 3.47500000000000, -3.35000000000000, 3.34435389988899 ) );
#9633 = CARTESIAN_POINT( '', ( -3.82500000000000, -3.35000000000000, 3.34435389988899 ) );
#9634 = VECTOR( '', #12126, 1000.00000000000 );
#9635 = CARTESIAN_POINT( '', ( 3.82500000000000, -3.35000000000000, 2.99435389988899 ) );
#9636 = AXIS2_PLACEMENT_3D( '', #12127, #12128, #12129 );
#9637 = CARTESIAN_POINT( '', ( 3.82500000000000, -3.35000000000000, -0.00564610011100910 ) );
#9638 = CARTESIAN_POINT( '', ( 3.82500000000000, -3.35000000000000, 3.34435389988899 ) );
#9639 = VECTOR( '', #12130, 1000.00000000000 );
#9640 = CARTESIAN_POINT( '', ( 4.17500000000000, -3.35000000000000, -0.00564610011100910 ) );
#9641 = CARTESIAN_POINT( '', ( -3.82500000000000, -3.35000000000000, -0.00564610011100910 ) );
#9642 = VECTOR( '', #12131, 1000.00000000000 );
#9643 = CARTESIAN_POINT( '', ( 4.17500000000000, -3.35000000000000, 2.99435389988899 ) );
#9644 = CARTESIAN_POINT( '', ( 4.17500000000000, -3.35000000000000, -1.00564610011101 ) );
#9645 = VECTOR( '', #12132, 1000.00000000000 );
#9646 = AXIS2_PLACEMENT_3D( '', #12133, #12134, #12135 );
#9647 = COLOUR_RGB( '', 0.898039221763611, 0.898039221763611, 0.898039221763611 );
#9648 = CARTESIAN_POINT( '', ( 1.30000000000002, -3.45000000000000, -4.40000000000000 ) );
#9649 = CARTESIAN_POINT( '', ( 0.500000000000000, -3.45000000000000, -4.40000000000000 ) );
#9650 = CARTESIAN_POINT( '', ( 2.25000000000000, -3.45000000000000, -4.40000000000000 ) );
#9651 = VECTOR( '', #12136, 1000.00000000000 );
#9652 = CARTESIAN_POINT( '', ( 0.500000000000000, -3.95000000000000, -4.40000000000000 ) );
#9653 = CARTESIAN_POINT( '', ( 0.500000000000000, -3.95000000000000, -4.40000000000000 ) );
#9654 = VECTOR( '', #12137, 1000.00000000000 );
#9655 = CARTESIAN_POINT( '', ( 1.30000000000002, -3.95000000000000, -4.40000000000000 ) );
#9656 = CARTESIAN_POINT( '', ( 1.30000000000002, -3.95000000000000, -4.40000000000000 ) );
#9657 = VECTOR( '', #12138, 1000.00000000000 );
#9658 = CARTESIAN_POINT( '', ( 1.30000000000002, -3.95000000000000, -4.40000000000000 ) );
#9659 = VECTOR( '', #12139, 1000.00000000000 );
#9660 = COLOUR_RGB( '', 0.000000000000000, 0.000000000000000, 0.600000023841858 );
#9661 = CARTESIAN_POINT( '', ( 2.69605080756888, 3.95000000000000, 3.50000000000000 ) );
#9662 = CARTESIAN_POINT( '', ( 1.83002540378444, 3.45000000000000, 3.50000000000000 ) );
#9663 = AXIS2_PLACEMENT_3D( '', #12140, #12141, #12142 );
#9664 = CARTESIAN_POINT( '', ( 1.95105080756887, 3.95000000000000, 3.50000000000000 ) );
#9665 = CARTESIAN_POINT( '', ( 1.95105080756887, 3.95000000000000, 3.50000000000000 ) );
#9666 = VECTOR( '', #12143, 1000.00000000000 );
#9667 = CARTESIAN_POINT( '', ( 1.95105080756887, 3.45000000000000, 3.50000000000000 ) );
#9668 = VECTOR( '', #12144, 1000.00000000000 );
#9669 = CARTESIAN_POINT( '', ( -1.82997459621557, 3.45000000000000, 3.50000000000000 ) );
#9670 = VECTOR( '', #12145, 1000.00000000000 );
#9671 = COLOUR_RGB( '', 0.000000000000000, 0.000000000000000, 0.600000023841858 );
#9672 = CARTESIAN_POINT( '', ( -3.40000000000000, -3.45000000000000, 6.70000000000000 ) );
#9673 = CARTESIAN_POINT( '', ( -3.40000000000000, -3.45000000000000, 6.30000000000000 ) );
#9674 = CARTESIAN_POINT( '', ( -3.40000000000000, -3.45000000000000, 6.80000000000000 ) );
#9675 = VECTOR( '', #12146, 1000.00000000000 );
#9676 = CARTESIAN_POINT( '', ( -3.90000000000000, -3.45000000000000, 6.30000000000000 ) );
#9677 = CARTESIAN_POINT( '', ( -3.40000000000000, -3.45000000000000, 6.30000000000000 ) );
#9678 = VECTOR( '', #12147, 1000.00000000000 );
#9679 = CARTESIAN_POINT( '', ( -3.90000000000000, -3.45000000000000, 6.70000000000000 ) );
#9680 = CARTESIAN_POINT( '', ( -3.90000000000000, -3.45000000000000, 6.80000000000000 ) );
#9681 = VECTOR( '', #12148, 1000.00000000000 );
#9682 = CARTESIAN_POINT( '', ( -3.40000000000000, -3.45000000000000, 6.70000000000000 ) );
#9683 = VECTOR( '', #12149, 1000.00000000000 );
#9684 = COLOUR_RGB( '', 0.113725490868092, 0.400000005960464, 0.113725490868092 );
#9685 = CARTESIAN_POINT( '', ( -2.37500000000000, -2.85000000000000, 8.05000000000000 ) );
#9686 = CARTESIAN_POINT( '', ( -2.37500000000000, -2.85000000000000, 0.000000000000000 ) );
#9687 = CARTESIAN_POINT( '', ( -2.37500000000000, -2.85000000000000, 2.85000000000000 ) );
#9688 = VECTOR( '', #12150, 1000.00000000000 );
#9689 = CARTESIAN_POINT( '', ( -2.87500000000000, -2.35000000000000, 8.05000000000000 ) );
#9690 = AXIS2_PLACEMENT_3D( '', #12151, #12152, #12153 );
#9691 = CARTESIAN_POINT( '', ( -2.87500000000000, -2.35000000000000, 2.85000000000000 ) );
#9692 = CARTESIAN_POINT( '', ( -2.87500000000000, -2.35000000000000, 8.55000000000000 ) );
#9693 = VECTOR( '', #12154, 1000.00000000000 );
#9694 = CARTESIAN_POINT( '', ( -2.45000000000000, -2.84434299833215, 2.85000000000000 ) );
#9695 = AXIS2_PLACEMENT_3D( '', #12155, #12156, #12157 );
#9696 = CARTESIAN_POINT( '', ( -2.45000000000000, -2.84434299833215, 0.000000000000000 ) );
#9697 = CARTESIAN_POINT( '', ( -2.45000000000000, -2.84434299833215, 0.000000000000000 ) );
#9698 = VECTOR( '', #12158, 1000.00000000000 );
#9699 = AXIS2_PLACEMENT_3D( '', #12159, #12160, #12161 );
#9700 = COLOUR_RGB( '', 0.505882382392883, 0.505882382392883, 0.505882382392883 );
#9701 = CARTESIAN_POINT( '', ( 3.82500000000000, 2.00000000000000, 2.84435389988899 ) );
#9702 = CARTESIAN_POINT( '', ( 3.82500000000000, 2.00000000000000, 2.99435389988899 ) );
#9703 = CARTESIAN_POINT( '', ( 3.82500000000000, 2.00000000000000, 3.34435389988899 ) );
#9704 = VECTOR( '', #12162, 1000.00000000000 );
#9705 = CARTESIAN_POINT( '', ( 3.82500000000000, 3.35000000000000, 2.99435389988899 ) );
#9706 = CARTESIAN_POINT( '', ( 3.82500000000000, 3.35000000000000, 2.99435389988899 ) );
#9707 = VECTOR( '', #12163, 1000.00000000000 );
#9708 = CARTESIAN_POINT( '', ( 3.82500000000000, 3.35000000000000, -0.00564610011100910 ) );
#9709 = CARTESIAN_POINT( '', ( 3.82500000000000, 3.35000000000000, 3.34435389988899 ) );
#9710 = VECTOR( '', #12164, 1000.00000000000 );
#9711 = CARTESIAN_POINT( '', ( 3.82500000000000, 3.73653846153846, 1.92704620758130 ) );
#9712 = VECTOR( '', #12165, 1000.00000000000 );
#9713 = CARTESIAN_POINT( '', ( 3.82500000000000, 2.65000000000000, -0.00564610011100693 ) );
#9714 = CARTESIAN_POINT( '', ( 3.82500000000000, 1.77500000000000, 4.36935389988899 ) );
#9715 = VECTOR( '', #12166, 1000.00000000000 );
#9716 = CARTESIAN_POINT( '', ( 3.82500000000000, 2.65000000000000, 2.49435389988899 ) );
#9717 = CARTESIAN_POINT( '', ( 3.82500000000000, 2.65000000000000, 3.34435389988899 ) );
#9718 = VECTOR( '', #12167, 1000.00000000000 );
#9719 = CARTESIAN_POINT( '', ( 3.82500000000000, -2.35619266055046, 5.18999610172385 ) );
#9720 = VECTOR( '', #12168, 1000.00000000000 );
#9721 = COLOUR_RGB( '', 0.898039221763611, 0.898039221763611, 0.898039221763611 );
#9722 = CARTESIAN_POINT( '', ( -3.90000000000000, -3.45000000000000, 0.000000000000000 ) );
#9723 = CARTESIAN_POINT( '', ( -3.90000000000000, 3.95000000000000, 0.000000000000000 ) );
#9724 = VECTOR( '', #12169, 1000.00000000000 );
#9725 = CARTESIAN_POINT( '', ( -3.90000000000000, 3.45000000000000, -2.60000000000000 ) );
#9726 = CARTESIAN_POINT( '', ( -3.90000000000000, 3.45000000000000, -2.00000000000000 ) );
#9727 = VECTOR( '', #12170, 1000.00000000000 );
#9728 = CARTESIAN_POINT( '', ( -3.90000000000000, -3.45000000000000, -2.60000000000000 ) );
#9729 = CARTESIAN_POINT( '', ( -3.90000000000000, 3.95000000000000, -2.60000000000000 ) );
#9730 = VECTOR( '', #12171, 1000.00000000000 );
#9731 = CARTESIAN_POINT( '', ( -3.90000000000000, -3.45000000000000, -2.60000000000000 ) );
#9732 = VECTOR( '', #12172, 1000.00000000000 );
#9733 = CARTESIAN_POINT( '', ( -3.90000000000000, -3.45000000000000, -2.60000000000000 ) );
#9734 = VECTOR( '', #12173, 1000.00000000000 );
#9735 = COLOUR_RGB( '', 0.000000000000000, 0.000000000000000, 0.600000023841858 );
#9736 = CARTESIAN_POINT( '', ( 1.00000000000000, 1.00000000000000, 0.100000000000000 ) );
#9737 = CARTESIAN_POINT( '', ( -1.00000000000000, 1.00000000000000, 0.100000000000000 ) );
#9738 = CARTESIAN_POINT( '', ( 1.00000000000000, 1.00000000000000, 0.100000000000000 ) );
#9739 = VECTOR( '', #12174, 1000.00000000000 );
#9740 = CARTESIAN_POINT( '', ( 1.00000000000000, 1.00000000000000, 0.200000000000000 ) );
#9741 = CARTESIAN_POINT( '', ( 1.00000000000000, 1.00000000000000, 3.79470760369927E-016 ) );
#9742 = VECTOR( '', #12175, 1000.00000000000 );
#9743 = CARTESIAN_POINT( '', ( -1.00000000000000, 1.00000000000000, 0.200000000000000 ) );
#9744 = CARTESIAN_POINT( '', ( 1.00000000000000, 1.00000000000000, 0.200000000000000 ) );
#9745 = VECTOR( '', #12176, 1000.00000000000 );
#9746 = CARTESIAN_POINT( '', ( -1.00000000000000, 1.00000000000000, 2.43945488809239E-016 ) );
#9747 = VECTOR( '', #12177, 1000.00000000000 );
#9748 = COLOUR_RGB( '', 0.898039221763611, 0.898039221763611, 0.898039221763611 );
#9749 = CARTESIAN_POINT( '', ( -1.45000000000000, 3.70000000000000, -5.20000000000000 ) );
#9750 = CARTESIAN_POINT( '', ( -1.44999999999999, 3.95000000000000, -5.20000000000000 ) );
#9751 = CARTESIAN_POINT( '', ( -1.44999999999999, 3.95000000000000, -5.20000000000000 ) );
#9752 = VECTOR( '', #12178, 1000.00000000000 );
#9753 = CARTESIAN_POINT( '', ( -2.25000000000000, 3.70000000000000, -4.40000000000000 ) );
#9754 = AXIS2_PLACEMENT_3D( '', #12179, #12180, #12181 );
#9755 = CARTESIAN_POINT( '', ( -2.25000000000000, 3.95000000000000, -4.40000000000000 ) );
#9756 = CARTESIAN_POINT( '', ( -2.25000000000000, 3.45000000000000, -4.40000000000000 ) );
#9757 = VECTOR( '', #12182, 1000.00000000000 );
#9758 = AXIS2_PLACEMENT_3D( '', #12183, #12184, #12185 );
#9759 = COLOUR_RGB( '', 0.000000000000000, 0.000000000000000, 0.600000023841858 );
#9760 = CARTESIAN_POINT( '', ( -1.00000000000000, 3.00000000000000, 0.100000000000000 ) );
#9761 = CARTESIAN_POINT( '', ( -1.00000000000000, 1.00000000000000, 0.100000000000000 ) );
#9762 = VECTOR( '', #12186, 1000.00000000000 );
#9763 = CARTESIAN_POINT( '', ( -1.00000000000000, 3.00000000000000, 0.200000000000000 ) );
#9764 = CARTESIAN_POINT( '', ( -1.00000000000000, 1.00000000000000, 0.200000000000000 ) );
#9765 = VECTOR( '', #12187, 1000.00000000000 );
#9766 = CARTESIAN_POINT( '', ( -1.00000000000000, 3.00000000000000, 2.16840434497101E-016 ) );
#9767 = VECTOR( '', #12188, 1000.00000000000 );
#9768 = COLOUR_RGB( '', 0.898039221763611, 0.898039221763611, 0.898039221763611 );
#9769 = CARTESIAN_POINT( '', ( 1.40000000000002, -3.45000000000000, 0.000000000000000 ) );
#9770 = CARTESIAN_POINT( '', ( 0.399999999999984, -3.45000000000000, 0.000000000000000 ) );
#9771 = CARTESIAN_POINT( '', ( 1.40000000000002, -3.45000000000000, 0.000000000000000 ) );
#9772 = VECTOR( '', #12189, 1000.00000000000 );
#9773 = CARTESIAN_POINT( '', ( 0.459090909090900, -3.45000000000000, -2.60000000000000 ) );
#9774 = CARTESIAN_POINT( '', ( 0.500000000000000, -3.45000000000000, -4.40000000000000 ) );
#9775 = VECTOR( '', #12190, 1000.00000000000 );
#9776 = CARTESIAN_POINT( '', ( 1.34090909090911, -3.45000000000000, -2.60000000000000 ) );
#9777 = CARTESIAN_POINT( '', ( 1.40000000000002, -3.45000000000000, -2.60000000000000 ) );
#9778 = VECTOR( '', #12191, 1000.00000000000 );
#9779 = CARTESIAN_POINT( '', ( 1.40000000000002, -3.45000000000000, 2.18917664610160E-018 ) );
#9780 = VECTOR( '', #12192, 1000.00000000000 );
#9781 = COLOUR_RGB( '', 0.898039221763611, 0.898039221763611, 0.898039221763611 );
#9782 = CARTESIAN_POINT( '', ( 1.34090909090911, -3.25000000000000, -2.60000000000000 ) );
#9783 = CARTESIAN_POINT( '', ( 1.34090909090911, 3.95000000000000, -2.60000000000000 ) );
#9784 = VECTOR( '', #12193, 1000.00000000000 );
#9785 = CARTESIAN_POINT( '', ( 1.33636363636365, -3.45000000000000, -2.80000000000000 ) );
#9786 = CARTESIAN_POINT( '', ( 1.36250968241675, -2.29957397366382, -1.64957397366382 ) );
#9787 = VECTOR( '', #12194, 1000.00000000000 );
#9788 = CARTESIAN_POINT( '', ( 1.28231801755293, -3.45000000000000, -5.17800722767166 ) );
#9789 = VECTOR( '', #12195, 1000.00000000000 );
#9790 = CARTESIAN_POINT( '', ( 1.40000000000002, -3.95000000000000, 0.000000000000000 ) );
#9791 = CARTESIAN_POINT( '', ( 1.40000000000002, -3.95000000000000, 0.000000000000000 ) );
#9792 = VECTOR( '', #12196, 1000.00000000000 );
#9793 = CARTESIAN_POINT( '', ( 1.40000000000002, -3.95000000000000, 0.000000000000000 ) );
#9794 = VECTOR( '', #12197, 1000.00000000000 );
#9795 = COLOUR_RGB( '', 0.898039221763611, 0.898039221763611, 0.898039221763611 );
#9796 = CARTESIAN_POINT( '', ( -3.35000000000000, 3.45000000000000, -2.60000000000000 ) );
#9797 = CARTESIAN_POINT( '', ( -3.90000000000000, 3.45000000000000, -2.60000000000000 ) );
#9798 = VECTOR( '', #12198, 1000.00000000000 );
#9799 = CARTESIAN_POINT( '', ( -3.35000000000000, 3.45000000000000, -2.00000000000000 ) );
#9800 = CARTESIAN_POINT( '', ( -3.90000000000000, 3.45000000000000, -2.00000000000000 ) );
#9801 = VECTOR( '', #12199, 1000.00000000000 );
#9802 = CARTESIAN_POINT( '', ( -3.35000000000000, 3.45000000000000, -2.00000000000000 ) );
#9803 = VECTOR( '', #12200, 1000.00000000000 );
#9804 = COLOUR_RGB( '', 0.113725490868092, 0.400000005960464, 0.113725490868092 );
#9805 = CARTESIAN_POINT( '', ( 1.25000000000000, 1.25000000000000, 10.5500000000000 ) );
#9806 = CARTESIAN_POINT( '', ( -1.25000000000000, 1.25000000000000, 10.5500000000000 ) );
#9807 = CARTESIAN_POINT( '', ( 1.25000000000000, 1.25000000000000, 10.5500000000000 ) );
#9808 = VECTOR( '', #12201, 1000.00000000000 );
#9809 = CARTESIAN_POINT( '', ( -1.25000000000000, 1.25000000000000, 11.5500000000000 ) );
#9810 = CARTESIAN_POINT( '', ( -1.25000000000000, 1.25000000000000, 11.5500000000000 ) );
#9811 = VECTOR( '', #12202, 1000.00000000000 );
#9812 = CARTESIAN_POINT( '', ( 1.25000000000000, 1.25000000000000, 11.5500000000000 ) );
#9813 = CARTESIAN_POINT( '', ( 1.25000000000000, 1.25000000000000, 11.5500000000000 ) );
#9814 = VECTOR( '', #12203, 1000.00000000000 );
#9815 = CARTESIAN_POINT( '', ( 1.25000000000000, 1.25000000000000, 11.5500000000000 ) );
#9816 = VECTOR( '', #12204, 1000.00000000000 );
#9817 = COLOUR_RGB( '', 0.000000000000000, 0.000000000000000, 0.600000023841858 );
#9818 = CARTESIAN_POINT( '', ( 3.90000000000000, -2.00000000000000, 0.850000000000000 ) );
#9819 = CARTESIAN_POINT( '', ( 3.32500000000000, -2.00000000000000, 0.850000000000000 ) );
#9820 = CARTESIAN_POINT( '', ( 3.32500000000000, -2.00000000000000, 0.850000000000000 ) );
#9821 = VECTOR( '', #12205, 1000.00000000000 );
#9822 = CARTESIAN_POINT( '', ( 3.90000000000000, -2.00000000000000, 0.860000000000000 ) );
#9823 = CARTESIAN_POINT( '', ( 3.90000000000000, -2.00000000000000, 0.860000000000000 ) );
#9824 = VECTOR( '', #12206, 1000.00000000000 );
#9825 = CARTESIAN_POINT( '', ( 3.32500000000000, -2.00000000000000, 0.860000000000000 ) );
#9826 = CARTESIAN_POINT( '', ( 3.32500000000000, -2.00000000000000, 0.860000000000000 ) );
#9827 = VECTOR( '', #12207, 1000.00000000000 );
#9828 = CARTESIAN_POINT( '', ( 3.32500000000000, -2.00000000000000, 0.860000000000000 ) );
#9829 = VECTOR( '', #12208, 1000.00000000000 );
#9830 = COLOUR_RGB( '', 0.898039221763611, 0.898039221763611, 0.898039221763611 );
#9831 = CARTESIAN_POINT( '', ( 0.399999999999983, 3.45000000000000, 0.000000000000000 ) );
#9832 = CARTESIAN_POINT( '', ( 1.40000000000002, 3.45000000000000, 0.000000000000000 ) );
#9833 = CARTESIAN_POINT( '', ( 1.40000000000002, 3.45000000000000, 0.000000000000000 ) );
#9834 = VECTOR( '', #12209, 1000.00000000000 );
#9835 = CARTESIAN_POINT( '', ( 1.34090909090911, 3.45000000000000, -2.60000000000000 ) );
#9836 = CARTESIAN_POINT( '', ( 1.40000000000002, 3.45000000000000, 3.23998143623041E-017 ) );
#9837 = VECTOR( '', #12210, 1000.00000000000 );
#9838 = CARTESIAN_POINT( '', ( 0.459090909090899, 3.45000000000000, -2.60000000000000 ) );
#9839 = CARTESIAN_POINT( '', ( 1.40000000000002, 3.45000000000000, -2.60000000000000 ) );
#9840 = VECTOR( '', #12211, 1000.00000000000 );
#9841 = CARTESIAN_POINT( '', ( 0.500000000000000, 3.45000000000000, -4.40000000000000 ) );
#9842 = VECTOR( '', #12212, 1000.00000000000 );
#9843 = COLOUR_RGB( '', 0.898039221763611, 0.898039221763611, 0.898039221763611 );
#9844 = CARTESIAN_POINT( '', ( -2.25000000000000, 3.70000000000000, -2.60000000000000 ) );
#9845 = CARTESIAN_POINT( '', ( -2.25000000000000, 3.70000000000000, -5.20000000000000 ) );
#9846 = VECTOR( '', #12213, 1000.00000000000 );
#9847 = CARTESIAN_POINT( '', ( -2.25000000000000, 3.95000000000000, -2.60000000000000 ) );
#9848 = CARTESIAN_POINT( '', ( -2.25000000000000, 3.45000000000000, -2.60000000000000 ) );
#9849 = VECTOR( '', #12214, 1000.00000000000 );
#9850 = CARTESIAN_POINT( '', ( -2.25000000000000, 3.95000000000000, -5.20000000000000 ) );
#9851 = VECTOR( '', #12215, 1000.00000000000 );
#9852 = COLOUR_RGB( '', 0.113725490868092, 0.400000005960464, 0.113725490868092 );
#9853 = CARTESIAN_POINT( '', ( -3.07500000000000, -3.22500000000000, 2.85000000000000 ) );
#9854 = CARTESIAN_POINT( '', ( -3.07500000000000, -3.22500000000000, 0.250000000000000 ) );
#9855 = CARTESIAN_POINT( '', ( -3.07500000000000, -3.22500000000000, 8.55000000000000 ) );
#9856 = VECTOR( '', #12216, 1000.00000000000 );
#9857 = CARTESIAN_POINT( '', ( -2.45000000000000, -3.22500000000000, 0.250000000000000 ) );
#9858 = CARTESIAN_POINT( '', ( -2.45000000000000, -3.22500000000000, 0.250000000000000 ) );
#9859 = VECTOR( '', #12217, 1000.00000000000 );
#9860 = CARTESIAN_POINT( '', ( -2.45000000000000, -3.22500000000000, 2.85000000000000 ) );
#9861 = CARTESIAN_POINT( '', ( -2.45000000000000, -3.22500000000000, 0.000000000000000 ) );
#9862 = VECTOR( '', #12218, 1000.00000000000 );
#9863 = CARTESIAN_POINT( '', ( -3.07500000000000, -3.22500000000000, 2.85000000000000 ) );
#9864 = VECTOR( '', #12219, 1000.00000000000 );
#9865 = COLOUR_RGB( '', 0.505882382392883, 0.505882382392883, 0.505882382392883 );
#9866 = CARTESIAN_POINT( '', ( 3.00000000000000, 2.00000000000000, 3.69435389988899 ) );
#9867 = CARTESIAN_POINT( '', ( 3.47500000000000, 2.00000000000000, 3.69435389988899 ) );
#9868 = CARTESIAN_POINT( '', ( 4.08121778264911, 2.00000000000000, 3.69435389988899 ) );
#9869 = VECTOR( '', #12220, 1000.00000000000 );
#9870 = CARTESIAN_POINT( '', ( 3.00000000000000, 2.00000000000000, 3.34435389988899 ) );
#9871 = CARTESIAN_POINT( '', ( 3.00000000000000, 2.00000000000000, 3.34435389988899 ) );
#9872 = VECTOR( '', #12221, 1000.00000000000 );
#9873 = CARTESIAN_POINT( '', ( 3.47500000000000, 2.00000000000000, 3.34435389988899 ) );
#9874 = CARTESIAN_POINT( '', ( 4.08121778264911, 2.00000000000000, 3.34435389988899 ) );
#9875 = VECTOR( '', #12222, 1000.00000000000 );
#9876 = AXIS2_PLACEMENT_3D( '', #12223, #12224, #12225 );
#9877 = CARTESIAN_POINT( '', ( 4.17500000000000, 2.00000000000000, 2.84435389988899 ) );
#9878 = CARTESIAN_POINT( '', ( 5.00000000000000, 2.00000000000000, 2.84435389988899 ) );
#9879 = VECTOR( '', #12226, 1000.00000000000 );
#9880 = CARTESIAN_POINT( '', ( 4.17500000000000, 2.00000000000000, 2.99435389988899 ) );
#9881 = CARTESIAN_POINT( '', ( 4.17500000000000, 2.00000000000000, -1.00564610011101 ) );
#9882 = VECTOR( '', #12227, 1000.00000000000 );
#9883 = AXIS2_PLACEMENT_3D( '', #12228, #12229, #12230 );
#9884 = COLOUR_RGB( '', 0.505882382392883, 0.505882382392883, 0.505882382392883 );
#9885 = CARTESIAN_POINT( '', ( 3.47500000000000, -2.00000000000000, 3.34435389988899 ) );
#9886 = CARTESIAN_POINT( '', ( 3.47500000000000, -3.35000000000000, 3.34435389988899 ) );
#9887 = VECTOR( '', #12231, 1000.00000000000 );
#9888 = CARTESIAN_POINT( '', ( 3.82500000000000, -2.00000000000000, 2.99435389988899 ) );
#9889 = AXIS2_PLACEMENT_3D( '', #12232, #12233, #12234 );
#9890 = CARTESIAN_POINT( '', ( 3.82500000000000, -2.00000000000000, 2.99435389988899 ) );
#9891 = VECTOR( '', #12235, 1000.00000000000 );
#9892 = COLOUR_RGB( '', 0.898039221763611, 0.898039221763611, 0.898039221763611 );
#9893 = CARTESIAN_POINT( '', ( 3.30000000000000, 3.45000000000000, -2.60000000000000 ) );
#9894 = CARTESIAN_POINT( '', ( 3.90000000000000, 3.45000000000000, -2.60000000000000 ) );
#9895 = CARTESIAN_POINT( '', ( 3.30000000000000, 3.45000000000000, -2.60000000000000 ) );
#9896 = VECTOR( '', #12236, 1000.00000000000 );
#9897 = CARTESIAN_POINT( '', ( 3.30000000000000, 3.45000000000000, -2.00000000000000 ) );
#9898 = CARTESIAN_POINT( '', ( 3.30000000000000, 3.45000000000000, -2.00000000000000 ) );
#9899 = VECTOR( '', #12237, 1000.00000000000 );
#9900 = CARTESIAN_POINT( '', ( 3.90000000000000, 3.45000000000000, -2.00000000000000 ) );
#9901 = CARTESIAN_POINT( '', ( 3.30000000000000, 3.45000000000000, -2.00000000000000 ) );
#9902 = VECTOR( '', #12238, 1000.00000000000 );
#9903 = CARTESIAN_POINT( '', ( 3.90000000000000, 3.45000000000000, -2.60000000000000 ) );
#9904 = VECTOR( '', #12239, 1000.00000000000 );
#9905 = COLOUR_RGB( '', 0.505882382392883, 0.505882382392883, 0.505882382392883 );
#9906 = CARTESIAN_POINT( '', ( -4.17500000000000, 2.65000000000000, -0.00564610011100693 ) );
#9907 = CARTESIAN_POINT( '', ( -3.82500000000000, 2.65000000000000, -0.00564610011100563 ) );
#9908 = CARTESIAN_POINT( '', ( -14.1750000000000, 2.65000000000000, -0.00564610011100693 ) );
#9909 = VECTOR( '', #12240, 1000.00000000000 );
#9910 = CARTESIAN_POINT( '', ( -3.82500000000000, 2.65000000000000, 2.49435389988899 ) );
#9911 = CARTESIAN_POINT( '', ( -3.82500000000000, 2.65000000000000, -1.00564610011101 ) );
#9912 = VECTOR( '', #12241, 1000.00000000000 );
#9913 = CARTESIAN_POINT( '', ( -4.17500000000000, 2.65000000000000, 2.49435389988899 ) );
#9914 = CARTESIAN_POINT( '', ( 5.00000000000000, 2.65000000000000, 2.49435389988899 ) );
#9915 = VECTOR( '', #12242, 1000.00000000000 );
#9916 = CARTESIAN_POINT( '', ( -4.17500000000000, 2.65000000000000, 3.69435389988899 ) );
#9917 = VECTOR( '', #12243, 1000.00000000000 );
#9918 = COLOUR_RGB( '', 0.000000000000000, 0.000000000000000, 0.600000023841858 );
#9919 = CARTESIAN_POINT( '', ( 1.65105080756888, -3.45000000000000, 0.850000000000000 ) );
#9920 = CARTESIAN_POINT( '', ( -1.65100000000000, -3.45000000000000, 0.850000000000000 ) );
#9921 = CARTESIAN_POINT( '', ( -1.82997459621556, -3.45000000000000, 0.850000000000000 ) );
#9922 = VECTOR( '', #12244, 1000.00000000000 );
#9923 = CARTESIAN_POINT( '', ( -1.95100000000000, -3.75000000000000, 0.850000000000000 ) );
#9924 = AXIS2_PLACEMENT_3D( '', #12245, #12246, #12247 );
#9925 = CARTESIAN_POINT( '', ( -1.95100000000000, -3.95000000000000, 0.850000000000000 ) );
#9926 = CARTESIAN_POINT( '', ( -1.95100000000000, -3.45000000000000, 0.850000000000000 ) );
#9927 = VECTOR( '', #12248, 1000.00000000000 );
#9928 = CARTESIAN_POINT( '', ( -2.86559035507596, -3.95000000000000, 0.850000000000000 ) );
#9929 = CARTESIAN_POINT( '', ( -2.86559035507596, -3.95000000000000, 0.850000000000000 ) );
#9930 = VECTOR( '', #12249, 1000.00000000000 );
#9931 = CARTESIAN_POINT( '', ( -1.82997459621556, -3.30000000000000, 0.850000000000000 ) );
#9932 = AXIS2_PLACEMENT_3D( '', #12250, #12251, #12252 );
#9933 = CARTESIAN_POINT( '', ( 1.83002540378444, -3.30000000000000, 0.850000000000000 ) );
#9934 = CARTESIAN_POINT( '', ( -1.82997459621556, -3.30000000000000, 0.850000000000000 ) );
#9935 = VECTOR( '', #12253, 1000.00000000000 );
#9936 = CARTESIAN_POINT( '', ( 2.86564116264484, -3.95000000000000, 0.850000000000000 ) );
#9937 = AXIS2_PLACEMENT_3D( '', #12254, #12255, #12256 );
#9938 = CARTESIAN_POINT( '', ( 1.95105080756888, -3.95000000000000, 0.850000000000000 ) );
#9939 = CARTESIAN_POINT( '', ( 2.69605080756887, -3.95000000000000, 0.850000000000000 ) );
#9940 = VECTOR( '', #12257, 1000.00000000000 );
#9941 = CARTESIAN_POINT( '', ( 1.95105080756888, -3.75000000000000, 0.850000000000000 ) );
#9942 = CARTESIAN_POINT( '', ( 1.95105080756888, -3.45000000000000, 0.850000000000000 ) );
#9943 = VECTOR( '', #12258, 1000.00000000000 );
#9944 = AXIS2_PLACEMENT_3D( '', #12259, #12260, #12261 );
#9945 = COLOUR_RGB( '', 0.000000000000000, 0.000000000000000, 0.600000023841858 );
#9946 = CARTESIAN_POINT( '', ( 3.90000000000000, 2.00000000000000, 0.850000000000000 ) );
#9947 = CARTESIAN_POINT( '', ( 3.32500000000000, 2.00000000000000, 0.850000000000000 ) );
#9948 = CARTESIAN_POINT( '', ( 3.90000000000000, 2.00000000000000, 0.850000000000000 ) );
#9949 = VECTOR( '', #12262, 1000.00000000000 );
#9950 = CARTESIAN_POINT( '', ( 3.90000000000000, 3.95000000000000, 0.850000000000000 ) );
#9951 = VECTOR( '', #12263, 1000.00000000000 );
#9952 = CARTESIAN_POINT( '', ( 3.32500000000000, 3.95000000000000, 0.850000000000000 ) );
#9953 = VECTOR( '', #12264, 1000.00000000000 );
#9954 = COLOUR_RGB( '', 0.113725490868092, 0.400000005960464, 0.113725490868092 );
#9955 = CARTESIAN_POINT( '', ( -1.14999999999999, 1.14999999999999, 14.0500000000000 ) );
#9956 = CARTESIAN_POINT( '', ( -1.65000000000000, 1.65000000000000, 13.5500000000000 ) );
#9957 = CARTESIAN_POINT( '', ( -1.31666666666665, 1.31666666666665, 13.8833333333333 ) );
#9958 = VECTOR( '', #12265, 1000.00000000000 );
#9959 = CARTESIAN_POINT( '', ( -1.65000000000000, -1.65000000000000, 13.5500000000000 ) );
#9960 = CARTESIAN_POINT( '', ( -1.65000000000000, 1.65000000000000, 13.5500000000000 ) );
#9961 = VECTOR( '', #12266, 1000.00000000000 );
#9962 = CARTESIAN_POINT( '', ( -1.14999999999999, -1.15000000000001, 14.0500000000000 ) );
#9963 = CARTESIAN_POINT( '', ( -1.31666666666665, -1.31666666666668, 13.8833333333333 ) );
#9964 = VECTOR( '', #12267, 1000.00000000000 );
#9965 = CARTESIAN_POINT( '', ( -1.14999999999999, 1.65000000000000, 14.0500000000000 ) );
#9966 = VECTOR( '', #12268, 1000.00000000000 );
#9967 = COLOUR_RGB( '', 0.505882382392883, 0.505882382392883, 0.505882382392883 );
#9968 = CARTESIAN_POINT( '', ( -4.17500000000000, -3.35000000000000, 2.99435389988899 ) );
#9969 = CARTESIAN_POINT( '', ( -4.17500000000000, -3.35000000000000, -0.00564610011100910 ) );
#9970 = CARTESIAN_POINT( '', ( -4.17500000000000, -3.35000000000000, 3.69435389988899 ) );
#9971 = VECTOR( '', #12269, 1000.00000000000 );
#9972 = CARTESIAN_POINT( '', ( -4.17500000000000, -2.00000000000000, 2.99435389988899 ) );
#9973 = CARTESIAN_POINT( '', ( -4.17500000000000, -3.35000000000000, 2.99435389988899 ) );
#9974 = VECTOR( '', #12270, 1000.00000000000 );
#9975 = CARTESIAN_POINT( '', ( -4.17500000000000, -2.00000000000000, 2.84435389988899 ) );
#9976 = CARTESIAN_POINT( '', ( -4.17500000000000, -2.00000000000000, 3.69435389988899 ) );
#9977 = VECTOR( '', #12271, 1000.00000000000 );
#9978 = CARTESIAN_POINT( '', ( -4.17500000000000, -2.65000000000000, 2.49435389988899 ) );
#9979 = CARTESIAN_POINT( '', ( -4.17500000000000, -2.69174311926606, 2.47187683566881 ) );
#9980 = VECTOR( '', #12272, 1000.00000000000 );
#9981 = CARTESIAN_POINT( '', ( -4.17500000000000, -2.65000000000000, -0.00564610011100910 ) );
#9982 = CARTESIAN_POINT( '', ( -4.17500000000000, -2.65000000000000, 3.69435389988899 ) );
#9983 = VECTOR( '', #12273, 1000.00000000000 );
#9984 = CARTESIAN_POINT( '', ( -4.17500000000000, -1.96538461538461, 3.41743082296591 ) );
#9985 = VECTOR( '', #12274, 1000.00000000000 );
#9986 = CARTESIAN_POINT( '', ( -4.17500000000000, -4.06153846153846, 3.55204620758130 ) );
#9987 = VECTOR( '', #12275, 1000.00000000000 );
#9988 = COLOUR_RGB( '', 0.000000000000000, 0.000000000000000, 0.600000023841858 );
#9989 = CARTESIAN_POINT( '', ( 1.17500000000000, -3.95000000000000, 5.50000000000000 ) );
#9990 = CARTESIAN_POINT( '', ( 0.625000000000000, -3.95000000000000, 5.50000000000000 ) );
#9991 = CARTESIAN_POINT( '', ( 1.27500000000000, -3.95000000000000, 5.50000000000000 ) );
#9992 = VECTOR( '', #12276, 1000.00000000000 );
#9993 = CARTESIAN_POINT( '', ( 1.27500000000000, -3.85000000000000, 5.60000000000000 ) );
#9994 = CARTESIAN_POINT( '', ( 0.908333333333335, -4.21666666666667, 5.23333333333333 ) );
#9995 = VECTOR( '', #12277, 1000.00000000000 );
#9996 = CARTESIAN_POINT( '', ( 1.27500000000000, -3.45000000000000, 6.00000000000000 ) );
#9997 = CARTESIAN_POINT( '', ( 1.27500000000000, -3.95000000000000, 5.50000000000000 ) );
#9998 = VECTOR( '', #12278, 1000.00000000000 );
#9999 = CARTESIAN_POINT( '', ( 0.525000000000000, -3.45000000000000, 6.00000000000000 ) );
#10000 = CARTESIAN_POINT( '', ( 1.27500000000000, -3.45000000000000, 6.00000000000000 ) );
#10001 = VECTOR( '', #12279, 1000.00000000000 );
#10002 = CARTESIAN_POINT( '', ( 0.525000000000000, -3.85000000000000, 5.60000000000000 ) );
#10003 = CARTESIAN_POINT( '', ( 0.525000000000000, -4.45000000000000, 5.00000000000000 ) );
#10004 = VECTOR( '', #12280, 1000.00000000000 );
#10005 = CARTESIAN_POINT( '', ( 0.958333333333335, -4.28333333333334, 5.16666666666666 ) );
#10006 = VECTOR( '', #12281, 1000.00000000000 );
#10007 = COLOUR_RGB( '', 0.000000000000000, 0.000000000000000, 0.600000023841858 );
#10008 = CARTESIAN_POINT( '', ( -0.525000000000000, -3.45000000000000, 4.50000000000000 ) );
#10009 = CARTESIAN_POINT( '', ( -0.525000000000000, -3.85000000000000, 4.50000000000000 ) );
#10010 = CARTESIAN_POINT( '', ( -0.525000000000000, -3.45000000000000, 4.50000000000000 ) );
#10011 = VECTOR( '', #12282, 1000.00000000000 );
#10012 = CARTESIAN_POINT( '', ( -0.525000000000000, -3.45000000000000, 6.00000000000000 ) );
#10013 = CARTESIAN_POINT( '', ( -0.525000000000000, -3.45000000000000, 4.50000000000000 ) );
#10014 = VECTOR( '', #12283, 1000.00000000000 );
#10015 = CARTESIAN_POINT( '', ( -0.525000000000000, -3.85000000000000, 5.60000000000000 ) );
#10016 = CARTESIAN_POINT( '', ( -0.525000000000000, -4.20000000000000, 5.25000000000000 ) );
#10017 = VECTOR( '', #12284, 1000.00000000000 );
#10018 = CARTESIAN_POINT( '', ( -0.525000000000000, -3.85000000000000, 4.50000000000000 ) );
#10019 = VECTOR( '', #12285, 1000.00000000000 );
#10020 = COLOUR_RGB( '', 0.000000000000000, 0.000000000000000, 0.600000023841858 );
#10021 = CARTESIAN_POINT( '', ( 1.00000000000000, 3.00000000000000, 0.100000000000000 ) );
#10022 = CARTESIAN_POINT( '', ( -1.00000000000000, 3.00000000000000, 0.100000000000000 ) );
#10023 = VECTOR( '', #12286, 1000.00000000000 );
#10024 = CARTESIAN_POINT( '', ( 1.00000000000000, 3.00000000000000, 0.200000000000000 ) );
#10025 = CARTESIAN_POINT( '', ( -1.00000000000000, 3.00000000000000, 0.200000000000000 ) );
#10026 = VECTOR( '', #12287, 1000.00000000000 );
#10027 = CARTESIAN_POINT( '', ( 1.00000000000000, 3.00000000000000, 3.52365706057789E-016 ) );
#10028 = VECTOR( '', #12288, 1000.00000000000 );
#10029 = COLOUR_RGB( '', 0.000000000000000, 0.000000000000000, 0.600000023841858 );
#10030 = CARTESIAN_POINT( '', ( -3.32500000000000, -3.35000000000000, 0.850000000000000 ) );
#10031 = CARTESIAN_POINT( '', ( -3.32500000000000, -2.00000000000000, 0.850000000000000 ) );
#10032 = CARTESIAN_POINT( '', ( -3.32500000000000, -2.00000000000000, 0.850000000000000 ) );
#10033 = VECTOR( '', #12289, 1000.00000000000 );
#10034 = CARTESIAN_POINT( '', ( -3.32500000000000, -3.35000000000000, 0.860000000000000 ) );
#10035 = CARTESIAN_POINT( '', ( -3.32500000000000, -3.35000000000000, 0.860000000000000 ) );
#10036 = VECTOR( '', #12290, 1000.00000000000 );
#10037 = CARTESIAN_POINT( '', ( -3.32500000000000, -2.00000000000000, 0.860000000000000 ) );
#10038 = CARTESIAN_POINT( '', ( -3.32500000000000, -2.00000000000000, 0.860000000000000 ) );
#10039 = VECTOR( '', #12291, 1000.00000000000 );
#10040 = CARTESIAN_POINT( '', ( -3.32500000000000, -2.00000000000000, 0.860000000000000 ) );
#10041 = VECTOR( '', #12292, 1000.00000000000 );
#10042 = COLOUR_RGB( '', 0.000000000000000, 0.000000000000000, 0.600000023841858 );
#10043 = CARTESIAN_POINT( '', ( 1.83002540378444, 3.45000000000000, 6.30000000000000 ) );
#10044 = CARTESIAN_POINT( '', ( 1.83002540378444, 3.45000000000000, 0.000000000000000 ) );
#10045 = VECTOR( '', #12293, 1000.00000000000 );
#10046 = CARTESIAN_POINT( '', ( 2.69605080756888, 3.95000000000000, 6.30000000000000 ) );
#10047 = AXIS2_PLACEMENT_3D( '', #12294, #12295, #12296 );
#10048 = CARTESIAN_POINT( '', ( 2.69605080756888, 3.95000000000000, 0.000000000000000 ) );
#10049 = VECTOR( '', #12297, 1000.00000000000 );
#10050 = COLOUR_RGB( '', 0.898039221763611, 0.898039221763611, 0.898039221763611 );
#10051 = CARTESIAN_POINT( '', ( 0.459090909090899, 3.25000000000000, -2.60000000000000 ) );
#10052 = CARTESIAN_POINT( '', ( 0.459090909090899, 3.95000000000000, -2.60000000000000 ) );
#10053 = VECTOR( '', #12298, 1000.00000000000 );
#10054 = CARTESIAN_POINT( '', ( 0.463636363636354, 3.45000000000000, -2.80000000000000 ) );
#10055 = CARTESIAN_POINT( '', ( 0.397753679318340, 0.551161890007750, 0.0988381099922492 ) );
#10056 = VECTOR( '', #12299, 1000.00000000000 );
#10057 = CARTESIAN_POINT( '', ( 0.500000000000000, 3.45000000000000, -4.40000000000000 ) );
#10058 = CARTESIAN_POINT( '', ( 0.519075890552398, 3.45000000000000, -5.23933918430563 ) );
#10059 = VECTOR( '', #12300, 1000.00000000000 );
#10060 = CARTESIAN_POINT( '', ( 0.500000000000000, 3.95000000000000, -4.40000000000000 ) );
#10061 = CARTESIAN_POINT( '', ( 0.500000000000000, -3.95000000000000, -4.40000000000000 ) );
#10062 = VECTOR( '', #12301, 1000.00000000000 );
#10063 = CARTESIAN_POINT( '', ( 0.399999999999982, 3.95000000000000, 0.000000000000000 ) );
#10064 = CARTESIAN_POINT( '', ( 0.500000000000000, 3.95000000000000, -4.40000000000000 ) );
#10065 = VECTOR( '', #12302, 1000.00000000000 );
#10066 = CARTESIAN_POINT( '', ( 0.399999999999984, -3.95000000000000, 0.000000000000000 ) );
#10067 = VECTOR( '', #12303, 1000.00000000000 );
#10068 = COLOUR_RGB( '', 0.898039221763611, 0.898039221763611, 0.898039221763611 );
#10069 = CARTESIAN_POINT( '', ( -1.80000000000000, 3.25000000000000, -2.60000000000000 ) );
#10070 = CARTESIAN_POINT( '', ( -2.25000000000000, 3.70000000000000, -2.60000000000000 ) );
#10071 = VECTOR( '', #12304, 1000.00000000000 );
#10072 = CARTESIAN_POINT( '', ( -2.00000000000000, 3.45000000000000, -4.40000000000000 ) );
#10073 = CARTESIAN_POINT( '', ( -2.00000000000000, 3.45000000000000, -4.40000000000000 ) );
#10074 = VECTOR( '', #12305, 1000.00000000000 );
#10075 = CARTESIAN_POINT( '', ( -2.00000000000000, 3.45000000000000, -2.80000000000000 ) );
#10076 = CARTESIAN_POINT( '', ( -2.00000000000000, 3.45000000000000, -5.20000000000000 ) );
#10077 = VECTOR( '', #12306, 1000.00000000000 );
#10078 = CARTESIAN_POINT( '', ( -0.583333333333322, 2.03333333333334, -1.38333333333333 ) );
#10079 = VECTOR( '', #12307, 1000.00000000000 );
#10080 = COLOUR_RGB( '', 0.113725490868092, 0.400000005960464, 0.113725490868092 );
#10081 = CARTESIAN_POINT( '', ( 0.750000000000019, 1.14999999999998, 14.0500000000000 ) );
#10082 = CARTESIAN_POINT( '', ( 0.750000000000019, 1.34999999999998, 13.8500000000000 ) );
#10083 = CARTESIAN_POINT( '', ( 0.750000000000019, 1.14999999999999, 14.0500000000000 ) );
#10084 = VECTOR( '', #12308, 1000.00000000000 );
#10085 = CARTESIAN_POINT( '', ( 0.750000000000019, -1.35000000000000, 13.8500000000000 ) );
#10086 = CARTESIAN_POINT( '', ( 0.750000000000019, -1.65000000000000, 13.8500000000000 ) );
#10087 = VECTOR( '', #12309, 1000.00000000000 );
#10088 = CARTESIAN_POINT( '', ( 0.750000000000019, -1.15000000000000, 14.0500000000000 ) );
#10089 = CARTESIAN_POINT( '', ( 0.750000000000019, -1.15000000000001, 14.0500000000000 ) );
#10090 = VECTOR( '', #12310, 1000.00000000000 );
#10091 = CARTESIAN_POINT( '', ( 0.750000000000019, -1.65000000000000, 14.0500000000000 ) );
#10092 = VECTOR( '', #12311, 1000.00000000000 );
#10093 = COLOUR_RGB( '', 0.113725490868092, 0.400000005960464, 0.113725490868092 );
#10094 = CARTESIAN_POINT( '', ( -2.45000000000000, 2.97500000000000, -5.42101086242752E-017 ) );
#10095 = CARTESIAN_POINT( '', ( -2.45000000000000, 2.84434299833211, 0.000000000000000 ) );
#10096 = CARTESIAN_POINT( '', ( -2.45000000000000, 3.22500000000000, 0.000000000000000 ) );
#10097 = VECTOR( '', #12312, 1000.00000000000 );
#10098 = CARTESIAN_POINT( '', ( -2.45000000000000, 3.22500000000000, 0.250000000000000 ) );
#10099 = CARTESIAN_POINT( '', ( -2.45000000000000, 3.22500000000000, 0.249999999999994 ) );
#10100 = VECTOR( '', #12313, 1000.00000000000 );
#10101 = CARTESIAN_POINT( '', ( -2.45000000000000, 3.22500000000000, 2.85000000000000 ) );
#10102 = CARTESIAN_POINT( '', ( -2.45000000000000, 3.22500000000000, 0.000000000000000 ) );
#10103 = VECTOR( '', #12314, 1000.00000000000 );
#10104 = CARTESIAN_POINT( '', ( -2.45000000000000, 2.84434299833211, 2.85000000000000 ) );
#10105 = CARTESIAN_POINT( '', ( -2.45000000000000, 3.22500000000000, 2.85000000000000 ) );
#10106 = VECTOR( '', #12315, 1000.00000000000 );
#10107 = CARTESIAN_POINT( '', ( -2.45000000000000, 2.84434299833211, 2.85000000000000 ) );
#10108 = VECTOR( '', #12316, 1000.00000000000 );
#10109 = COLOUR_RGB( '', 0.000000000000000, 0.000000000000000, 0.600000023841858 );
#10110 = CARTESIAN_POINT( '', ( -1.27500000000000, 3.85000000000000, 5.60000000000000 ) );
#10111 = CARTESIAN_POINT( '', ( -1.27500000000000, 3.85000000000000, 4.50000000000000 ) );
#10112 = VECTOR( '', #12317, 1000.00000000000 );
#10113 = CARTESIAN_POINT( '', ( -1.17500000000000, 3.95000000000000, 5.50000000000000 ) );
#10114 = CARTESIAN_POINT( '', ( -0.841666666666666, 4.28333333333334, 5.16666666666666 ) );
#10115 = VECTOR( '', #12318, 1000.00000000000 );
#10116 = CARTESIAN_POINT( '', ( -1.17500000000000, 3.95000000000000, 4.50000000000000 ) );
#10117 = VECTOR( '', #12319, 1000.00000000000 );
#10118 = COLOUR_RGB( '', 0.898039221763611, 0.898039221763611, 0.898039221763611 );
#10119 = CARTESIAN_POINT( '', ( -2.95000000000000, -1.75000000000000, 0.000000000000000 ) );
#10120 = CARTESIAN_POINT( '', ( -2.95000000000000, 1.75000000000000, 0.000000000000000 ) );
#10121 = CARTESIAN_POINT( '', ( -2.95000000000000, -1.75000000000000, 0.000000000000000 ) );
#10122 = VECTOR( '', #12320, 1000.00000000000 );
#10123 = CARTESIAN_POINT( '', ( -2.95000000000000, -1.75000000000000, -2.60000000000000 ) );
#10124 = CARTESIAN_POINT( '', ( -2.95000000000000, -1.75000000000000, -2.60000000000000 ) );
#10125 = VECTOR( '', #12321, 1000.00000000000 );
#10126 = CARTESIAN_POINT( '', ( -2.95000000000000, 1.75000000000000, -2.60000000000000 ) );
#10127 = CARTESIAN_POINT( '', ( -2.95000000000000, -1.75000000000000, -2.60000000000000 ) );
#10128 = VECTOR( '', #12322, 1000.00000000000 );
#10129 = CARTESIAN_POINT( '', ( -2.95000000000000, 1.75000000000000, -2.60000000000000 ) );
#10130 = VECTOR( '', #12323, 1000.00000000000 );
#10131 = COLOUR_RGB( '', 0.898039221763611, 0.898039221763611, 0.898039221763611 );
#10132 = CARTESIAN_POINT( '', ( 2.25000000000000, -3.70000000000000, -4.40000000000000 ) );
#10133 = CARTESIAN_POINT( '', ( 2.00000000000000, -3.45000000000000, -4.40000000000000 ) );
#10134 = CARTESIAN_POINT( '', ( 2.25000000000000, -3.70000000000000, -4.40000000000000 ) );
#10135 = VECTOR( '', #12324, 1000.00000000000 );
#10136 = CARTESIAN_POINT( '', ( 2.00000000000000, -3.45000000000000, -2.80000000000000 ) );
#10137 = CARTESIAN_POINT( '', ( 2.00000000000000, -3.45000000000000, -5.20000000000000 ) );
#10138 = VECTOR( '', #12325, 1000.00000000000 );
#10139 = CARTESIAN_POINT( '', ( 1.80000000000000, -3.25000000000000, -2.60000000000000 ) );
#10140 = CARTESIAN_POINT( '', ( -0.0999999999999972, -1.35000000000000, -0.700000000000000 ) );
#10141 = VECTOR( '', #12326, 1000.00000000000 );
#10142 = CARTESIAN_POINT( '', ( 2.25000000000000, -3.70000000000000, -2.60000000000000 ) );
#10143 = CARTESIAN_POINT( '', ( 2.25000000000000, -3.70000000000000, -2.60000000000000 ) );
#10144 = VECTOR( '', #12327, 1000.00000000000 );
#10145 = CARTESIAN_POINT( '', ( 2.25000000000000, -3.70000000000000, -5.20000000000000 ) );
#10146 = VECTOR( '', #12328, 1000.00000000000 );
#10147 = COLOUR_RGB( '', 0.505882382392883, 0.505882382392883, 0.505882382392883 );
#10148 = CARTESIAN_POINT( '', ( -3.00000000000000, 2.00000000000000, 3.34435389988899 ) );
#10149 = CARTESIAN_POINT( '', ( 4.08121778264911, 2.00000000000000, 3.34435389988899 ) );
#10150 = VECTOR( '', #12329, 1000.00000000000 );
#10151 = CARTESIAN_POINT( '', ( -3.00000000000000, 2.00000000000000, 3.69435389988899 ) );
#10152 = CARTESIAN_POINT( '', ( -3.00000000000000, 2.00000000000000, 3.34435389988899 ) );
#10153 = VECTOR( '', #12330, 1000.00000000000 );
#10154 = CARTESIAN_POINT( '', ( -3.47500000000000, 2.00000000000000, 3.69435389988899 ) );
#10155 = CARTESIAN_POINT( '', ( 4.08121778264911, 2.00000000000000, 3.69435389988899 ) );
#10156 = VECTOR( '', #12331, 1000.00000000000 );
#10157 = CARTESIAN_POINT( '', ( -4.17500000000000, 2.00000000000000, 2.99435389988899 ) );
#10158 = AXIS2_PLACEMENT_3D( '', #12332, #12333, #12334 );
#10159 = CARTESIAN_POINT( '', ( -4.17500000000000, 2.00000000000000, 2.84435389988899 ) );
#10160 = CARTESIAN_POINT( '', ( -4.17500000000000, 2.00000000000000, 3.69435389988899 ) );
#10161 = VECTOR( '', #12335, 1000.00000000000 );
#10162 = CARTESIAN_POINT( '', ( -3.82500000000000, 2.00000000000000, 2.84435389988899 ) );
#10163 = CARTESIAN_POINT( '', ( 5.00000000000000, 2.00000000000000, 2.84435389988899 ) );
#10164 = VECTOR( '', #12336, 1000.00000000000 );
#10165 = CARTESIAN_POINT( '', ( -3.82500000000000, 2.00000000000000, -1.00564610011101 ) );
#10166 = VECTOR( '', #12337, 1000.00000000000 );
#10167 = COLOUR_RGB( '', 0.000000000000000, 0.000000000000000, 0.600000023841858 );
#10168 = CARTESIAN_POINT( '', ( -2.90000000000000, -2.50000000000000, 9.93851991445046E-017 ) );
#10169 = AXIS2_PLACEMENT_3D( '', #12338, #12339, #12340 );
#10170 = COLOUR_RGB( '', 0.505882382392883, 0.505882382392883, 0.505882382392883 );
#10171 = CARTESIAN_POINT( '', ( 4.17500000000000, -2.00000000000000, 2.84435389988899 ) );
#10172 = CARTESIAN_POINT( '', ( 3.82500000000000, -2.00000000000000, 2.84435389988899 ) );
#10173 = CARTESIAN_POINT( '', ( 5.00000000000000, -2.00000000000000, 2.84435389988899 ) );
#10174 = VECTOR( '', #12341, 1000.00000000000 );
#10175 = CARTESIAN_POINT( '', ( 4.17500000000000, -2.65000000000000, 2.49435389988899 ) );
#10176 = CARTESIAN_POINT( '', ( 4.17500000000000, -4.65366972477064, 1.41545481732018 ) );
#10177 = VECTOR( '', #12342, 1000.00000000000 );
#10178 = CARTESIAN_POINT( '', ( 3.82500000000000, -2.65000000000000, 2.49435389988899 ) );
#10179 = CARTESIAN_POINT( '', ( 5.00000000000000, -2.65000000000000, 2.49435389988899 ) );
#10180 = VECTOR( '', #12343, 1000.00000000000 );
#10181 = CARTESIAN_POINT( '', ( 3.82500000000000, -2.83784403669725, 2.39320711089816 ) );
#10182 = VECTOR( '', #12344, 1000.00000000000 );
#10183 = COLOUR_RGB( '', 0.000000000000000, 0.000000000000000, 0.600000023841858 );
#10184 = CARTESIAN_POINT( '', ( 0.376050807568874, -3.45000000000000, 2.20000000000000 ) );
#10185 = CARTESIAN_POINT( '', ( 0.376050807568874, -3.45000000000000, 3.50000000000000 ) );
#10186 = CARTESIAN_POINT( '', ( 0.376050807568874, -3.45000000000000, 2.20000000000000 ) );
#10187 = VECTOR( '', #12345, 1000.00000000000 );
#10188 = CARTESIAN_POINT( '', ( -0.273949192431126, -3.45000000000000, 2.20000000000000 ) );
#10189 = CARTESIAN_POINT( '', ( -0.273949192431126, -3.45000000000000, 2.20000000000000 ) );
#10190 = VECTOR( '', #12346, 1000.00000000000 );
#10191 = CARTESIAN_POINT( '', ( -0.273949192431126, -3.45000000000000, 3.50000000000000 ) );
#10192 = CARTESIAN_POINT( '', ( -0.273949192431126, -3.45000000000000, 3.50000000000000 ) );
#10193 = VECTOR( '', #12347, 1000.00000000000 );
#10194 = CARTESIAN_POINT( '', ( 0.376050807568874, -3.45000000000000, 3.50000000000000 ) );
#10195 = VECTOR( '', #12348, 1000.00000000000 );
#10196 = CARTESIAN_POINT( '', ( 1.27500000000000, -3.45000000000000, 4.50000000000000 ) );
#10197 = CARTESIAN_POINT( '', ( 1.27500000000000, -3.45000000000000, 4.50000000000000 ) );
#10198 = VECTOR( '', #12349, 1000.00000000000 );
#10199 = CARTESIAN_POINT( '', ( 0.525000000000000, -3.45000000000000, 4.50000000000000 ) );
#10200 = CARTESIAN_POINT( '', ( 0.525000000000000, -3.45000000000000, 4.50000000000000 ) );
#10201 = VECTOR( '', #12350, 1000.00000000000 );
#10202 = CARTESIAN_POINT( '', ( 0.525000000000000, -3.45000000000000, 4.50000000000000 ) );
#10203 = VECTOR( '', #12351, 1000.00000000000 );
#10204 = CARTESIAN_POINT( '', ( -1.27500000000000, -3.45000000000000, 4.50000000000000 ) );
#10205 = CARTESIAN_POINT( '', ( -1.27500000000000, -3.45000000000000, 4.50000000000000 ) );
#10206 = VECTOR( '', #12352, 1000.00000000000 );
#10207 = CARTESIAN_POINT( '', ( -1.27500000000000, -3.45000000000000, 6.00000000000000 ) );
#10208 = CARTESIAN_POINT( '', ( -1.27500000000000, -3.45000000000000, 4.50000000000000 ) );
#10209 = VECTOR( '', #12353, 1000.00000000000 );
#10210 = CARTESIAN_POINT( '', ( 1.27500000000000, -3.45000000000000, 6.00000000000000 ) );
#10211 = VECTOR( '', #12354, 1000.00000000000 );
#10212 = CARTESIAN_POINT( '', ( -1.82997459621556, -3.45000000000000, 3.50000000000000 ) );
#10213 = CARTESIAN_POINT( '', ( -1.65100000000000, -3.45000000000000, 3.50000000000000 ) );
#10214 = CARTESIAN_POINT( '', ( -1.82997459621557, -3.45000000000000, 3.50000000000000 ) );
#10215 = VECTOR( '', #12355, 1000.00000000000 );
#10216 = CARTESIAN_POINT( '', ( -1.65100000000000, -3.45000000000000, 1.46448789461608E-017 ) );
#10217 = VECTOR( '', #12356, 1000.00000000000 );
#10218 = CARTESIAN_POINT( '', ( 1.65105080756888, -3.45000000000000, 3.50000000000000 ) );
#10219 = CARTESIAN_POINT( '', ( 1.65105080756888, -3.45000000000000, 0.000000000000000 ) );
#10220 = VECTOR( '', #12357, 1000.00000000000 );
#10221 = CARTESIAN_POINT( '', ( 1.83002540378444, -3.45000000000000, 3.50000000000000 ) );
#10222 = CARTESIAN_POINT( '', ( -1.82997459621557, -3.45000000000000, 3.50000000000000 ) );
#10223 = VECTOR( '', #12358, 1000.00000000000 );
#10224 = CARTESIAN_POINT( '', ( 1.83002540378444, -3.45000000000000, 6.30000000000000 ) );
#10225 = CARTESIAN_POINT( '', ( 1.83002540378444, -3.45000000000000, 0.000000000000000 ) );
#10226 = VECTOR( '', #12359, 1000.00000000000 );
#10227 = CARTESIAN_POINT( '', ( -1.82997459621556, -3.45000000000000, 6.30000000000000 ) );
#10228 = CARTESIAN_POINT( '', ( -1.82997459621556, -3.45000000000000, 6.30000000000000 ) );
#10229 = VECTOR( '', #12360, 1000.00000000000 );
#10230 = CARTESIAN_POINT( '', ( -1.82997459621556, -3.45000000000000, 0.000000000000000 ) );
#10231 = VECTOR( '', #12361, 1000.00000000000 );
#10232 = COLOUR_RGB( '', 0.505882382392883, 0.505882382392883, 0.505882382392883 );
#10233 = CARTESIAN_POINT( '', ( -3.47500000000000, 3.35000000000000, 3.69435389988899 ) );
#10234 = CARTESIAN_POINT( '', ( -3.47500000000000, -3.35000000000000, 3.69435389988899 ) );
#10235 = VECTOR( '', #12362, 1000.00000000000 );
#10236 = CARTESIAN_POINT( '', ( -4.17500000000000, 3.35000000000000, 2.99435389988899 ) );
#10237 = AXIS2_PLACEMENT_3D( '', #12363, #12364, #12365 );
#10238 = CARTESIAN_POINT( '', ( -4.17500000000000, -3.35000000000000, 2.99435389988899 ) );
#10239 = VECTOR( '', #12366, 1000.00000000000 );
#10240 = COLOUR_RGB( '', 0.000000000000000, 0.000000000000000, 0.600000023841858 );
#10241 = CARTESIAN_POINT( '', ( 3.90000000000000, -3.45000000000000, 6.70000000000000 ) );
#10242 = CARTESIAN_POINT( '', ( 3.40000000000000, -3.45000000000000, 6.70000000000000 ) );
#10243 = CARTESIAN_POINT( '', ( 3.40000000000000, -3.45000000000000, 6.70000000000000 ) );
#10244 = VECTOR( '', #12367, 1000.00000000000 );
#10245 = CARTESIAN_POINT( '', ( 3.50000000000000, -3.55000000000000, 6.80000000000000 ) );
#10246 = CARTESIAN_POINT( '', ( 3.56666666666667, -3.61666666666667, 6.86666666666667 ) );
#10247 = VECTOR( '', #12368, 1000.00000000000 );
#10248 = CARTESIAN_POINT( '', ( 3.88989794855664, -3.55000000000000, 6.80000000000000 ) );
#10249 = CARTESIAN_POINT( '', ( 3.90000000000000, -3.55000000000000, 6.80000000000000 ) );
#10250 = VECTOR( '', #12369, 1000.00000000000 );
#10251 = AXIS2_PLACEMENT_3D( '', #12370, #12371, #12372 );
#10252 = COLOUR_RGB( '', 0.000000000000000, 0.000000000000000, 0.600000023841858 );
#10253 = CARTESIAN_POINT( '', ( 1.17500000000000, -3.95000000000000, 4.50000000000000 ) );
#10254 = CARTESIAN_POINT( '', ( 1.27500000000000, -3.85000000000000, 4.50000000000000 ) );
#10255 = CARTESIAN_POINT( '', ( 1.27500000000000, -3.85000000000000, 4.50000000000000 ) );
#10256 = VECTOR( '', #12373, 1000.00000000000 );
#10257 = CARTESIAN_POINT( '', ( 1.27500000000000, -3.85000000000000, 4.50000000000000 ) );
#10258 = VECTOR( '', #12374, 1000.00000000000 );
#10259 = CARTESIAN_POINT( '', ( 1.17500000000000, -3.95000000000000, 4.50000000000000 ) );
#10260 = VECTOR( '', #12375, 1000.00000000000 );
#10261 = COLOUR_RGB( '', 0.000000000000000, 0.000000000000000, 0.600000023841858 );
#10262 = CARTESIAN_POINT( '', ( -1.82997459621556, -3.30000000000000, 0.200000000000000 ) );
#10263 = CARTESIAN_POINT( '', ( 1.83002540378444, -3.30000000000000, 0.200000000000000 ) );
#10264 = CARTESIAN_POINT( '', ( -1.82997459621556, -3.30000000000000, 0.200000000000000 ) );
#10265 = VECTOR( '', #12376, 1000.00000000000 );
#10266 = CARTESIAN_POINT( '', ( 1.83002540378444, -3.30000000000000, 0.850000000000000 ) );
#10267 = VECTOR( '', #12377, 1000.00000000000 );
#10268 = CARTESIAN_POINT( '', ( -1.82997459621556, -3.30000000000000, 0.850000000000000 ) );
#10269 = VECTOR( '', #12378, 1000.00000000000 );
#10270 = COLOUR_RGB( '', 0.113725490868092, 0.400000005960464, 0.113725490868092 );
#10271 = CARTESIAN_POINT( '', ( 3.07500000000000, -3.22500000000000, 2.85000000000000 ) );
#10272 = CARTESIAN_POINT( '', ( 3.07500000000000, -3.22500000000000, 0.250000000000000 ) );
#10273 = CARTESIAN_POINT( '', ( 3.07500000000000, -3.22500000000000, 8.55000000000000 ) );
#10274 = VECTOR( '', #12379, 1000.00000000000 );
#10275 = CARTESIAN_POINT( '', ( 3.07500000000000, 3.22500000000000, 0.250000000000000 ) );
#10276 = CARTESIAN_POINT( '', ( 3.07500000000000, 2.97500000000000, 0.250000000000000 ) );
#10277 = VECTOR( '', #12380, 1000.00000000000 );
#10278 = CARTESIAN_POINT( '', ( 3.07500000000000, 3.22500000000000, 2.85000000000000 ) );
#10279 = CARTESIAN_POINT( '', ( 3.07500000000000, 3.22500000000000, 8.55000000000000 ) );
#10280 = VECTOR( '', #12381, 1000.00000000000 );
#10281 = CARTESIAN_POINT( '', ( 3.07500000000000, -3.22500000000000, 2.85000000000000 ) );
#10282 = VECTOR( '', #12382, 1000.00000000000 );
#10283 = COLOUR_RGB( '', 0.113725490868092, 0.400000005960464, 0.113725490868092 );
#10284 = CARTESIAN_POINT( '', ( 2.87500000000000, 2.35000000000000, 8.05000000000000 ) );
#10285 = AXIS2_PLACEMENT_3D( '', #12383, #12384, #12385 );
#10286 = CARTESIAN_POINT( '', ( 2.87500000000000, 2.35000000000000, 2.85000000000000 ) );
#10287 = CARTESIAN_POINT( '', ( 2.87500000000000, 2.35000000000000, 2.85000000000000 ) );
#10288 = VECTOR( '', #12386, 1000.00000000000 );
#10289 = CARTESIAN_POINT( '', ( 2.45000000000000, 2.84434299833211, 2.85000000000000 ) );
#10290 = AXIS2_PLACEMENT_3D( '', #12387, #12388, #12389 );
#10291 = CARTESIAN_POINT( '', ( 2.45000000000000, 2.84434299833211, 0.000000000000000 ) );
#10292 = CARTESIAN_POINT( '', ( 2.45000000000000, 2.84434299833211, 0.000000000000000 ) );
#10293 = VECTOR( '', #12390, 1000.00000000000 );
#10294 = AXIS2_PLACEMENT_3D( '', #12391, #12392, #12393 );
#10295 = COLOUR_RGB( '', 0.898039221763611, 0.898039221763611, 0.898039221763611 );
#10296 = CARTESIAN_POINT( '', ( -0.463636363636373, 3.45000000000000, -2.80000000000000 ) );
#10297 = CARTESIAN_POINT( '', ( -0.500000000000000, 3.45000000000000, -4.40000000000000 ) );
#10298 = CARTESIAN_POINT( '', ( -0.516752710376875, 3.45000000000000, -5.13711925658235 ) );
#10299 = VECTOR( '', #12394, 1000.00000000000 );
#10300 = CARTESIAN_POINT( '', ( -0.459090909090919, 3.25000000000000, -2.60000000000000 ) );
#10301 = CARTESIAN_POINT( '', ( -0.347740769429407, -1.64940614510715, 2.29940614510715 ) );
#10302 = VECTOR( '', #12395, 1000.00000000000 );
#10303 = CARTESIAN_POINT( '', ( -0.459090909090920, 3.45000000000000, -2.60000000000000 ) );
#10304 = CARTESIAN_POINT( '', ( -0.459090909090919, 3.95000000000000, -2.60000000000000 ) );
#10305 = VECTOR( '', #12396, 1000.00000000000 );
#10306 = CARTESIAN_POINT( '', ( -0.400000000000018, 3.45000000000000, 0.000000000000000 ) );
#10307 = CARTESIAN_POINT( '', ( -0.400000000000018, 3.45000000000000, 3.23998143623000E-017 ) );
#10308 = VECTOR( '', #12397, 1000.00000000000 );
#10309 = CARTESIAN_POINT( '', ( -0.400000000000018, 3.95000000000000, 0.000000000000000 ) );
#10310 = CARTESIAN_POINT( '', ( -0.400000000000017, -3.95000000000000, 0.000000000000000 ) );
#10311 = VECTOR( '', #12398, 1000.00000000000 );
#10312 = CARTESIAN_POINT( '', ( -0.500000000000000, 3.95000000000000, -4.40000000000000 ) );
#10313 = CARTESIAN_POINT( '', ( -0.400000000000018, 3.95000000000000, 0.000000000000000 ) );
#10314 = VECTOR( '', #12399, 1000.00000000000 );
#10315 = CARTESIAN_POINT( '', ( -0.500000000000000, -3.95000000000000, -4.40000000000000 ) );
#10316 = VECTOR( '', #12400, 1000.00000000000 );
#10317 = COLOUR_RGB( '', 0.505882382392883, 0.505882382392883, 0.505882382392883 );
#10318 = CARTESIAN_POINT( '', ( 3.47500000000000, 3.35000000000000, 3.69435389988899 ) );
#10319 = CARTESIAN_POINT( '', ( 3.47500000000000, -3.35000000000000, 3.69435389988899 ) );
#10320 = VECTOR( '', #12401, 1000.00000000000 );
#10321 = CARTESIAN_POINT( '', ( 4.17500000000000, 3.35000000000000, 2.99435389988899 ) );
#10322 = CARTESIAN_POINT( '', ( 4.17500000000000, -3.35000000000000, 2.99435389988899 ) );
#10323 = VECTOR( '', #12402, 1000.00000000000 );
#10324 = AXIS2_PLACEMENT_3D( '', #12403, #12404, #12405 );
#10325 = COLOUR_RGB( '', 0.898039221763611, 0.898039221763611, 0.898039221763611 );
#10326 = CARTESIAN_POINT( '', ( -3.90000000000000, 3.25000000000000, -2.60000000000000 ) );
#10327 = VECTOR( '', #12406, 1000.00000000000 );
#10328 = CARTESIAN_POINT( '', ( 2.25000000000000, 3.45000000000000, -2.80000000000000 ) );
#10329 = VECTOR( '', #12407, 1000.00000000000 );
#10330 = COLOUR_RGB( '', 0.898039221763611, 0.898039221763611, 0.898039221763611 );
#10331 = CARTESIAN_POINT( '', ( 2.95000000000000, -1.75000000000000, 0.000000000000000 ) );
#10332 = CARTESIAN_POINT( '', ( 2.90000000000000, -1.75000000000000, 0.000000000000000 ) );
#10333 = VECTOR( '', #12408, 1000.00000000000 );
#10334 = CARTESIAN_POINT( '', ( 2.95000000000000, -1.75000000000000, -2.60000000000000 ) );
#10335 = CARTESIAN_POINT( '', ( 2.95000000000000, -1.75000000000000, -2.60000000000000 ) );
#10336 = VECTOR( '', #12409, 1000.00000000000 );
#10337 = CARTESIAN_POINT( '', ( 2.90000000000000, -1.75000000000000, -2.60000000000000 ) );
#10338 = VECTOR( '', #12410, 1000.00000000000 );
#10339 = COLOUR_RGB( '', 0.000000000000000, 0.000000000000000, 0.600000023841858 );
#10340 = CARTESIAN_POINT( '', ( -3.00000000000000, 3.95000000000000, 0.200000000000000 ) );
#10341 = CARTESIAN_POINT( '', ( -3.00000000000000, -3.95000000000000, 0.200000000000000 ) );
#10342 = CARTESIAN_POINT( '', ( -3.00000000000000, 3.95000000000000, 0.200000000000000 ) );
#10343 = VECTOR( '', #12411, 1000.00000000000 );
#10344 = CARTESIAN_POINT( '', ( -3.32500000000000, -3.95000000000000, 0.850000000000000 ) );
#10345 = CARTESIAN_POINT( '', ( -3.32500000000000, -3.95000000000000, 0.850000000000000 ) );
#10346 = VECTOR( '', #12412, 1000.00000000000 );
#10347 = CARTESIAN_POINT( '', ( -3.32500000000000, 3.95000000000000, 0.850000000000000 ) );
#10348 = VECTOR( '', #12413, 1000.00000000000 );
#10349 = CARTESIAN_POINT( '', ( -3.32500000000000, 2.00000000000000, 0.850000000000000 ) );
#10350 = CARTESIAN_POINT( '', ( -3.32500000000000, 3.95000000000000, 0.850000000000000 ) );
#10351 = VECTOR( '', #12414, 1000.00000000000 );
#10352 = CARTESIAN_POINT( '', ( -3.32500000000000, 3.35000000000000, 0.850000000000000 ) );
#10353 = CARTESIAN_POINT( '', ( -3.32500000000000, 3.35000000000000, 0.850000000000000 ) );
#10354 = VECTOR( '', #12415, 1000.00000000000 );
#10355 = CARTESIAN_POINT( '', ( -3.32500000000000, 3.95000000000000, 0.850000000000000 ) );
#10356 = CARTESIAN_POINT( '', ( -3.32500000000000, 3.95000000000000, 0.850000000000000 ) );
#10357 = VECTOR( '', #12416, 1000.00000000000 );
#10358 = CARTESIAN_POINT( '', ( -3.32500000000000, 3.95000000000000, 0.850000000000000 ) );
#10359 = VECTOR( '', #12417, 1000.00000000000 );
#10360 = COLOUR_RGB( '', 0.000000000000000, 0.000000000000000, 0.600000023841858 );
#10361 = CARTESIAN_POINT( '', ( -1.27500000000000, -3.85000000000000, 4.50000000000000 ) );
#10362 = CARTESIAN_POINT( '', ( -1.17500000000000, -3.95000000000000, 4.50000000000000 ) );
#10363 = CARTESIAN_POINT( '', ( -1.17500000000000, -3.95000000000000, 4.50000000000000 ) );
#10364 = VECTOR( '', #12418, 1000.00000000000 );
#10365 = CARTESIAN_POINT( '', ( -1.17500000000000, -3.95000000000000, 5.50000000000000 ) );
#10366 = CARTESIAN_POINT( '', ( -1.17500000000000, -3.95000000000000, 4.50000000000000 ) );
#10367 = VECTOR( '', #12419, 1000.00000000000 );
#10368 = CARTESIAN_POINT( '', ( -1.27500000000000, -3.85000000000000, 5.60000000000000 ) );
#10369 = CARTESIAN_POINT( '', ( -0.841666666666665, -4.28333333333334, 5.16666666666666 ) );
#10370 = VECTOR( '', #12420, 1000.00000000000 );
#10371 = CARTESIAN_POINT( '', ( -1.27500000000000, -3.85000000000000, 4.50000000000000 ) );
#10372 = VECTOR( '', #12421, 1000.00000000000 );
#10373 = COLOUR_RGB( '', 0.000000000000000, 0.000000000000000, 0.600000023841858 );
#10374 = CARTESIAN_POINT( '', ( 3.40000000000000, 3.45000000000000, 6.70000000000000 ) );
#10375 = CARTESIAN_POINT( '', ( 3.40000000000000, 3.45000000000000, 6.30000000000000 ) );
#10376 = CARTESIAN_POINT( '', ( 3.40000000000000, 3.45000000000000, 6.80000000000000 ) );
#10377 = VECTOR( '', #12422, 1000.00000000000 );
#10378 = CARTESIAN_POINT( '', ( 3.40000000000000, 3.95000000000000, 6.70000000000000 ) );
#10379 = CARTESIAN_POINT( '', ( 3.40000000000000, 3.95000000000000, 6.70000000000000 ) );
#10380 = VECTOR( '', #12423, 1000.00000000000 );
#10381 = CARTESIAN_POINT( '', ( 3.40000000000000, 3.95000000000000, 6.30000000000000 ) );
#10382 = CARTESIAN_POINT( '', ( 3.40000000000000, 3.95000000000000, 6.80000000000000 ) );
#10383 = VECTOR( '', #12424, 1000.00000000000 );
#10384 = CARTESIAN_POINT( '', ( 3.40000000000000, 3.95000000000000, 6.30000000000000 ) );
#10385 = VECTOR( '', #12425, 1000.00000000000 );
#10386 = COLOUR_RGB( '', 0.113725490868092, 0.400000005960464, 0.113725490868092 );
#10387 = CARTESIAN_POINT( '', ( -2.87500000000000, 2.35000000000000, 8.05000000000000 ) );
#10388 = AXIS2_PLACEMENT_3D( '', #12426, #12427, #12428 );
#10389 = AXIS2_PLACEMENT_3D( '', #12429, #12430, #12431 );
#10390 = COLOUR_RGB( '', 0.000000000000000, 0.000000000000000, 0.600000023841858 );
#10391 = CARTESIAN_POINT( '', ( -1.82997459621557, 3.45000000000000, 3.50000000000000 ) );
#10392 = CARTESIAN_POINT( '', ( -2.69600000000000, 3.95000000000000, 3.50000000000000 ) );
#10393 = AXIS2_PLACEMENT_3D( '', #12432, #12433, #12434 );
#10394 = CARTESIAN_POINT( '', ( -1.65100000000000, 3.45000000000000, 3.50000000000000 ) );
#10395 = CARTESIAN_POINT( '', ( -1.82997459621557, 3.45000000000000, 3.50000000000000 ) );
#10396 = VECTOR( '', #12435, 1000.00000000000 );
#10397 = CARTESIAN_POINT( '', ( -1.95100000000000, 3.75000000000000, 3.50000000000000 ) );
#10398 = AXIS2_PLACEMENT_3D( '', #12436, #12437, #12438 );
#10399 = CARTESIAN_POINT( '', ( -1.95100000000000, 3.95000000000000, 3.50000000000000 ) );
#10400 = CARTESIAN_POINT( '', ( -1.95100000000000, 3.45000000000000, 3.50000000000000 ) );
#10401 = VECTOR( '', #12439, 1000.00000000000 );
#10402 = CARTESIAN_POINT( '', ( -2.69600000000000, 3.95000000000000, 3.50000000000000 ) );
#10403 = VECTOR( '', #12440, 1000.00000000000 );
#10404 = COLOUR_RGB( '', 0.113725490868092, 0.400000005960464, 0.113725490868092 );
#10405 = CARTESIAN_POINT( '', ( -1.65000000000000, 1.65000000000000, 10.5500000000000 ) );
#10406 = CARTESIAN_POINT( '', ( 1.65000000000000, 1.65000000000000, 10.5500000000000 ) );
#10407 = CARTESIAN_POINT( '', ( -1.65000000000000, 1.65000000000000, 10.5500000000000 ) );
#10408 = VECTOR( '', #12441, 1000.00000000000 );
#10409 = CARTESIAN_POINT( '', ( 1.65000000000000, 1.65000000000000, 8.55000000000000 ) );
#10410 = CARTESIAN_POINT( '', ( 1.65000000000000, 1.65000000000000, 14.0500000000000 ) );
#10411 = VECTOR( '', #12442, 1000.00000000000 );
#10412 = CARTESIAN_POINT( '', ( -1.65000000000000, 1.65000000000000, 8.55000000000000 ) );
#10413 = CARTESIAN_POINT( '', ( 1.65000000000000, 1.65000000000000, 8.55000000000000 ) );
#10414 = VECTOR( '', #12443, 1000.00000000000 );
#10415 = CARTESIAN_POINT( '', ( -1.65000000000000, 1.65000000000000, 14.0500000000000 ) );
#10416 = VECTOR( '', #12444, 1000.00000000000 );
#10417 = COLOUR_RGB( '', 0.505882382392883, 0.505882382392883, 0.505882382392883 );
#10418 = CARTESIAN_POINT( '', ( 4.17500000000000, -3.15000000000000, -1.00564610011101 ) );
#10419 = CARTESIAN_POINT( '', ( 4.17500000000000, -2.85000000000000, -1.00564610011101 ) );
#10420 = CARTESIAN_POINT( '', ( 4.17500000000000, -3.35000000000000, -1.00564610011101 ) );
#10421 = VECTOR( '', #12445, 1000.00000000000 );
#10422 = CARTESIAN_POINT( '', ( 3.82500000000000, -3.15000000000000, -1.00564610011101 ) );
#10423 = CARTESIAN_POINT( '', ( -14.1750000000000, -3.15000000000000, -1.00564610011101 ) );
#10424 = VECTOR( '', #12446, 1000.00000000000 );
#10425 = CARTESIAN_POINT( '', ( 3.82500000000000, -2.85000000000000, -1.00564610011101 ) );
#10426 = CARTESIAN_POINT( '', ( 3.82500000000000, -3.35000000000000, -1.00564610011101 ) );
#10427 = VECTOR( '', #12447, 1000.00000000000 );
#10428 = CARTESIAN_POINT( '', ( -14.1750000000000, -2.85000000000000, -1.00564610011101 ) );
#10429 = VECTOR( '', #12448, 1000.00000000000 );
#10430 = COLOUR_RGB( '', 0.000000000000000, 0.000000000000000, 0.600000023841858 );
#10431 = CARTESIAN_POINT( '', ( 0.371050807568870, 3.95000000000000, 3.50000000000000 ) );
#10432 = CARTESIAN_POINT( '', ( 0.371050807568870, 3.95000000000000, 2.65000000000000 ) );
#10433 = CARTESIAN_POINT( '', ( 0.371050807568870, 3.95000000000000, 3.50000000000000 ) );
#10434 = VECTOR( '', #12449, 1000.00000000000 );
#10435 = CARTESIAN_POINT( '', ( -0.278949192431130, 3.95000000000000, 2.65000000000000 ) );
#10436 = CARTESIAN_POINT( '', ( -0.278949192431130, 3.95000000000000, 2.65000000000000 ) );
#10437 = VECTOR( '', #12450, 1000.00000000000 );
#10438 = CARTESIAN_POINT( '', ( -0.278949192431130, 3.95000000000000, 3.50000000000000 ) );
#10439 = CARTESIAN_POINT( '', ( -0.278949192431130, 3.95000000000000, 2.20000000000000 ) );
#10440 = VECTOR( '', #12451, 1000.00000000000 );
#10441 = CARTESIAN_POINT( '', ( -0.278949192431130, 3.95000000000000, 3.50000000000000 ) );
#10442 = VECTOR( '', #12452, 1000.00000000000 );
#10443 = COLOUR_RGB( '', 0.505882382392883, 0.505882382392883, 0.505882382392883 );
#10444 = CARTESIAN_POINT( '', ( -3.00000000000000, -2.00000000000000, 3.69435389988899 ) );
#10445 = CARTESIAN_POINT( '', ( -3.47500000000000, -2.00000000000000, 3.69435389988899 ) );
#10446 = CARTESIAN_POINT( '', ( 4.08121778264911, -2.00000000000000, 3.69435389988899 ) );
#10447 = VECTOR( '', #12453, 1000.00000000000 );
#10448 = CARTESIAN_POINT( '', ( -3.00000000000000, -2.00000000000000, 3.34435389988899 ) );
#10449 = CARTESIAN_POINT( '', ( -3.00000000000000, -2.00000000000000, 2.84435389988899 ) );
#10450 = VECTOR( '', #12454, 1000.00000000000 );
#10451 = CARTESIAN_POINT( '', ( -3.47500000000000, -2.00000000000000, 3.34435389988899 ) );
#10452 = CARTESIAN_POINT( '', ( 4.08121778264911, -2.00000000000000, 3.34435389988899 ) );
#10453 = VECTOR( '', #12455, 1000.00000000000 );
#10454 = CARTESIAN_POINT( '', ( -3.82500000000000, -2.00000000000000, 2.99435389988899 ) );
#10455 = AXIS2_PLACEMENT_3D( '', #12456, #12457, #12458 );
#10456 = CARTESIAN_POINT( '', ( -3.82500000000000, -2.00000000000000, 2.84435389988899 ) );
#10457 = CARTESIAN_POINT( '', ( -3.82500000000000, -2.00000000000000, -1.00564610011101 ) );
#10458 = VECTOR( '', #12459, 1000.00000000000 );
#10459 = CARTESIAN_POINT( '', ( 5.00000000000000, -2.00000000000000, 2.84435389988899 ) );
#10460 = VECTOR( '', #12460, 1000.00000000000 );
#10461 = AXIS2_PLACEMENT_3D( '', #12461, #12462, #12463 );
#10462 = COLOUR_RGB( '', 0.505882382392883, 0.505882382392883, 0.505882382392883 );
#10463 = CARTESIAN_POINT( '', ( 3.82500000000000, -2.00000000000000, 3.34435389988899 ) );
#10464 = VECTOR( '', #12464, 1000.00000000000 );
#10465 = CARTESIAN_POINT( '', ( 3.82500000000000, -2.65000000000000, -0.00564610011100910 ) );
#10466 = CARTESIAN_POINT( '', ( 3.82500000000000, -2.65000000000000, 3.34435389988899 ) );
#10467 = VECTOR( '', #12465, 1000.00000000000 );
#10468 = CARTESIAN_POINT( '', ( 3.82500000000000, -2.03269230769231, 3.08089236142745 ) );
#10469 = VECTOR( '', #12466, 1000.00000000000 );
#10470 = CARTESIAN_POINT( '', ( 3.82500000000000, -3.99423076923077, 3.21550774604284 ) );
#10471 = VECTOR( '', #12467, 1000.00000000000 );
#10472 = COLOUR_RGB( '', 0.505882382392883, 0.505882382392883, 0.505882382392883 );
#10473 = CARTESIAN_POINT( '', ( -4.17500000000000, 3.35000000000000, -0.00564610011100910 ) );
#10474 = CARTESIAN_POINT( '', ( -4.17500000000000, 3.35000000000000, 3.69435389988899 ) );
#10475 = VECTOR( '', #12468, 1000.00000000000 );
#10476 = CARTESIAN_POINT( '', ( -4.17500000000000, 3.15000000000000, -1.00564610011101 ) );
#10477 = CARTESIAN_POINT( '', ( -4.17500000000000, 3.80384615384616, 2.26358466911976 ) );
#10478 = VECTOR( '', #12469, 1000.00000000000 );
#10479 = CARTESIAN_POINT( '', ( -4.17500000000000, 2.85000000000000, -1.00564610011101 ) );
#10480 = CARTESIAN_POINT( '', ( -4.17500000000000, -3.35000000000000, -1.00564610011101 ) );
#10481 = VECTOR( '', #12470, 1000.00000000000 );
#10482 = CARTESIAN_POINT( '', ( -4.17500000000000, 1.70769230769231, 4.70589236142745 ) );
#10483 = VECTOR( '', #12471, 1000.00000000000 );
#10484 = CARTESIAN_POINT( '', ( -4.17500000000000, -2.50229357798165, 5.26866582649450 ) );
#10485 = VECTOR( '', #12472, 1000.00000000000 );
#10486 = COLOUR_RGB( '', 0.113725490868092, 0.400000005960464, 0.113725490868092 );
#10487 = CARTESIAN_POINT( '', ( -3.07500000000000, 3.22500000000000, 0.250000000000000 ) );
#10488 = CARTESIAN_POINT( '', ( -3.07500000000000, 3.22500000000000, 0.250000000000000 ) );
#10489 = VECTOR( '', #12473, 1000.00000000000 );
#10490 = CARTESIAN_POINT( '', ( -3.07500000000000, 3.22500000000000, 2.85000000000000 ) );
#10491 = CARTESIAN_POINT( '', ( -3.07500000000000, 3.22500000000000, 8.55000000000000 ) );
#10492 = VECTOR( '', #12474, 1000.00000000000 );
#10493 = CARTESIAN_POINT( '', ( -2.45000000000000, 3.22500000000000, 2.85000000000000 ) );
#10494 = VECTOR( '', #12475, 1000.00000000000 );
#10495 = COLOUR_RGB( '', 0.898039221763611, 0.898039221763611, 0.898039221763611 );
#10496 = CARTESIAN_POINT( '', ( -2.90000000000000, -1.75000000000000, 0.000000000000000 ) );
#10497 = CARTESIAN_POINT( '', ( -2.90000000000000, -1.75000000000000, 0.000000000000000 ) );
#10498 = VECTOR( '', #12476, 1000.00000000000 );
#10499 = CARTESIAN_POINT( '', ( -2.90000000000000, -1.75000000000000, -2.60000000000000 ) );
#10500 = CARTESIAN_POINT( '', ( -2.90000000000000, -1.75000000000000, -2.60000000000000 ) );
#10501 = VECTOR( '', #12477, 1000.00000000000 );
#10502 = CARTESIAN_POINT( '', ( -2.90000000000000, -1.75000000000000, -2.60000000000000 ) );
#10503 = VECTOR( '', #12478, 1000.00000000000 );
#10504 = COLOUR_RGB( '', 0.000000000000000, 0.000000000000000, 0.600000023841858 );
#10505 = CARTESIAN_POINT( '', ( -2.69600000000000, -3.95000000000000, 3.50000000000000 ) );
#10506 = AXIS2_PLACEMENT_3D( '', #12479, #12480, #12481 );
#10507 = CARTESIAN_POINT( '', ( -2.69600000000000, -3.95000000000000, 6.30000000000000 ) );
#10508 = AXIS2_PLACEMENT_3D( '', #12482, #12483, #12484 );
#10509 = CARTESIAN_POINT( '', ( -2.69600000000000, -3.95000000000000, 0.000000000000000 ) );
#10510 = VECTOR( '', #12485, 1000.00000000000 );
#10511 = COLOUR_RGB( '', 0.000000000000000, 0.000000000000000, 0.600000023841858 );
#10512 = CARTESIAN_POINT( '', ( -1.82997459621557, 3.45000000000000, 6.30000000000000 ) );
#10513 = CARTESIAN_POINT( '', ( -1.82997459621557, 3.45000000000000, 6.30000000000000 ) );
#10514 = VECTOR( '', #12486, 1000.00000000000 );
#10515 = CARTESIAN_POINT( '', ( -2.69600000000000, 3.95000000000000, 6.30000000000000 ) );
#10516 = AXIS2_PLACEMENT_3D( '', #12487, #12488, #12489 );
#10517 = CARTESIAN_POINT( '', ( 3.90000000000000, 3.95000000000000, 6.30000000000000 ) );
#10518 = VECTOR( '', #12490, 1000.00000000000 );
#10519 = CARTESIAN_POINT( '', ( -3.40000000000000, 3.45000000000000, 6.30000000000000 ) );
#10520 = CARTESIAN_POINT( '', ( -3.40000000000000, 3.95000000000000, 6.30000000000000 ) );
#10521 = VECTOR( '', #12491, 1000.00000000000 );
#10522 = CARTESIAN_POINT( '', ( -3.40000000000000, 3.45000000000000, 6.30000000000000 ) );
#10523 = VECTOR( '', #12492, 1000.00000000000 );
#10524 = CARTESIAN_POINT( '', ( -3.90000000000000, 3.95000000000000, 6.30000000000000 ) );
#10525 = VECTOR( '', #12493, 1000.00000000000 );
#10526 = CARTESIAN_POINT( '', ( -3.40000000000000, -3.95000000000000, 6.30000000000000 ) );
#10527 = CARTESIAN_POINT( '', ( -3.40000000000000, -3.95000000000000, 6.30000000000000 ) );
#10528 = VECTOR( '', #12494, 1000.00000000000 );
#10529 = CARTESIAN_POINT( '', ( 3.90000000000000, -3.95000000000000, 6.30000000000000 ) );
#10530 = VECTOR( '', #12495, 1000.00000000000 );
#10531 = CARTESIAN_POINT( '', ( 2.69605080756888, -3.95000000000000, 6.30000000000000 ) );
#10532 = AXIS2_PLACEMENT_3D( '', #12496, #12497, #12498 );
#10533 = CARTESIAN_POINT( '', ( 3.40000000000000, -3.95000000000000, 6.30000000000000 ) );
#10534 = CARTESIAN_POINT( '', ( 3.90000000000000, -3.95000000000000, 6.30000000000000 ) );
#10535 = VECTOR( '', #12499, 1000.00000000000 );
#10536 = CARTESIAN_POINT( '', ( 3.40000000000000, -3.45000000000000, 6.30000000000000 ) );
#10537 = CARTESIAN_POINT( '', ( 3.40000000000000, -3.95000000000000, 6.30000000000000 ) );
#10538 = VECTOR( '', #12500, 1000.00000000000 );
#10539 = CARTESIAN_POINT( '', ( 3.90000000000000, -3.45000000000000, 6.30000000000000 ) );
#10540 = CARTESIAN_POINT( '', ( 3.90000000000000, -3.45000000000000, 6.30000000000000 ) );
#10541 = VECTOR( '', #12501, 1000.00000000000 );
#10542 = CARTESIAN_POINT( '', ( 3.90000000000000, 3.45000000000000, 6.30000000000000 ) );
#10543 = CARTESIAN_POINT( '', ( 3.90000000000000, -3.95000000000000, 6.30000000000000 ) );
#10544 = VECTOR( '', #12502, 1000.00000000000 );
#10545 = CARTESIAN_POINT( '', ( 3.90000000000000, 3.45000000000000, 6.30000000000000 ) );
#10546 = VECTOR( '', #12503, 1000.00000000000 );
#10547 = CARTESIAN_POINT( '', ( 3.90000000000000, 3.95000000000000, 6.30000000000000 ) );
#10548 = VECTOR( '', #12504, 1000.00000000000 );
#10549 = COLOUR_RGB( '', 0.898039221763611, 0.898039221763611, 0.898039221763611 );
#10550 = CARTESIAN_POINT( '', ( -0.400000000000017, -3.45000000000000, 0.000000000000000 ) );
#10551 = CARTESIAN_POINT( '', ( -1.39999999999998, -3.45000000000000, 0.000000000000000 ) );
#10552 = CARTESIAN_POINT( '', ( -0.400000000000017, -3.45000000000000, 0.000000000000000 ) );
#10553 = VECTOR( '', #12505, 1000.00000000000 );
#10554 = CARTESIAN_POINT( '', ( -1.34090909090907, -3.45000000000000, -2.60000000000000 ) );
#10555 = CARTESIAN_POINT( '', ( -1.29999999999998, -3.45000000000000, -4.40000000000000 ) );
#10556 = VECTOR( '', #12506, 1000.00000000000 );
#10557 = CARTESIAN_POINT( '', ( -0.459090909090918, -3.45000000000000, -2.60000000000000 ) );
#10558 = CARTESIAN_POINT( '', ( -0.400000000000017, -3.45000000000000, -2.60000000000000 ) );
#10559 = VECTOR( '', #12507, 1000.00000000000 );
#10560 = CARTESIAN_POINT( '', ( -0.400000000000017, -3.45000000000000, 2.18917664610133E-018 ) );
#10561 = VECTOR( '', #12508, 1000.00000000000 );
#10562 = COLOUR_RGB( '', 0.113725490868092, 0.400000005960464, 0.113725490868092 );
#10563 = AXIS2_PLACEMENT_3D( '', #12509, #12510, #12511 );
#10564 = COLOUR_RGB( '', 0.505882382392883, 0.505882382392883, 0.505882382392883 );
#10565 = CARTESIAN_POINT( '', ( -3.82500000000000, -2.65000000000000, -0.00564610011100693 ) );
#10566 = CARTESIAN_POINT( '', ( -14.1750000000000, -2.65000000000000, -0.00564610011100693 ) );
#10567 = VECTOR( '', #12512, 1000.00000000000 );
#10568 = CARTESIAN_POINT( '', ( -3.82500000000000, -2.65000000000000, 2.49435389988899 ) );
#10569 = CARTESIAN_POINT( '', ( 5.00000000000000, -2.65000000000000, 2.49435389988899 ) );
#10570 = VECTOR( '', #12513, 1000.00000000000 );
#10571 = CARTESIAN_POINT( '', ( -3.82500000000000, -2.65000000000000, -1.00564610011101 ) );
#10572 = VECTOR( '', #12514, 1000.00000000000 );
#10573 = COLOUR_RGB( '', 0.898039221763611, 0.898039221763611, 0.898039221763611 );
#10574 = CARTESIAN_POINT( '', ( -3.35000000000000, 3.95000000000000, -2.60000000000000 ) );
#10575 = CARTESIAN_POINT( '', ( -3.35000000000000, 3.45000000000000, -2.60000000000000 ) );
#10576 = VECTOR( '', #12515, 1000.00000000000 );
#10577 = CARTESIAN_POINT( '', ( -3.35000000000000, 3.95000000000000, -2.00000000000000 ) );
#10578 = CARTESIAN_POINT( '', ( -3.35000000000000, 3.45000000000000, -2.00000000000000 ) );
#10579 = VECTOR( '', #12516, 1000.00000000000 );
#10580 = CARTESIAN_POINT( '', ( -3.35000000000000, 3.95000000000000, -2.00000000000000 ) );
#10581 = VECTOR( '', #12517, 1000.00000000000 );
#10582 = COLOUR_RGB( '', 0.113725490868092, 0.400000005960464, 0.113725490868092 );
#10583 = CARTESIAN_POINT( '', ( 2.87500000000000, -2.35000000000000, 8.05000000000000 ) );
#10584 = CARTESIAN_POINT( '', ( 2.87500000000000, -2.35000000000000, 2.85000000000000 ) );
#10585 = CARTESIAN_POINT( '', ( 2.87500000000000, -2.35000000000000, 2.85000000000000 ) );
#10586 = VECTOR( '', #12518, 1000.00000000000 );
#10587 = CARTESIAN_POINT( '', ( 2.37500000000000, -2.85000000000000, 8.05000000000000 ) );
#10588 = AXIS2_PLACEMENT_3D( '', #12519, #12520, #12521 );
#10589 = CARTESIAN_POINT( '', ( 2.37500000000000, -2.85000000000000, 0.000000000000000 ) );
#10590 = CARTESIAN_POINT( '', ( 2.37500000000000, -2.85000000000000, 0.000000000000000 ) );
#10591 = VECTOR( '', #12522, 1000.00000000000 );
#10592 = CARTESIAN_POINT( '', ( 2.45000000000000, -2.84434299833215, 0.000000000000000 ) );
#10593 = AXIS2_PLACEMENT_3D( '', #12523, #12524, #12525 );
#10594 = CARTESIAN_POINT( '', ( 2.45000000000000, -2.84434299833215, 2.85000000000000 ) );
#10595 = CARTESIAN_POINT( '', ( 2.45000000000000, -2.84434299833215, 2.85000000000000 ) );
#10596 = VECTOR( '', #12526, 1000.00000000000 );
#10597 = AXIS2_PLACEMENT_3D( '', #12527, #12528, #12529 );
#10598 = COLOUR_RGB( '', 0.000000000000000, 0.000000000000000, 0.600000023841858 );
#10599 = CARTESIAN_POINT( '', ( -0.278949192431130, 3.50000000000000, 2.20000000000000 ) );
#10600 = CARTESIAN_POINT( '', ( -0.278949192431130, 3.47500000000000, 2.17500000000000 ) );
#10601 = VECTOR( '', #12530, 1000.00000000000 );
#10602 = CARTESIAN_POINT( '', ( -0.278949192431130, 3.45000000000000, 2.20000000000000 ) );
#10603 = CARTESIAN_POINT( '', ( -0.278949192431130, 3.45000000000000, 2.20000000000000 ) );
#10604 = VECTOR( '', #12531, 1000.00000000000 );
#10605 = CARTESIAN_POINT( '', ( -0.278949192431130, 3.45000000000000, 3.50000000000000 ) );
#10606 = CARTESIAN_POINT( '', ( -0.278949192431130, 3.45000000000000, 2.20000000000000 ) );
#10607 = VECTOR( '', #12532, 1000.00000000000 );
#10608 = CARTESIAN_POINT( '', ( -0.278949192431130, 3.45000000000000, 3.50000000000000 ) );
#10609 = VECTOR( '', #12533, 1000.00000000000 );
#10610 = COLOUR_RGB( '', 0.505882382392883, 0.505882382392883, 0.505882382392883 );
#10611 = CARTESIAN_POINT( '', ( 3.00000000000000, 3.35000000000000, 3.34435389988899 ) );
#10612 = CARTESIAN_POINT( '', ( 3.00000000000000, 3.58776315789474, 3.34435389988899 ) );
#10613 = VECTOR( '', #12534, 1000.00000000000 );
#10614 = CARTESIAN_POINT( '', ( 3.47500000000000, 3.35000000000000, 3.34435389988899 ) );
#10615 = CARTESIAN_POINT( '', ( -3.82500000000000, 3.35000000000000, 3.34435389988899 ) );
#10616 = VECTOR( '', #12535, 1000.00000000000 );
#10617 = CARTESIAN_POINT( '', ( 3.47500000000000, 2.00000000000000, 3.34435389988899 ) );
#10618 = VECTOR( '', #12536, 1000.00000000000 );
#10619 = COLOUR_RGB( '', 0.000000000000000, 0.000000000000000, 0.600000023841858 );
#10620 = CARTESIAN_POINT( '', ( 3.90000000000000, 3.45000000000000, 6.70000000000000 ) );
#10621 = CARTESIAN_POINT( '', ( 3.40000000000000, 3.45000000000000, 6.70000000000000 ) );
#10622 = VECTOR( '', #12537, 1000.00000000000 );
#10623 = CARTESIAN_POINT( '', ( 3.88989794855664, 3.55000000000000, 6.80000000000000 ) );
#10624 = AXIS2_PLACEMENT_3D( '', #12538, #12539, #12540 );
#10625 = CARTESIAN_POINT( '', ( 3.50000000000000, 3.55000000000000, 6.80000000000000 ) );
#10626 = CARTESIAN_POINT( '', ( 3.90000000000000, 3.55000000000000, 6.80000000000000 ) );
#10627 = VECTOR( '', #12541, 1000.00000000000 );
#10628 = CARTESIAN_POINT( '', ( 3.56666666666667, 3.61666666666667, 6.86666666666667 ) );
#10629 = VECTOR( '', #12542, 1000.00000000000 );
#10630 = COLOUR_RGB( '', 0.505882382392883, 0.505882382392883, 0.505882382392883 );
#10631 = CARTESIAN_POINT( '', ( 4.17500000000000, 2.65000000000000, 2.49435389988899 ) );
#10632 = CARTESIAN_POINT( '', ( 5.00000000000000, 2.65000000000000, 2.49435389988899 ) );
#10633 = VECTOR( '', #12543, 1000.00000000000 );
#10634 = CARTESIAN_POINT( '', ( 4.17500000000000, -0.540366972477068, 4.21224380814587 ) );
#10635 = VECTOR( '', #12544, 1000.00000000000 );
#10636 = COLOUR_RGB( '', 0.898039221763611, 0.898039221763611, 0.898039221763611 );
#10637 = AXIS2_PLACEMENT_3D( '', #12545, #12546, #12547 );
#10638 = CARTESIAN_POINT( '', ( 2.25000000000000, -3.95000000000000, -4.40000000000000 ) );
#10639 = CARTESIAN_POINT( '', ( 2.25000000000000, -3.95000000000000, -4.40000000000000 ) );
#10640 = VECTOR( '', #12548, 1000.00000000000 );
#10641 = AXIS2_PLACEMENT_3D( '', #12549, #12550, #12551 );
#10642 = COLOUR_RGB( '', 0.505882382392883, 0.505882382392883, 0.505882382392883 );
#10643 = CARTESIAN_POINT( '', ( 3.47500000000000, -2.00000000000000, 3.69435389988899 ) );
#10644 = CARTESIAN_POINT( '', ( 3.00000000000000, -2.00000000000000, 3.69435389988899 ) );
#10645 = CARTESIAN_POINT( '', ( 4.08121778264911, -2.00000000000000, 3.69435389988899 ) );
#10646 = VECTOR( '', #12552, 1000.00000000000 );
#10647 = CARTESIAN_POINT( '', ( 3.00000000000000, 3.58776315789474, 3.69435389988899 ) );
#10648 = VECTOR( '', #12553, 1000.00000000000 );
#10649 = CARTESIAN_POINT( '', ( 3.47500000000000, -3.35000000000000, 3.69435389988899 ) );
#10650 = VECTOR( '', #12554, 1000.00000000000 );
#10651 = COLOUR_RGB( '', 0.000000000000000, 0.000000000000000, 0.600000023841858 );
#10652 = CARTESIAN_POINT( '', ( -1.00000000000000, -3.00000000000000, 0.100000000000000 ) );
#10653 = CARTESIAN_POINT( '', ( 1.00000000000000, -3.00000000000000, 0.100000000000000 ) );
#10654 = CARTESIAN_POINT( '', ( -1.00000000000000, -3.00000000000000, 0.100000000000000 ) );
#10655 = VECTOR( '', #12555, 1000.00000000000 );
#10656 = CARTESIAN_POINT( '', ( 1.00000000000000, -3.00000000000000, 0.200000000000000 ) );
#10657 = CARTESIAN_POINT( '', ( 1.00000000000000, -3.00000000000000, 3.52365706057789E-016 ) );
#10658 = VECTOR( '', #12556, 1000.00000000000 );
#10659 = CARTESIAN_POINT( '', ( -1.00000000000000, -3.00000000000000, 0.200000000000000 ) );
#10660 = CARTESIAN_POINT( '', ( -1.00000000000000, -3.00000000000000, 0.200000000000000 ) );
#10661 = VECTOR( '', #12557, 1000.00000000000 );
#10662 = CARTESIAN_POINT( '', ( -1.00000000000000, -3.00000000000000, 2.16840434497101E-016 ) );
#10663 = VECTOR( '', #12558, 1000.00000000000 );
#10664 = COLOUR_RGB( '', 0.505882382392883, 0.505882382392883, 0.505882382392883 );
#10665 = CARTESIAN_POINT( '', ( -3.00000000000000, 3.35000000000000, 3.34435389988899 ) );
#10666 = CARTESIAN_POINT( '', ( -3.00000000000000, 3.35000000000000, 3.69435389988899 ) );
#10667 = CARTESIAN_POINT( '', ( -3.00000000000000, 3.35000000000000, -1.00564610011101 ) );
#10668 = VECTOR( '', #12559, 1000.00000000000 );
#10669 = CARTESIAN_POINT( '', ( -3.00000000000000, -3.35000000000000, 3.69435389988899 ) );
#10670 = VECTOR( '', #12560, 1000.00000000000 );
#10671 = CARTESIAN_POINT( '', ( -3.00000000000000, -3.63635964912281, 3.34435389988899 ) );
#10672 = VECTOR( '', #12561, 1000.00000000000 );
#10673 = COLOUR_RGB( '', 0.898039221763611, 0.898039221763611, 0.898039221763611 );
#10674 = CARTESIAN_POINT( '', ( -2.35000000000000, -2.90000000000000, 0.000000000000000 ) );
#10675 = CARTESIAN_POINT( '', ( 2.35000000000000, -2.90000000000000, 0.000000000000000 ) );
#10676 = CARTESIAN_POINT( '', ( -2.90000000000000, -2.90000000000000, 0.000000000000000 ) );
#10677 = VECTOR( '', #12562, 1000.00000000000 );
#10678 = CARTESIAN_POINT( '', ( 2.35000000000000, -2.90000000000000, -2.60000000000000 ) );
#10679 = CARTESIAN_POINT( '', ( 2.35000000000000, -2.90000000000000, -2.60000000000000 ) );
#10680 = VECTOR( '', #12563, 1000.00000000000 );
#10681 = CARTESIAN_POINT( '', ( -2.35000000000000, -2.90000000000000, -2.60000000000000 ) );
#10682 = CARTESIAN_POINT( '', ( -2.90000000000000, -2.90000000000000, -2.60000000000000 ) );
#10683 = VECTOR( '', #12564, 1000.00000000000 );
#10684 = CARTESIAN_POINT( '', ( -2.35000000000000, -2.90000000000000, 0.000000000000000 ) );
#10685 = VECTOR( '', #12565, 1000.00000000000 );
#10686 = COLOUR_RGB( '', 0.113725490868092, 0.400000005960464, 0.113725490868092 );
#10687 = CARTESIAN_POINT( '', ( -0.749999999999981, 1.34999999999998, 13.8500000000000 ) );
#10688 = CARTESIAN_POINT( '', ( -0.749999999999981, -1.35000000000000, 13.8500000000000 ) );
#10689 = CARTESIAN_POINT( '', ( -0.749999999999981, 1.65000000000000, 13.8500000000000 ) );
#10690 = VECTOR( '', #12566, 1000.00000000000 );
#10691 = CARTESIAN_POINT( '', ( -1.65000000000000, -1.35000000000001, 13.8500000000000 ) );
#10692 = VECTOR( '', #12567, 1000.00000000000 );
#10693 = CARTESIAN_POINT( '', ( -1.65000000000000, 1.34999999999998, 13.8500000000000 ) );
#10694 = VECTOR( '', #12568, 1000.00000000000 );
#10695 = COLOUR_RGB( '', 0.505882382392883, 0.505882382392883, 0.505882382392883 );
#10696 = CARTESIAN_POINT( '', ( -3.82500000000000, -3.35000000000000, 2.99435389988899 ) );
#10697 = CARTESIAN_POINT( '', ( -3.82500000000000, -3.35000000000000, 2.99435389988899 ) );
#10698 = VECTOR( '', #12569, 1000.00000000000 );
#10699 = CARTESIAN_POINT( '', ( -3.82500000000000, -3.35000000000000, -0.00564610011100910 ) );
#10700 = CARTESIAN_POINT( '', ( -3.82500000000000, -3.35000000000000, -1.00564610011101 ) );
#10701 = VECTOR( '', #12570, 1000.00000000000 );
#10702 = CARTESIAN_POINT( '', ( -3.82500000000000, -3.15769230769231, -0.967184561649470 ) );
#10703 = VECTOR( '', #12571, 1000.00000000000 );
#10704 = CARTESIAN_POINT( '', ( -3.82500000000000, -2.86923076923077, -1.10179994626485 ) );
#10705 = VECTOR( '', #12572, 1000.00000000000 );
#10706 = CARTESIAN_POINT( '', ( -3.82500000000000, -4.65366972477064, 1.41545481732018 ) );
#10707 = VECTOR( '', #12573, 1000.00000000000 );
#10708 = COLOUR_RGB( '', 0.898039221763611, 0.898039221763611, 0.898039221763611 );
#10709 = CARTESIAN_POINT( '', ( -3.35000000000000, -3.45000000000000, -2.60000000000000 ) );
#10710 = CARTESIAN_POINT( '', ( -3.35000000000000, -3.45000000000000, -2.60000000000000 ) );
#10711 = VECTOR( '', #12574, 1000.00000000000 );
#10712 = CARTESIAN_POINT( '', ( -3.35000000000000, -3.45000000000000, -2.00000000000000 ) );
#10713 = VECTOR( '', #12575, 1000.00000000000 );
#10714 = COLOUR_RGB( '', 0.000000000000000, 0.000000000000000, 0.600000023841858 );
#10715 = CARTESIAN_POINT( '', ( 1.95105080756888, -3.75000000000000, 3.50000000000000 ) );
#10716 = CARTESIAN_POINT( '', ( 1.95105080756888, -3.95000000000000, 3.50000000000000 ) );
#10717 = CARTESIAN_POINT( '', ( 1.95105080756888, -3.45000000000000, 3.50000000000000 ) );
#10718 = VECTOR( '', #12576, 1000.00000000000 );
#10719 = CARTESIAN_POINT( '', ( 1.95105080756888, -3.75000000000000, 3.50000000000000 ) );
#10720 = VECTOR( '', #12577, 1000.00000000000 );
#10721 = CARTESIAN_POINT( '', ( 1.95105080756888, -3.95000000000000, 3.50000000000000 ) );
#10722 = VECTOR( '', #12578, 1000.00000000000 );
#10723 = COLOUR_RGB( '', 0.000000000000000, 0.000000000000000, 0.600000023841858 );
#10724 = CARTESIAN_POINT( '', ( 0.371050807568870, 3.50000000000000, 2.20000000000000 ) );
#10725 = CARTESIAN_POINT( '', ( 0.371050807568870, 4.12500000000000, 2.82500000000000 ) );
#10726 = VECTOR( '', #12579, 1000.00000000000 );
#10727 = CARTESIAN_POINT( '', ( 0.371050807568870, 3.50000000000000, 2.20000000000000 ) );
#10728 = VECTOR( '', #12580, 1000.00000000000 );
#10729 = COLOUR_RGB( '', 0.000000000000000, 0.000000000000000, 0.600000023841858 );
#10730 = CARTESIAN_POINT( '', ( 3.50000000000000, 3.93989794855663, 6.80000000000000 ) );
#10731 = AXIS2_PLACEMENT_3D( '', #12581, #12582, #12583 );
#10732 = CARTESIAN_POINT( '', ( 3.50000000000000, 3.45000000000000, 6.80000000000000 ) );
#10733 = VECTOR( '', #12584, 1000.00000000000 );
#10734 = COLOUR_RGB( '', 0.898039221763611, 0.898039221763611, 0.898039221763611 );
#10735 = CARTESIAN_POINT( '', ( 2.35000000000000, 2.90000000000000, -2.60000000000000 ) );
#10736 = CARTESIAN_POINT( '', ( -2.35000000000000, 2.90000000000000, -2.60000000000000 ) );
#10737 = CARTESIAN_POINT( '', ( 2.90000000000000, 2.90000000000000, -2.60000000000000 ) );
#10738 = VECTOR( '', #12585, 1000.00000000000 );
#10739 = CARTESIAN_POINT( '', ( 2.35000000000000, 2.90000000000000, 0.000000000000000 ) );
#10740 = CARTESIAN_POINT( '', ( 2.35000000000000, 2.90000000000000, 0.000000000000000 ) );
#10741 = VECTOR( '', #12586, 1000.00000000000 );
#10742 = CARTESIAN_POINT( '', ( -2.35000000000000, 2.90000000000000, 0.000000000000000 ) );
#10743 = CARTESIAN_POINT( '', ( 2.90000000000000, 2.90000000000000, 0.000000000000000 ) );
#10744 = VECTOR( '', #12587, 1000.00000000000 );
#10745 = CARTESIAN_POINT( '', ( -2.35000000000000, 2.90000000000000, -2.60000000000000 ) );
#10746 = VECTOR( '', #12588, 1000.00000000000 );
#10747 = COLOUR_RGB( '', 0.505882382392883, 0.505882382392883, 0.505882382392883 );
#10748 = CARTESIAN_POINT( '', ( -3.00000000000000, -3.35000000000000, 3.69435389988899 ) );
#10749 = CARTESIAN_POINT( '', ( -3.47500000000000, -3.35000000000000, 3.69435389988899 ) );
#10750 = CARTESIAN_POINT( '', ( 4.17500000000000, -3.35000000000000, 3.69435389988899 ) );
#10751 = VECTOR( '', #12589, 1000.00000000000 );
#10752 = CARTESIAN_POINT( '', ( -3.00000000000000, -3.63635964912281, 3.69435389988899 ) );
#10753 = VECTOR( '', #12590, 1000.00000000000 );
#10754 = CARTESIAN_POINT( '', ( -3.47500000000000, -3.35000000000000, 3.69435389988899 ) );
#10755 = VECTOR( '', #12591, 1000.00000000000 );
#10756 = COLOUR_RGB( '', 0.000000000000000, 0.000000000000000, 0.600000023841858 );
#10757 = CARTESIAN_POINT( '', ( -3.40000000000000, 3.45000000000000, 6.70000000000000 ) );
#10758 = CARTESIAN_POINT( '', ( -3.40000000000000, 3.95000000000000, 6.70000000000000 ) );
#10759 = VECTOR( '', #12592, 1000.00000000000 );
#10760 = CARTESIAN_POINT( '', ( -3.40000000000000, 3.45000000000000, 6.80000000000000 ) );
#10761 = VECTOR( '', #12593, 1000.00000000000 );
#10762 = COLOUR_RGB( '', 0.505882382392883, 0.505882382392883, 0.505882382392883 );
#10763 = CARTESIAN_POINT( '', ( -3.82500000000000, 3.15000000000000, -1.00564610011101 ) );
#10764 = CARTESIAN_POINT( '', ( -14.1750000000000, 3.15000000000000, -1.00564610011101 ) );
#10765 = VECTOR( '', #12594, 1000.00000000000 );
#10766 = CARTESIAN_POINT( '', ( -3.82500000000000, 2.85000000000000, -1.00564610011101 ) );
#10767 = CARTESIAN_POINT( '', ( -3.82500000000000, -3.35000000000000, -1.00564610011101 ) );
#10768 = VECTOR( '', #12595, 1000.00000000000 );
#10769 = CARTESIAN_POINT( '', ( -14.1750000000000, 2.85000000000000, -1.00564610011101 ) );
#10770 = VECTOR( '', #12596, 1000.00000000000 );
#10771 = COLOUR_RGB( '', 0.505882382392883, 0.505882382392883, 0.505882382392883 );
#10772 = CARTESIAN_POINT( '', ( -3.47500000000000, -3.35000000000000, 3.34435389988899 ) );
#10773 = CARTESIAN_POINT( '', ( -3.00000000000000, -3.35000000000000, 3.34435389988899 ) );
#10774 = CARTESIAN_POINT( '', ( -3.82500000000000, -3.35000000000000, 3.34435389988899 ) );
#10775 = VECTOR( '', #12597, 1000.00000000000 );
#10776 = CARTESIAN_POINT( '', ( -3.00000000000000, -3.35000000000000, -1.00564610011101 ) );
#10777 = VECTOR( '', #12598, 1000.00000000000 );
#10778 = AXIS2_PLACEMENT_3D( '', #12599, #12600, #12601 );
#10779 = CARTESIAN_POINT( '', ( -14.1750000000000, -3.35000000000000, -0.00564610011100910 ) );
#10780 = VECTOR( '', #12602, 1000.00000000000 );
#10781 = AXIS2_PLACEMENT_3D( '', #12603, #12604, #12605 );
#10782 = COLOUR_RGB( '', 0.505882382392883, 0.505882382392883, 0.505882382392883 );
#10783 = COLOUR_RGB( '', 0.505882382392883, 0.505882382392883, 0.505882382392883 );
#10784 = CARTESIAN_POINT( '', ( -3.00000000000000, -3.63635964912281, 3.34435389988899 ) );
#10785 = VECTOR( '', #12606, 1000.00000000000 );
#10786 = CARTESIAN_POINT( '', ( -3.47500000000000, -2.00000000000000, 3.34435389988899 ) );
#10787 = VECTOR( '', #12607, 1000.00000000000 );
#10788 = COLOUR_RGB( '', 0.898039221763611, 0.898039221763611, 0.898039221763611 );
#10789 = CARTESIAN_POINT( '', ( -1.45000000000000, -3.45000000000000, -4.95000000000000 ) );
#10790 = CARTESIAN_POINT( '', ( -1.45000000000000, -3.70000000000000, -5.20000000000000 ) );
#10791 = VECTOR( '', #12608, 1000.00000000000 );
#10792 = CARTESIAN_POINT( '', ( 1.45000000000001, -3.45000000000000, -4.95000000000000 ) );
#10793 = CARTESIAN_POINT( '', ( 2.25000000000000, -3.45000000000000, -4.95000000000000 ) );
#10794 = VECTOR( '', #12609, 1000.00000000000 );
#10795 = CARTESIAN_POINT( '', ( 1.45000000000001, -3.70000000000000, -5.20000000000000 ) );
#10796 = VECTOR( '', #12610, 1000.00000000000 );
#10797 = COLOUR_RGB( '', 0.898039221763611, 0.898039221763611, 0.898039221763611 );
#10798 = CARTESIAN_POINT( '', ( -3.35000000000000, -3.95000000000000, -2.60000000000000 ) );
#10799 = CARTESIAN_POINT( '', ( -3.35000000000000, -3.95000000000000, -2.00000000000000 ) );
#10800 = VECTOR( '', #12611, 1000.00000000000 );
#10801 = CARTESIAN_POINT( '', ( -2.25000000000000, -3.95000000000000, -2.60000000000000 ) );
#10802 = CARTESIAN_POINT( '', ( -3.90000000000000, -3.95000000000000, -2.60000000000000 ) );
#10803 = VECTOR( '', #12612, 1000.00000000000 );
#10804 = CARTESIAN_POINT( '', ( -2.25000000000000, -3.95000000000000, -4.40000000000000 ) );
#10805 = CARTESIAN_POINT( '', ( -2.25000000000000, -3.95000000000000, -5.20000000000000 ) );
#10806 = VECTOR( '', #12613, 1000.00000000000 );
#10807 = AXIS2_PLACEMENT_3D( '', #12614, #12615, #12616 );
#10808 = CARTESIAN_POINT( '', ( 2.25000000000000, -3.95000000000000, -2.60000000000000 ) );
#10809 = CARTESIAN_POINT( '', ( 2.25000000000000, -3.95000000000000, -5.20000000000000 ) );
#10810 = VECTOR( '', #12617, 1000.00000000000 );
#10811 = CARTESIAN_POINT( '', ( 3.35000000000000, -3.95000000000000, -2.60000000000000 ) );
#10812 = CARTESIAN_POINT( '', ( -3.90000000000000, -3.95000000000000, -2.60000000000000 ) );
#10813 = VECTOR( '', #12618, 1000.00000000000 );
#10814 = CARTESIAN_POINT( '', ( 3.35000000000000, -3.95000000000000, -2.00000000000000 ) );
#10815 = CARTESIAN_POINT( '', ( 3.35000000000000, -3.95000000000000, -2.00000000000000 ) );
#10816 = VECTOR( '', #12619, 1000.00000000000 );
#10817 = CARTESIAN_POINT( '', ( 3.40000000000000, -3.95000000000000, -2.00000000000000 ) );
#10818 = CARTESIAN_POINT( '', ( 3.35000000000000, -3.95000000000000, -2.00000000000000 ) );
#10819 = VECTOR( '', #12620, 1000.00000000000 );
#10820 = CARTESIAN_POINT( '', ( 3.40000000000000, -3.95000000000000, 0.000000000000000 ) );
#10821 = CARTESIAN_POINT( '', ( 3.40000000000000, -3.95000000000000, -2.60000000000000 ) );
#10822 = VECTOR( '', #12621, 1000.00000000000 );
#10823 = CARTESIAN_POINT( '', ( -3.90000000000000, -3.95000000000000, 0.000000000000000 ) );
#10824 = VECTOR( '', #12622, 1000.00000000000 );
#10825 = CARTESIAN_POINT( '', ( 0.399999999999984, -3.95000000000000, 0.000000000000000 ) );
#10826 = CARTESIAN_POINT( '', ( 0.500000000000000, -3.95000000000000, -4.40000000000000 ) );
#10827 = VECTOR( '', #12623, 1000.00000000000 );
#10828 = CARTESIAN_POINT( '', ( -0.400000000000017, -3.95000000000000, 0.000000000000000 ) );
#10829 = CARTESIAN_POINT( '', ( -3.90000000000000, -3.95000000000000, 0.000000000000000 ) );
#10830 = VECTOR( '', #12624, 1000.00000000000 );
#10831 = CARTESIAN_POINT( '', ( -0.500000000000000, -3.95000000000000, -4.40000000000000 ) );
#10832 = CARTESIAN_POINT( '', ( -0.400000000000017, -3.95000000000000, 0.000000000000000 ) );
#10833 = VECTOR( '', #12625, 1000.00000000000 );
#10834 = CARTESIAN_POINT( '', ( -1.29999999999998, -3.95000000000000, -4.40000000000000 ) );
#10835 = CARTESIAN_POINT( '', ( -0.500000000000000, -3.95000000000000, -4.40000000000000 ) );
#10836 = VECTOR( '', #12626, 1000.00000000000 );
#10837 = CARTESIAN_POINT( '', ( -1.39999999999998, -3.95000000000000, 8.67361737988404E-016 ) );
#10838 = CARTESIAN_POINT( '', ( -1.29999999999998, -3.95000000000000, -4.40000000000000 ) );
#10839 = VECTOR( '', #12627, 1000.00000000000 );
#10840 = CARTESIAN_POINT( '', ( -3.40000000000000, -3.95000000000000, 0.000000000000000 ) );
#10841 = CARTESIAN_POINT( '', ( -3.90000000000000, -3.95000000000000, 0.000000000000000 ) );
#10842 = VECTOR( '', #12628, 1000.00000000000 );
#10843 = CARTESIAN_POINT( '', ( -3.40000000000000, -3.95000000000000, -2.60000000000000 ) );
#10844 = VECTOR( '', #12629, 1000.00000000000 );
#10845 = COLOUR_RGB( '', 0.113725490868092, 0.400000005960464, 0.113725490868092 );
#10846 = CARTESIAN_POINT( '', ( 1.65000000000000, -1.65000000000000, 13.5500000000000 ) );
#10847 = CARTESIAN_POINT( '', ( 1.15000000000001, -1.15000000000001, 14.0500000000000 ) );
#10848 = CARTESIAN_POINT( '', ( 0.216666666666680, -0.216666666666682, 14.9833333333333 ) );
#10849 = VECTOR( '', #12630, 1000.00000000000 );
#10850 = CARTESIAN_POINT( '', ( 1.65000000000000, 1.65000000000000, 13.5500000000000 ) );
#10851 = CARTESIAN_POINT( '', ( 1.65000000000000, -1.65000000000000, 13.5500000000000 ) );
#10852 = VECTOR( '', #12631, 1000.00000000000 );
#10853 = CARTESIAN_POINT( '', ( 1.15000000000001, 1.14999999999999, 14.0500000000000 ) );
#10854 = CARTESIAN_POINT( '', ( 1.31666666666668, 1.31666666666665, 13.8833333333333 ) );
#10855 = VECTOR( '', #12632, 1000.00000000000 );
#10856 = CARTESIAN_POINT( '', ( 1.15000000000001, 1.65000000000000, 14.0500000000000 ) );
#10857 = VECTOR( '', #12633, 1000.00000000000 );
#10858 = COLOUR_RGB( '', 0.000000000000000, 0.000000000000000, 0.600000023841858 );
#10859 = CARTESIAN_POINT( '', ( 0.525000000000000, -3.85000000000000, 4.50000000000000 ) );
#10860 = CARTESIAN_POINT( '', ( 0.625000000000000, -3.95000000000000, 4.50000000000000 ) );
#10861 = CARTESIAN_POINT( '', ( 0.625000000000000, -3.95000000000000, 4.50000000000000 ) );
#10862 = VECTOR( '', #12634, 1000.00000000000 );
#10863 = CARTESIAN_POINT( '', ( 0.625000000000000, -3.95000000000000, 4.50000000000000 ) );
#10864 = VECTOR( '', #12635, 1000.00000000000 );
#10865 = CARTESIAN_POINT( '', ( 0.525000000000000, -3.85000000000000, 4.50000000000000 ) );
#10866 = VECTOR( '', #12636, 1000.00000000000 );
#10867 = COLOUR_RGB( '', 0.000000000000000, 0.000000000000000, 0.600000023841858 );
#10868 = CARTESIAN_POINT( '', ( -3.32500000000000, 2.00000000000000, 0.860000000000000 ) );
#10869 = CARTESIAN_POINT( '', ( -3.32500000000000, 2.00000000000000, 0.860000000000000 ) );
#10870 = VECTOR( '', #12637, 1000.00000000000 );
#10871 = CARTESIAN_POINT( '', ( -3.32500000000000, 3.35000000000000, 0.860000000000000 ) );
#10872 = CARTESIAN_POINT( '', ( -3.32500000000000, 3.35000000000000, 0.860000000000000 ) );
#10873 = VECTOR( '', #12638, 1000.00000000000 );
#10874 = CARTESIAN_POINT( '', ( -3.32500000000000, 3.35000000000000, 0.860000000000000 ) );
#10875 = VECTOR( '', #12639, 1000.00000000000 );
#10876 = COLOUR_RGB( '', 0.000000000000000, 0.000000000000000, 0.600000023841858 );
#10877 = CARTESIAN_POINT( '', ( -2.86559035507596, 3.95000000000000, 0.850000000000000 ) );
#10878 = CARTESIAN_POINT( '', ( -2.86559035507596, 3.95000000000000, 0.200000000000000 ) );
#10879 = CARTESIAN_POINT( '', ( -2.86559035507596, 3.95000000000000, 0.850000000000000 ) );
#10880 = VECTOR( '', #12640, 1000.00000000000 );
#10881 = CARTESIAN_POINT( '', ( -3.00000000000000, 3.95000000000000, 0.200000000000000 ) );
#10882 = VECTOR( '', #12641, 1000.00000000000 );
#10883 = CARTESIAN_POINT( '', ( -3.90000000000000, 3.95000000000000, 0.850000000000000 ) );
#10884 = VECTOR( '', #12642, 1000.00000000000 );
#10885 = CARTESIAN_POINT( '', ( -2.69600000000000, 3.95000000000000, 0.000000000000000 ) );
#10886 = VECTOR( '', #12643, 1000.00000000000 );
#10887 = CARTESIAN_POINT( '', ( -1.95100000000000, 3.95000000000000, 0.850000000000000 ) );
#10888 = CARTESIAN_POINT( '', ( -1.95100000000000, 3.95000000000000, 3.50000000000000 ) );
#10889 = VECTOR( '', #12644, 1000.00000000000 );
#10890 = CARTESIAN_POINT( '', ( -2.86559035507596, 3.95000000000000, 0.850000000000000 ) );
#10891 = VECTOR( '', #12645, 1000.00000000000 );
#10892 = COLOUR_RGB( '', 0.000000000000000, 0.000000000000000, 0.600000023841858 );
#10893 = CARTESIAN_POINT( '', ( 3.90000000000000, -3.45000000000000, 6.80000000000000 ) );
#10894 = VECTOR( '', #12646, 1000.00000000000 );
#10895 = CARTESIAN_POINT( '', ( 3.40000000000000, -3.45000000000000, 6.80000000000000 ) );
#10896 = VECTOR( '', #12647, 1000.00000000000 );
#10897 = COLOUR_RGB( '', 0.000000000000000, 0.000000000000000, 0.600000023841858 );
#10898 = CARTESIAN_POINT( '', ( -0.625000000000000, -3.95000000000000, 4.50000000000000 ) );
#10899 = CARTESIAN_POINT( '', ( -0.525000000000000, -3.95000000000000, 4.50000000000000 ) );
#10900 = VECTOR( '', #12648, 1000.00000000000 );
#10901 = CARTESIAN_POINT( '', ( -0.625000000000000, -3.95000000000000, 5.50000000000000 ) );
#10902 = CARTESIAN_POINT( '', ( -0.625000000000000, -3.95000000000000, 4.50000000000000 ) );
#10903 = VECTOR( '', #12649, 1000.00000000000 );
#10904 = CARTESIAN_POINT( '', ( 1.27500000000000, -3.95000000000000, 5.50000000000000 ) );
#10905 = VECTOR( '', #12650, 1000.00000000000 );
#10906 = COLOUR_RGB( '', 0.113725490868092, 0.400000005960464, 0.113725490868092 );
#10907 = CARTESIAN_POINT( '', ( 2.45000000000000, 3.22500000000000, 0.250000000000000 ) );
#10908 = CARTESIAN_POINT( '', ( 2.45000000000000, 3.22500000000000, 0.250000000000000 ) );
#10909 = VECTOR( '', #12651, 1000.00000000000 );
#10910 = CARTESIAN_POINT( '', ( 2.45000000000000, 3.22500000000000, 2.85000000000000 ) );
#10911 = CARTESIAN_POINT( '', ( 2.45000000000000, 3.22500000000000, 0.000000000000000 ) );
#10912 = VECTOR( '', #12652, 1000.00000000000 );
#10913 = CARTESIAN_POINT( '', ( 3.07500000000000, 3.22500000000000, 2.85000000000000 ) );
#10914 = VECTOR( '', #12653, 1000.00000000000 );
#10915 = COLOUR_RGB( '', 0.113725490868092, 0.400000005960464, 0.113725490868092 );
#10916 = CARTESIAN_POINT( '', ( -2.87500000000000, 2.35000000000000, 8.05000000000000 ) );
#10917 = VECTOR( '', #12654, 1000.00000000000 );
#10918 = CARTESIAN_POINT( '', ( -2.87500000000000, 2.35000000000000, 2.85000000000000 ) );
#10919 = CARTESIAN_POINT( '', ( -2.87500000000000, 2.35000000000000, 2.85000000000000 ) );
#10920 = VECTOR( '', #12655, 1000.00000000000 );
#10921 = CARTESIAN_POINT( '', ( -2.87500000000000, 2.85000000000000, 2.85000000000000 ) );
#10922 = VECTOR( '', #12656, 1000.00000000000 );
#10923 = COLOUR_RGB( '', 0.000000000000000, 0.000000000000000, 0.600000023841858 );
#10924 = CARTESIAN_POINT( '', ( 1.27500000000000, -3.95000000000000, 4.50000000000000 ) );
#10925 = VECTOR( '', #12657, 1000.00000000000 );
#10926 = COLOUR_RGB( '', 0.898039221763611, 0.898039221763611, 0.898039221763611 );
#10927 = CARTESIAN_POINT( '', ( 3.30000000000000, 3.95000000000000, -2.60000000000000 ) );
#10928 = CARTESIAN_POINT( '', ( 3.30000000000000, 3.95000000000000, -2.60000000000000 ) );
#10929 = VECTOR( '', #12658, 1000.00000000000 );
#10930 = CARTESIAN_POINT( '', ( 3.30000000000000, 3.95000000000000, -2.00000000000000 ) );
#10931 = CARTESIAN_POINT( '', ( 3.30000000000000, 3.95000000000000, -2.00000000000000 ) );
#10932 = VECTOR( '', #12659, 1000.00000000000 );
#10933 = CARTESIAN_POINT( '', ( 3.30000000000000, 3.95000000000000, -2.00000000000000 ) );
#10934 = VECTOR( '', #12660, 1000.00000000000 );
#10935 = COLOUR_RGB( '', 0.000000000000000, 0.000000000000000, 0.600000023841858 );
#10936 = CARTESIAN_POINT( '', ( -1.95100000000000, -3.75000000000000, 3.50000000000000 ) );
#10937 = AXIS2_PLACEMENT_3D( '', #12661, #12662, #12663 );
#10938 = CARTESIAN_POINT( '', ( -1.95100000000000, -3.75000000000000, 0.850000000000000 ) );
#10939 = VECTOR( '', #12664, 1000.00000000000 );
#10940 = COLOUR_RGB( '', 0.898039221763611, 0.898039221763611, 0.898039221763611 );
#10941 = CARTESIAN_POINT( '', ( -1.80000000000000, -3.25000000000000, -2.60000000000000 ) );
#10942 = CARTESIAN_POINT( '', ( -2.25000000000000, -3.70000000000000, -2.60000000000000 ) );
#10943 = CARTESIAN_POINT( '', ( -2.00000000000000, -3.45000000000000, -2.60000000000000 ) );
#10944 = VECTOR( '', #12665, 1000.00000000000 );
#10945 = CARTESIAN_POINT( '', ( -2.00000000000000, -3.45000000000000, -2.80000000000000 ) );
#10946 = CARTESIAN_POINT( '', ( -2.50000000000000, -3.95000000000000, -3.30000000000000 ) );
#10947 = VECTOR( '', #12666, 1000.00000000000 );
#10948 = CARTESIAN_POINT( '', ( -2.00000000000000, -3.45000000000000, -4.40000000000000 ) );
#10949 = CARTESIAN_POINT( '', ( -2.00000000000000, -3.45000000000000, -5.20000000000000 ) );
#10950 = VECTOR( '', #12667, 1000.00000000000 );
#10951 = CARTESIAN_POINT( '', ( -2.25000000000000, -3.70000000000000, -4.40000000000000 ) );
#10952 = CARTESIAN_POINT( '', ( -2.25000000000000, -3.70000000000000, -4.40000000000000 ) );
#10953 = VECTOR( '', #12668, 1000.00000000000 );
#10954 = CARTESIAN_POINT( '', ( -2.25000000000000, -3.70000000000000, -5.20000000000000 ) );
#10955 = VECTOR( '', #12669, 1000.00000000000 );
#10956 = COLOUR_RGB( '', 0.000000000000000, 0.000000000000000, 0.600000023841858 );
#10957 = CARTESIAN_POINT( '', ( 3.32500000000000, 2.00000000000000, 0.860000000000000 ) );
#10958 = CARTESIAN_POINT( '', ( 3.32500000000000, 2.00000000000000, 0.860000000000000 ) );
#10959 = VECTOR( '', #12670, 1000.00000000000 );
#10960 = CARTESIAN_POINT( '', ( 3.90000000000000, 2.00000000000000, 0.860000000000000 ) );
#10961 = CARTESIAN_POINT( '', ( 3.90000000000000, 2.00000000000000, 0.860000000000000 ) );
#10962 = VECTOR( '', #12671, 1000.00000000000 );
#10963 = CARTESIAN_POINT( '', ( 3.90000000000000, 2.00000000000000, 0.860000000000000 ) );
#10964 = VECTOR( '', #12672, 1000.00000000000 );
#10965 = COLOUR_RGB( '', 0.898039221763611, 0.898039221763611, 0.898039221763611 );
#10966 = CARTESIAN_POINT( '', ( 3.90000000000000, -3.45000000000000, -2.60000000000000 ) );
#10967 = CARTESIAN_POINT( '', ( 3.35000000000000, -3.45000000000000, -2.60000000000000 ) );
#10968 = CARTESIAN_POINT( '', ( 3.90000000000000, -3.45000000000000, -2.60000000000000 ) );
#10969 = VECTOR( '', #12673, 1000.00000000000 );
#10970 = CARTESIAN_POINT( '', ( 3.90000000000000, -3.45000000000000, -2.00000000000000 ) );
#10971 = CARTESIAN_POINT( '', ( 3.90000000000000, -3.45000000000000, -2.00000000000000 ) );
#10972 = VECTOR( '', #12674, 1000.00000000000 );
#10973 = CARTESIAN_POINT( '', ( 3.35000000000000, -3.45000000000000, -2.00000000000000 ) );
#10974 = CARTESIAN_POINT( '', ( 3.90000000000000, -3.45000000000000, -2.00000000000000 ) );
#10975 = VECTOR( '', #12675, 1000.00000000000 );
#10976 = CARTESIAN_POINT( '', ( 3.35000000000000, -3.45000000000000, -2.00000000000000 ) );
#10977 = VECTOR( '', #12676, 1000.00000000000 );
#10978 = COLOUR_RGB( '', 0.000000000000000, 0.000000000000000, 0.600000023841858 );
#10979 = CARTESIAN_POINT( '', ( 3.32500000000000, -3.35000000000000, 0.860000000000000 ) );
#10980 = CARTESIAN_POINT( '', ( 3.90000000000000, -3.35000000000000, 0.860000000000000 ) );
#10981 = CARTESIAN_POINT( '', ( 3.90000000000000, -3.35000000000000, 0.860000000000000 ) );
#10982 = VECTOR( '', #12677, 1000.00000000000 );
#10983 = CARTESIAN_POINT( '', ( 3.32500000000000, -2.00000000000000, 0.860000000000000 ) );
#10984 = VECTOR( '', #12678, 1000.00000000000 );
#10985 = CARTESIAN_POINT( '', ( 3.90000000000000, -3.35000000000000, 0.860000000000000 ) );
#10986 = VECTOR( '', #12679, 1000.00000000000 );
#10987 = COLOUR_RGB( '', 0.898039221763611, 0.898039221763611, 0.898039221763611 );
#10988 = CARTESIAN_POINT( '', ( 1.80000000000000, 3.25000000000000, -2.60000000000000 ) );
#10989 = CARTESIAN_POINT( '', ( 2.00000000000000, 3.45000000000000, -2.80000000000000 ) );
#10990 = CARTESIAN_POINT( '', ( 2.08333333333335, 3.53333333333334, -2.88333333333334 ) );
#10991 = VECTOR( '', #12680, 1000.00000000000 );
#10992 = CARTESIAN_POINT( '', ( 1.34090909090911, 3.25000000000000, -2.60000000000000 ) );
#10993 = CARTESIAN_POINT( '', ( -3.90000000000000, 3.25000000000000, -2.60000000000000 ) );
#10994 = VECTOR( '', #12681, 1000.00000000000 );
#10995 = CARTESIAN_POINT( '', ( 1.33636363636365, 3.45000000000000, -2.80000000000000 ) );
#10996 = CARTESIAN_POINT( '', ( 1.45225923057063, -1.64940614510715, 2.29940614510715 ) );
#10997 = VECTOR( '', #12682, 1000.00000000000 );
#10998 = CARTESIAN_POINT( '', ( 2.25000000000000, 3.45000000000000, -2.80000000000000 ) );
#10999 = VECTOR( '', #12683, 1000.00000000000 );
#11000 = COLOUR_RGB( '', 0.505882382392883, 0.505882382392883, 0.505882382392883 );
#11001 = CARTESIAN_POINT( '', ( 3.00000000000000, 3.35000000000000, 3.69435389988899 ) );
#11002 = CARTESIAN_POINT( '', ( 3.00000000000000, 3.35000000000000, -1.00564610011101 ) );
#11003 = VECTOR( '', #12684, 1000.00000000000 );
#11004 = CARTESIAN_POINT( '', ( 4.17500000000000, 3.35000000000000, 3.69435389988899 ) );
#11005 = VECTOR( '', #12685, 1000.00000000000 );
#11006 = CARTESIAN_POINT( '', ( 4.17500000000000, 3.35000000000000, -0.00564610011100910 ) );
#11007 = CARTESIAN_POINT( '', ( 4.17500000000000, 3.35000000000000, -1.00564610011101 ) );
#11008 = VECTOR( '', #12686, 1000.00000000000 );
#11009 = CARTESIAN_POINT( '', ( -3.82500000000000, 3.35000000000000, -0.00564610011100910 ) );
#11010 = VECTOR( '', #12687, 1000.00000000000 );
#11011 = AXIS2_PLACEMENT_3D( '', #12688, #12689, #12690 );
#11012 = COLOUR_RGB( '', 0.000000000000000, 0.000000000000000, 0.600000023841858 );
#11013 = CARTESIAN_POINT( '', ( 0.371050807568870, 3.45000000000000, 2.20000000000000 ) );
#11014 = CARTESIAN_POINT( '', ( 0.371050807568870, 3.45000000000000, 2.20000000000000 ) );
#11015 = VECTOR( '', #12691, 1000.00000000000 );
#11016 = CARTESIAN_POINT( '', ( 0.371050807568870, 3.45000000000000, 3.50000000000000 ) );
#11017 = CARTESIAN_POINT( '', ( 0.371050807568870, 3.45000000000000, 3.50000000000000 ) );
#11018 = VECTOR( '', #12692, 1000.00000000000 );
#11019 = CARTESIAN_POINT( '', ( -0.278949192431130, 3.45000000000000, 3.50000000000000 ) );
#11020 = VECTOR( '', #12693, 1000.00000000000 );
#11021 = CARTESIAN_POINT( '', ( 1.27500000000000, 3.45000000000000, 6.00000000000000 ) );
#11022 = CARTESIAN_POINT( '', ( 0.525000000000000, 3.45000000000000, 6.00000000000000 ) );
#11023 = CARTESIAN_POINT( '', ( 1.27500000000000, 3.45000000000000, 6.00000000000000 ) );
#11024 = VECTOR( '', #12694, 1000.00000000000 );
#11025 = CARTESIAN_POINT( '', ( 0.525000000000000, 3.45000000000000, 4.50000000000000 ) );
#11026 = CARTESIAN_POINT( '', ( 0.525000000000000, 3.45000000000000, 4.50000000000000 ) );
#11027 = VECTOR( '', #12695, 1000.00000000000 );
#11028 = CARTESIAN_POINT( '', ( 1.27500000000000, 3.45000000000000, 4.50000000000000 ) );
#11029 = CARTESIAN_POINT( '', ( 0.525000000000000, 3.45000000000000, 4.50000000000000 ) );
#11030 = VECTOR( '', #12696, 1000.00000000000 );
#11031 = CARTESIAN_POINT( '', ( 1.27500000000000, 3.45000000000000, 4.50000000000000 ) );
#11032 = VECTOR( '', #12697, 1000.00000000000 );
#11033 = CARTESIAN_POINT( '', ( -0.525000000000000, 3.45000000000000, 6.00000000000000 ) );
#11034 = CARTESIAN_POINT( '', ( -0.525000000000000, 3.45000000000000, 4.50000000000000 ) );
#11035 = VECTOR( '', #12698, 1000.00000000000 );
#11036 = CARTESIAN_POINT( '', ( -1.27500000000000, 3.45000000000000, 6.00000000000000 ) );
#11037 = CARTESIAN_POINT( '', ( 1.27500000000000, 3.45000000000000, 6.00000000000000 ) );
#11038 = VECTOR( '', #12699, 1000.00000000000 );
#11039 = CARTESIAN_POINT( '', ( -1.27500000000000, 3.45000000000000, 4.50000000000000 ) );
#11040 = VECTOR( '', #12700, 1000.00000000000 );
#11041 = CARTESIAN_POINT( '', ( -1.65100000000000, 3.45000000000000, 0.850000000000000 ) );
#11042 = CARTESIAN_POINT( '', ( -1.82997459621557, 3.45000000000000, 0.850000000000000 ) );
#11043 = VECTOR( '', #12701, 1000.00000000000 );
#11044 = CARTESIAN_POINT( '', ( -1.65100000000000, 3.45000000000000, -1.46448789461608E-017 ) );
#11045 = VECTOR( '', #12702, 1000.00000000000 );
#11046 = CARTESIAN_POINT( '', ( -1.82997459621557, 3.45000000000000, 0.000000000000000 ) );
#11047 = VECTOR( '', #12703, 1000.00000000000 );
#11048 = COLOUR_RGB( '', 0.898039221763611, 0.898039221763611, 0.898039221763611 );
#11049 = CARTESIAN_POINT( '', ( -2.25000000000000, -3.45000000000000, -4.40000000000000 ) );
#11050 = VECTOR( '', #12704, 1000.00000000000 );
#11051 = AXIS2_PLACEMENT_3D( '', #12705, #12706, #12707 );
#11052 = COLOUR_RGB( '', 0.113725490868092, 0.400000005960464, 0.113725490868092 );
#11053 = CARTESIAN_POINT( '', ( -1.25000000000000, -1.25000000000000, 10.5500000000000 ) );
#11054 = CARTESIAN_POINT( '', ( -1.25000000000000, 1.25000000000000, 10.5500000000000 ) );
#11055 = VECTOR( '', #12708, 1000.00000000000 );
#11056 = CARTESIAN_POINT( '', ( -1.25000000000000, -1.25000000000000, 11.5500000000000 ) );
#11057 = CARTESIAN_POINT( '', ( -1.25000000000000, -1.25000000000000, 11.5500000000000 ) );
#11058 = VECTOR( '', #12709, 1000.00000000000 );
#11059 = CARTESIAN_POINT( '', ( -1.25000000000000, 1.25000000000000, 11.5500000000000 ) );
#11060 = VECTOR( '', #12710, 1000.00000000000 );
#11061 = COLOUR_RGB( '', 0.898039221763611, 0.898039221763611, 0.898039221763611 );
#11062 = CARTESIAN_POINT( '', ( 0.463636363636355, -3.45000000000000, -2.80000000000000 ) );
#11063 = CARTESIAN_POINT( '', ( 0.459090909090900, -3.25000000000000, -2.60000000000000 ) );
#11064 = CARTESIAN_POINT( '', ( 0.487503227472239, -4.50014200877872, -3.85014200877872 ) );
#11065 = VECTOR( '', #12711, 1000.00000000000 );
#11066 = CARTESIAN_POINT( '', ( -0.463636363636372, -3.45000000000000, -2.80000000000000 ) );
#11067 = CARTESIAN_POINT( '', ( 0.459090909090900, -3.45000000000000, -2.80000000000000 ) );
#11068 = VECTOR( '', #12712, 1000.00000000000 );
#11069 = CARTESIAN_POINT( '', ( -0.459090909090918, -3.25000000000000, -2.60000000000000 ) );
#11070 = CARTESIAN_POINT( '', ( -0.437490317583281, -2.29957397366382, -1.64957397366382 ) );
#11071 = VECTOR( '', #12713, 1000.00000000000 );
#11072 = CARTESIAN_POINT( '', ( -0.459090909090918, -3.25000000000000, -2.60000000000000 ) );
#11073 = VECTOR( '', #12714, 1000.00000000000 );
#11074 = COLOUR_RGB( '', 0.505882382392883, 0.505882382392883, 0.505882382392883 );
#11075 = COLOUR_RGB( '', 0.113725490868092, 0.400000005960464, 0.113725490868092 );
#11076 = CARTESIAN_POINT( '', ( 1.25000000000000, -1.25000000000000, 10.5500000000000 ) );
#11077 = CARTESIAN_POINT( '', ( 1.25000000000000, -1.25000000000000, 10.5500000000000 ) );
#11078 = VECTOR( '', #12715, 1000.00000000000 );
#11079 = CARTESIAN_POINT( '', ( 1.25000000000000, -1.25000000000000, 11.5500000000000 ) );
#11080 = CARTESIAN_POINT( '', ( 1.25000000000000, -1.25000000000000, 11.5500000000000 ) );
#11081 = VECTOR( '', #12716, 1000.00000000000 );
#11082 = CARTESIAN_POINT( '', ( 1.25000000000000, -1.25000000000000, 11.5500000000000 ) );
#11083 = VECTOR( '', #12717, 1000.00000000000 );
#11084 = COLOUR_RGB( '', 0.000000000000000, 0.000000000000000, 0.600000023841858 );
#11085 = CARTESIAN_POINT( '', ( 3.32500000000000, 3.35000000000000, 0.850000000000000 ) );
#11086 = CARTESIAN_POINT( '', ( 3.90000000000000, 3.35000000000000, 0.850000000000000 ) );
#11087 = CARTESIAN_POINT( '', ( 3.32500000000000, 3.35000000000000, 0.850000000000000 ) );
#11088 = VECTOR( '', #12718, 1000.00000000000 );
#11089 = CARTESIAN_POINT( '', ( 3.32500000000000, 3.95000000000000, 0.850000000000000 ) );
#11090 = CARTESIAN_POINT( '', ( 3.32500000000000, 3.95000000000000, 0.850000000000000 ) );
#11091 = VECTOR( '', #12719, 1000.00000000000 );
#11092 = CARTESIAN_POINT( '', ( 3.40000000000000, 3.95000000000000, 0.850000000000000 ) );
#11093 = CARTESIAN_POINT( '', ( 3.32500000000000, 3.95000000000000, 0.850000000000000 ) );
#11094 = VECTOR( '', #12720, 1000.00000000000 );
#11095 = CARTESIAN_POINT( '', ( 3.90000000000000, 3.45000000000000, 0.850000000000000 ) );
#11096 = AXIS2_PLACEMENT_3D( '', #12721, #12722, #12723 );
#11097 = CARTESIAN_POINT( '', ( 3.90000000000000, 3.95000000000000, 0.850000000000000 ) );
#11098 = VECTOR( '', #12724, 1000.00000000000 );
#11099 = COLOUR_RGB( '', 0.505882382392883, 0.505882382392883, 0.505882382392883 );
#11100 = CARTESIAN_POINT( '', ( 4.17500000000000, 2.65000000000000, -0.00564610011100563 ) );
#11101 = CARTESIAN_POINT( '', ( 5.00000000000000, 2.65000000000000, -0.00564610011100563 ) );
#11102 = VECTOR( '', #12725, 1000.00000000000 );
#11103 = CARTESIAN_POINT( '', ( 4.17500000000000, 2.65000000000000, -1.00564610011101 ) );
#11104 = VECTOR( '', #12726, 1000.00000000000 );
#11105 = COLOUR_RGB( '', 0.000000000000000, 0.000000000000000, 0.600000023841858 );
#11106 = CARTESIAN_POINT( '', ( -3.90000000000000, 2.00000000000000, 0.860000000000000 ) );
#11107 = CARTESIAN_POINT( '', ( -3.90000000000000, 3.35000000000000, 0.860000000000000 ) );
#11108 = CARTESIAN_POINT( '', ( -3.90000000000000, 3.35000000000000, 0.860000000000000 ) );
#11109 = VECTOR( '', #12727, 1000.00000000000 );
#11110 = CARTESIAN_POINT( '', ( -3.90000000000000, 2.00000000000000, 0.850000000000000 ) );
#11111 = CARTESIAN_POINT( '', ( -3.90000000000000, 2.00000000000000, 0.860000000000000 ) );
#11112 = VECTOR( '', #12728, 1000.00000000000 );
#11113 = CARTESIAN_POINT( '', ( -3.90000000000000, -2.00000000000000, 0.850000000000000 ) );
#11114 = CARTESIAN_POINT( '', ( -3.90000000000000, 3.95000000000000, 0.850000000000000 ) );
#11115 = VECTOR( '', #12729, 1000.00000000000 );
#11116 = CARTESIAN_POINT( '', ( -3.90000000000000, -2.00000000000000, 0.860000000000000 ) );
#11117 = CARTESIAN_POINT( '', ( -3.90000000000000, -2.00000000000000, 0.860000000000000 ) );
#11118 = VECTOR( '', #12730, 1000.00000000000 );
#11119 = CARTESIAN_POINT( '', ( -3.90000000000000, -3.35000000000000, 0.860000000000000 ) );
#11120 = CARTESIAN_POINT( '', ( -3.90000000000000, -2.00000000000000, 0.860000000000000 ) );
#11121 = VECTOR( '', #12731, 1000.00000000000 );
#11122 = CARTESIAN_POINT( '', ( -3.90000000000000, -3.35000000000000, 0.850000000000000 ) );
#11123 = CARTESIAN_POINT( '', ( -3.90000000000000, -3.35000000000000, 0.860000000000000 ) );
#11124 = VECTOR( '', #12732, 1000.00000000000 );
#11125 = CARTESIAN_POINT( '', ( -3.90000000000000, -3.45000000000000, 0.850000000000000 ) );
#11126 = CARTESIAN_POINT( '', ( -3.90000000000000, 3.95000000000000, 0.850000000000000 ) );
#11127 = VECTOR( '', #12733, 1000.00000000000 );
#11128 = CARTESIAN_POINT( '', ( -3.90000000000000, -3.45000000000000, 6.30000000000000 ) );
#11129 = VECTOR( '', #12734, 1000.00000000000 );
#11130 = CARTESIAN_POINT( '', ( -3.90000000000000, 3.35000000000000, 0.850000000000000 ) );
#11131 = CARTESIAN_POINT( '', ( -3.90000000000000, 3.95000000000000, 0.850000000000000 ) );
#11132 = VECTOR( '', #12735, 1000.00000000000 );
#11133 = CARTESIAN_POINT( '', ( -3.90000000000000, 3.35000000000000, 0.860000000000000 ) );
#11134 = VECTOR( '', #12736, 1000.00000000000 );
#11135 = COLOUR_RGB( '', 0.898039221763611, 0.898039221763611, 0.898039221763611 );
#11136 = CARTESIAN_POINT( '', ( 1.45000000000001, 3.95000000000000, -5.20000000000000 ) );
#11137 = CARTESIAN_POINT( '', ( 1.45000000000001, 3.70000000000000, -5.20000000000000 ) );
#11138 = CARTESIAN_POINT( '', ( 1.45000000000001, 3.45000000000000, -5.20000000000000 ) );
#11139 = VECTOR( '', #12737, 1000.00000000000 );
#11140 = CARTESIAN_POINT( '', ( -1.45000000000000, 3.70000000000000, -5.20000000000000 ) );
#11141 = VECTOR( '', #12738, 1000.00000000000 );
#11142 = CARTESIAN_POINT( '', ( 2.25000000000000, 3.95000000000000, -5.20000000000000 ) );
#11143 = VECTOR( '', #12739, 1000.00000000000 );
#11144 = COLOUR_RGB( '', 0.113725490868092, 0.400000005960464, 0.113725490868092 );
#11145 = CARTESIAN_POINT( '', ( -0.749999999999981, -1.15000000000000, 14.0500000000000 ) );
#11146 = CARTESIAN_POINT( '', ( -0.749999999999981, -1.15000000000001, 14.0500000000000 ) );
#11147 = VECTOR( '', #12740, 1000.00000000000 );
#11148 = CARTESIAN_POINT( '', ( -1.65000000000000, -1.15000000000001, 14.0500000000000 ) );
#11149 = VECTOR( '', #12741, 1000.00000000000 );
#11150 = CARTESIAN_POINT( '', ( -1.65000000000000, -1.65000000000000, 13.5500000000000 ) );
#11151 = VECTOR( '', #12742, 1000.00000000000 );
#11152 = CARTESIAN_POINT( '', ( -1.65000000000000, -1.15000000000001, 14.0500000000000 ) );
#11153 = VECTOR( '', #12743, 1000.00000000000 );
#11154 = COLOUR_RGB( '', 0.113725490868092, 0.400000005960464, 0.113725490868092 );
#11155 = CARTESIAN_POINT( '', ( 1.65000000000000, 1.65000000000000, 11.5500000000000 ) );
#11156 = CARTESIAN_POINT( '', ( 1.65000000000000, 1.65000000000000, 14.0500000000000 ) );
#11157 = VECTOR( '', #12744, 1000.00000000000 );
#11158 = CARTESIAN_POINT( '', ( 1.65000000000000, -1.65000000000000, 11.5500000000000 ) );
#11159 = CARTESIAN_POINT( '', ( 1.65000000000000, -1.65000000000000, 14.0500000000000 ) );
#11160 = VECTOR( '', #12745, 1000.00000000000 );
#11161 = CARTESIAN_POINT( '', ( 1.65000000000000, -1.65000000000000, 11.5500000000000 ) );
#11162 = VECTOR( '', #12746, 1000.00000000000 );
#11163 = COLOUR_RGB( '', 0.898039221763611, 0.898039221763611, 0.898039221763611 );
#11164 = CARTESIAN_POINT( '', ( -1.34090909090907, 3.45000000000000, -2.60000000000000 ) );
#11165 = CARTESIAN_POINT( '', ( -0.400000000000018, 3.45000000000000, -2.60000000000000 ) );
#11166 = VECTOR( '', #12747, 1000.00000000000 );
#11167 = CARTESIAN_POINT( '', ( -1.39999999999998, 3.45000000000000, 8.67361737988404E-016 ) );
#11168 = CARTESIAN_POINT( '', ( -1.29999999999998, 3.45000000000000, -4.40000000000000 ) );
#11169 = VECTOR( '', #12748, 1000.00000000000 );
#11170 = CARTESIAN_POINT( '', ( -0.400000000000018, 3.45000000000000, 0.000000000000000 ) );
#11171 = VECTOR( '', #12749, 1000.00000000000 );
#11172 = COLOUR_RGB( '', 0.000000000000000, 0.000000000000000, 0.600000023841858 );
#11173 = CARTESIAN_POINT( '', ( -3.50000000000000, -3.55000000000000, 6.80000000000000 ) );
#11174 = CARTESIAN_POINT( '', ( -3.50000000000000, -3.93989794855663, 6.80000000000000 ) );
#11175 = CARTESIAN_POINT( '', ( -3.50000000000000, -3.45000000000000, 6.80000000000000 ) );
#11176 = VECTOR( '', #12750, 1000.00000000000 );
#11177 = CARTESIAN_POINT( '', ( -3.88989794855664, -3.55000000000000, 6.80000000000000 ) );
#11178 = CARTESIAN_POINT( '', ( -3.40000000000000, -3.55000000000000, 6.80000000000000 ) );
#11179 = VECTOR( '', #12751, 1000.00000000000 );
#11180 = AXIS2_PLACEMENT_3D( '', #12752, #12753, #12754 );
#11181 = COLOUR_RGB( '', 0.000000000000000, 0.000000000000000, 0.600000023841858 );
#11182 = CARTESIAN_POINT( '', ( -0.625000000000000, 3.95000000000000, 5.50000000000000 ) );
#11183 = CARTESIAN_POINT( '', ( -0.625000000000000, 3.95000000000000, 4.50000000000000 ) );
#11184 = VECTOR( '', #12755, 1000.00000000000 );
#11185 = CARTESIAN_POINT( '', ( -0.525000000000000, 3.85000000000000, 5.60000000000000 ) );
#11186 = CARTESIAN_POINT( '', ( -0.891666666666667, 4.21666666666667, 5.23333333333333 ) );
#11187 = VECTOR( '', #12756, 1000.00000000000 );
#11188 = CARTESIAN_POINT( '', ( -0.525000000000000, 3.85000000000000, 4.50000000000000 ) );
#11189 = VECTOR( '', #12757, 1000.00000000000 );
#11190 = COLOUR_RGB( '', 0.113725490868092, 0.400000005960464, 0.113725490868092 );
#11191 = CARTESIAN_POINT( '', ( 2.82500000000000, -2.97500000000000, -2.16840434497101E-016 ) );
#11192 = CARTESIAN_POINT( '', ( 2.45000000000000, -2.97500000000000, 0.000000000000000 ) );
#11193 = CARTESIAN_POINT( '', ( 2.45000000000000, -2.97500000000000, 0.000000000000000 ) );
#11194 = VECTOR( '', #12758, 1000.00000000000 );
#11195 = CARTESIAN_POINT( '', ( 1.02500000000000, -1.17500000000000, -1.80000000000000 ) );
#11196 = VECTOR( '', #12759, 999.999999999999 );
#11197 = CARTESIAN_POINT( '', ( 2.45000000000000, -3.22500000000000, 0.250000000000000 ) );
#11198 = CARTESIAN_POINT( '', ( 3.07500000000000, -3.22500000000000, 0.250000000000000 ) );
#11199 = VECTOR( '', #12760, 1000.00000000000 );
#11200 = CARTESIAN_POINT( '', ( 2.45000000000000, -3.22500000000000, 0.250000000000000 ) );
#11201 = VECTOR( '', #12761, 1000.00000000000 );
#11202 = COLOUR_RGB( '', 0.000000000000000, 0.000000000000000, 0.600000023841858 );
#11203 = CARTESIAN_POINT( '', ( 0.525000000000000, 3.85000000000000, 4.50000000000000 ) );
#11204 = CARTESIAN_POINT( '', ( 0.525000000000000, 3.95000000000000, 4.50000000000000 ) );
#11205 = VECTOR( '', #12762, 1000.00000000000 );
#11206 = CARTESIAN_POINT( '', ( 0.625000000000000, 3.95000000000000, 4.50000000000000 ) );
#11207 = CARTESIAN_POINT( '', ( 0.625000000000000, 3.95000000000000, 4.50000000000000 ) );
#11208 = VECTOR( '', #12763, 1000.00000000000 );
#11209 = CARTESIAN_POINT( '', ( 1.17500000000000, 3.95000000000000, 4.50000000000000 ) );
#11210 = CARTESIAN_POINT( '', ( 1.27500000000000, 3.95000000000000, 4.50000000000000 ) );
#11211 = VECTOR( '', #12764, 1000.00000000000 );
#11212 = CARTESIAN_POINT( '', ( 1.27500000000000, 3.85000000000000, 4.50000000000000 ) );
#11213 = CARTESIAN_POINT( '', ( 1.27500000000000, 3.85000000000000, 4.50000000000000 ) );
#11214 = VECTOR( '', #12765, 1000.00000000000 );
#11215 = CARTESIAN_POINT( '', ( 1.27500000000000, 3.45000000000000, 4.50000000000000 ) );
#11216 = VECTOR( '', #12766, 1000.00000000000 );
#11217 = COLOUR_RGB( '', 0.898039221763611, 0.898039221763611, 0.898039221763611 );
#11218 = CARTESIAN_POINT( '', ( 2.90000000000000, 1.75000000000000, -2.60000000000000 ) );
#11219 = CARTESIAN_POINT( '', ( 2.90000000000000, 2.35000000000000, -2.60000000000000 ) );
#11220 = CARTESIAN_POINT( '', ( 2.90000000000000, -2.90000000000000, -2.60000000000000 ) );
#11221 = VECTOR( '', #12767, 1000.00000000000 );
#11222 = CARTESIAN_POINT( '', ( 2.90000000000000, 1.75000000000000, 0.000000000000000 ) );
#11223 = CARTESIAN_POINT( '', ( 2.90000000000000, 1.75000000000000, -2.60000000000000 ) );
#11224 = VECTOR( '', #12768, 1000.00000000000 );
#11225 = CARTESIAN_POINT( '', ( 2.90000000000000, 2.35000000000000, 0.000000000000000 ) );
#11226 = CARTESIAN_POINT( '', ( 2.90000000000000, -2.90000000000000, 0.000000000000000 ) );
#11227 = VECTOR( '', #12769, 1000.00000000000 );
#11228 = CARTESIAN_POINT( '', ( 2.90000000000000, 2.35000000000000, -2.60000000000000 ) );
#11229 = VECTOR( '', #12770, 1000.00000000000 );
#11230 = COLOUR_RGB( '', 0.898039221763611, 0.898039221763611, 0.898039221763611 );
#11231 = CARTESIAN_POINT( '', ( 2.00000000000000, 3.45000000000000, -4.40000000000000 ) );
#11232 = CARTESIAN_POINT( '', ( 2.25000000000000, 3.70000000000000, -4.40000000000000 ) );
#11233 = CARTESIAN_POINT( '', ( 2.00000000000000, 3.45000000000000, -4.40000000000000 ) );
#11234 = VECTOR( '', #12771, 1000.00000000000 );
#11235 = CARTESIAN_POINT( '', ( 2.25000000000000, 3.70000000000000, -2.60000000000000 ) );
#11236 = CARTESIAN_POINT( '', ( 2.25000000000000, 3.70000000000000, -5.20000000000000 ) );
#11237 = VECTOR( '', #12772, 1000.00000000000 );
#11238 = CARTESIAN_POINT( '', ( 2.00000000000000, 3.45000000000000, -2.60000000000000 ) );
#11239 = VECTOR( '', #12773, 1000.00000000000 );
#11240 = CARTESIAN_POINT( '', ( 2.00000000000000, 3.45000000000000, -5.20000000000000 ) );
#11241 = VECTOR( '', #12774, 1000.00000000000 );
#11242 = COLOUR_RGB( '', 0.898039221763611, 0.898039221763611, 0.898039221763611 );
#11243 = CARTESIAN_POINT( '', ( 2.25000000000000, 3.95000000000000, -4.40000000000000 ) );
#11244 = CARTESIAN_POINT( '', ( 2.25000000000000, 3.95000000000000, -4.40000000000000 ) );
#11245 = VECTOR( '', #12775, 1000.00000000000 );
#11246 = AXIS2_PLACEMENT_3D( '', #12776, #12777, #12778 );
#11247 = AXIS2_PLACEMENT_3D( '', #12779, #12780, #12781 );
#11248 = COLOUR_RGB( '', 0.113725490868092, 0.400000005960464, 0.113725490868092 );
#11249 = CARTESIAN_POINT( '', ( -2.37500000000000, -2.35000000000000, 8.55000000000000 ) );
#11250 = AXIS2_PLACEMENT_3D( '', #12782, #12783, #12784 );
#11251 = CARTESIAN_POINT( '', ( -2.37500000000000, -2.35000000000000, 8.55000000000000 ) );
#11252 = VECTOR( '', #12785, 1000.00000000000 );
#11253 = COLOUR_RGB( '', 0.000000000000000, 0.000000000000000, 0.600000023841858 );
#11254 = CARTESIAN_POINT( '', ( 0.376050807568874, -3.50000000000000, 2.20000000000000 ) );
#11255 = CARTESIAN_POINT( '', ( 0.376050807568874, -3.45000000000000, 2.20000000000000 ) );
#11256 = VECTOR( '', #12786, 1000.00000000000 );
#11257 = CARTESIAN_POINT( '', ( -0.273949192431126, -3.50000000000000, 2.20000000000000 ) );
#11258 = CARTESIAN_POINT( '', ( -0.273949192431126, -3.50000000000000, 2.20000000000000 ) );
#11259 = VECTOR( '', #12787, 1000.00000000000 );
#11260 = CARTESIAN_POINT( '', ( -0.273949192431126, -3.45000000000000, 2.20000000000000 ) );
#11261 = VECTOR( '', #12788, 1000.00000000000 );
#11262 = COLOUR_RGB( '', 0.505882382392883, 0.505882382392883, 0.505882382392883 );
#11263 = CARTESIAN_POINT( '', ( -3.82500000000000, -0.540366972477067, 4.21224380814587 ) );
#11264 = VECTOR( '', #12789, 1000.00000000000 );
#11265 = COLOUR_RGB( '', 0.000000000000000, 0.000000000000000, 0.600000023841858 );
#11266 = CARTESIAN_POINT( '', ( 0.376050807568874, -3.95000000000000, 2.65000000000000 ) );
#11267 = CARTESIAN_POINT( '', ( 0.376050807568874, -3.95000000000000, 3.50000000000000 ) );
#11268 = CARTESIAN_POINT( '', ( 0.376050807568874, -3.95000000000000, 2.20000000000000 ) );
#11269 = VECTOR( '', #12790, 1000.00000000000 );
#11270 = CARTESIAN_POINT( '', ( 0.376050807568874, -3.47500000000000, 2.17500000000000 ) );
#11271 = VECTOR( '', #12791, 1000.00000000000 );
#11272 = CARTESIAN_POINT( '', ( 0.376050807568874, -3.45000000000000, 3.50000000000000 ) );
#11273 = VECTOR( '', #12792, 1000.00000000000 );
#11274 = COLOUR_RGB( '', 0.505882382392883, 0.505882382392883, 0.505882382392883 );
#11275 = CARTESIAN_POINT( '', ( 3.00000000000000, 3.58776315789474, 3.69435389988899 ) );
#11276 = VECTOR( '', #12793, 1000.00000000000 );
#11277 = COLOUR_RGB( '', 0.000000000000000, 0.000000000000000, 0.600000023841858 );
#11278 = CARTESIAN_POINT( '', ( -3.32500000000000, 2.00000000000000, 0.850000000000000 ) );
#11279 = VECTOR( '', #12794, 1000.00000000000 );
#11280 = CARTESIAN_POINT( '', ( -3.32500000000000, 2.00000000000000, 0.860000000000000 ) );
#11281 = VECTOR( '', #12795, 1000.00000000000 );
#11282 = COLOUR_RGB( '', 0.000000000000000, 0.000000000000000, 0.600000023841858 );
#11283 = CARTESIAN_POINT( '', ( 1.27500000000000, 3.95000000000000, 5.50000000000000 ) );
#11284 = VECTOR( '', #12796, 1000.00000000000 );
#11285 = CARTESIAN_POINT( '', ( -1.27500000000000, 3.95000000000000, 5.50000000000000 ) );
#11286 = VECTOR( '', #12797, 1000.00000000000 );
#11287 = CARTESIAN_POINT( '', ( -0.525000000000000, 4.20000000000000, 5.25000000000000 ) );
#11288 = VECTOR( '', #12798, 1000.00000000000 );
#11289 = COLOUR_RGB( '', 0.000000000000000, 0.000000000000000, 0.600000023841858 );
#11290 = CARTESIAN_POINT( '', ( -0.525000000000000, -3.85000000000000, 4.50000000000000 ) );
#11291 = VECTOR( '', #12799, 1000.00000000000 );
#11292 = CARTESIAN_POINT( '', ( -0.891666666666665, -4.21666666666667, 5.23333333333333 ) );
#11293 = VECTOR( '', #12800, 1000.00000000000 );
#11294 = COLOUR_RGB( '', 0.000000000000000, 0.000000000000000, 0.600000023841858 );
#11295 = CARTESIAN_POINT( '', ( -1.95100000000000, -3.95000000000000, 3.50000000000000 ) );
#11296 = CARTESIAN_POINT( '', ( -1.95100000000000, -3.95000000000000, 3.50000000000000 ) );
#11297 = VECTOR( '', #12801, 1000.00000000000 );
#11298 = CARTESIAN_POINT( '', ( -1.95100000000000, -3.45000000000000, 3.50000000000000 ) );
#11299 = VECTOR( '', #12802, 1000.00000000000 );
#11300 = COLOUR_RGB( '', 0.898039221763611, 0.898039221763611, 0.898039221763611 );
#11301 = CARTESIAN_POINT( '', ( 3.35000000000000, -3.45000000000000, -2.60000000000000 ) );
#11302 = VECTOR( '', #12803, 1000.00000000000 );
#11303 = CARTESIAN_POINT( '', ( 3.35000000000000, -3.45000000000000, -2.00000000000000 ) );
#11304 = VECTOR( '', #12804, 1000.00000000000 );
#11305 = COLOUR_RGB( '', 0.113725490868092, 0.400000005960464, 0.113725490868092 );
#11306 = CARTESIAN_POINT( '', ( -1.65000000000000, -1.65000000000000, 10.5500000000000 ) );
#11307 = CARTESIAN_POINT( '', ( -1.65000000000000, -1.65000000000000, 10.5500000000000 ) );
#11308 = VECTOR( '', #12805, 1000.00000000000 );
#11309 = CARTESIAN_POINT( '', ( -1.65000000000000, -1.65000000000000, 8.55000000000000 ) );
#11310 = CARTESIAN_POINT( '', ( -1.65000000000000, 1.65000000000000, 8.55000000000000 ) );
#11311 = VECTOR( '', #12806, 1000.00000000000 );
#11312 = CARTESIAN_POINT( '', ( -1.65000000000000, -1.65000000000000, 14.0500000000000 ) );
#11313 = VECTOR( '', #12807, 1000.00000000000 );
#11314 = COLOUR_RGB( '', 0.898039221763611, 0.898039221763611, 0.898039221763611 );
#11315 = CARTESIAN_POINT( '', ( 1.34090909090911, 3.95000000000000, -2.60000000000000 ) );
#11316 = VECTOR( '', #12808, 1000.00000000000 );
#11317 = CARTESIAN_POINT( '', ( 2.25000000000000, 3.95000000000000, -2.60000000000000 ) );
#11318 = CARTESIAN_POINT( '', ( 2.25000000000000, 3.95000000000000, -2.60000000000000 ) );
#11319 = VECTOR( '', #12809, 1000.00000000000 );
#11320 = CARTESIAN_POINT( '', ( 3.90000000000000, 3.95000000000000, -2.60000000000000 ) );
#11321 = VECTOR( '', #12810, 1000.00000000000 );
#11322 = CARTESIAN_POINT( '', ( 3.90000000000000, -3.95000000000000, -2.60000000000000 ) );
#11323 = VECTOR( '', #12811, 1000.00000000000 );
#11324 = CARTESIAN_POINT( '', ( 2.25000000000000, -3.95000000000000, -2.60000000000000 ) );
#11325 = VECTOR( '', #12812, 1000.00000000000 );
#11326 = CARTESIAN_POINT( '', ( 1.34090909090911, -3.25000000000000, -2.60000000000000 ) );
#11327 = VECTOR( '', #12813, 1000.00000000000 );
#11328 = CARTESIAN_POINT( '', ( 0.459090909090899, 3.95000000000000, -2.60000000000000 ) );
#11329 = VECTOR( '', #12814, 1000.00000000000 );
#11330 = CARTESIAN_POINT( '', ( -0.459090909090919, 3.95000000000000, -2.60000000000000 ) );
#11331 = VECTOR( '', #12815, 1000.00000000000 );
#11332 = CARTESIAN_POINT( '', ( -1.34090909090907, -3.25000000000000, -2.60000000000000 ) );
#11333 = CARTESIAN_POINT( '', ( -1.34090909090907, 3.95000000000000, -2.60000000000000 ) );
#11334 = VECTOR( '', #12816, 1000.00000000000 );
#11335 = CARTESIAN_POINT( '', ( -2.00000000000000, -3.25000000000000, -2.60000000000000 ) );
#11336 = VECTOR( '', #12817, 1000.00000000000 );
#11337 = CARTESIAN_POINT( '', ( -2.25000000000000, -3.45000000000000, -2.60000000000000 ) );
#11338 = VECTOR( '', #12818, 1000.00000000000 );
#11339 = CARTESIAN_POINT( '', ( -3.35000000000000, -3.95000000000000, -2.60000000000000 ) );
#11340 = VECTOR( '', #12819, 1000.00000000000 );
#11341 = CARTESIAN_POINT( '', ( 3.90000000000000, 3.95000000000000, -2.60000000000000 ) );
#11342 = VECTOR( '', #12820, 1000.00000000000 );
#11343 = CARTESIAN_POINT( '', ( -1.34090909090907, 3.25000000000000, -2.60000000000000 ) );
#11344 = CARTESIAN_POINT( '', ( -3.90000000000000, 3.25000000000000, -2.60000000000000 ) );
#11345 = VECTOR( '', #12821, 1000.00000000000 );
#11346 = CARTESIAN_POINT( '', ( -1.34090909090907, 3.95000000000000, -2.60000000000000 ) );
#11347 = VECTOR( '', #12822, 1000.00000000000 );
#11348 = CARTESIAN_POINT( '', ( -2.90000000000000, -2.35000000000000, -2.60000000000000 ) );
#11349 = CARTESIAN_POINT( '', ( -2.90000000000000, 2.90000000000000, -2.60000000000000 ) );
#11350 = VECTOR( '', #12823, 1000.00000000000 );
#11351 = AXIS2_PLACEMENT_3D( '', #12824, #12825, #12826 );
#11352 = AXIS2_PLACEMENT_3D( '', #12827, #12828, #12829 );
#11353 = CARTESIAN_POINT( '', ( 2.95000000000000, 1.75000000000000, -2.60000000000000 ) );
#11354 = CARTESIAN_POINT( '', ( 2.95000000000000, -1.75000000000000, -2.60000000000000 ) );
#11355 = VECTOR( '', #12830, 1000.00000000000 );
#11356 = CARTESIAN_POINT( '', ( 2.95000000000000, 1.75000000000000, -2.60000000000000 ) );
#11357 = VECTOR( '', #12831, 1000.00000000000 );
#11358 = AXIS2_PLACEMENT_3D( '', #12832, #12833, #12834 );
#11359 = CARTESIAN_POINT( '', ( -2.90000000000000, 2.35000000000000, -2.60000000000000 ) );
#11360 = AXIS2_PLACEMENT_3D( '', #12835, #12836, #12837 );
#11361 = CARTESIAN_POINT( '', ( -2.90000000000000, 1.75000000000000, -2.60000000000000 ) );
#11362 = CARTESIAN_POINT( '', ( -2.90000000000000, 2.90000000000000, -2.60000000000000 ) );
#11363 = VECTOR( '', #12838, 1000.00000000000 );
#11364 = CARTESIAN_POINT( '', ( -2.95000000000000, 1.75000000000000, -2.60000000000000 ) );
#11365 = VECTOR( '', #12839, 1000.00000000000 );
#11366 = COLOUR_RGB( '', 0.505882382392883, 0.505882382392883, 0.505882382392883 );
#11367 = CARTESIAN_POINT( '', ( 4.17500000000000, -2.65000000000000, -0.00564610011100693 ) );
#11368 = CARTESIAN_POINT( '', ( 4.17500000000000, -2.86923076923077, -1.10179994626485 ) );
#11369 = VECTOR( '', #12840, 1000.00000000000 );
#11370 = CARTESIAN_POINT( '', ( 5.00000000000000, -2.65000000000000, -0.00564610011100910 ) );
#11371 = VECTOR( '', #12841, 1000.00000000000 );
#11372 = COLOUR_RGB( '', 0.000000000000000, 0.000000000000000, 0.600000023841858 );
#11373 = CARTESIAN_POINT( '', ( -2.90000000000000, -2.50000000000000, 0.200000000000000 ) );
#11374 = AXIS2_PLACEMENT_3D( '', #12842, #12843, #12844 );
#11375 = COLOUR_RGB( '', 0.113725490868092, 0.400000005960464, 0.113725490868092 );
#11376 = CARTESIAN_POINT( '', ( -2.45000000000000, -2.97500000000000, 0.000000000000000 ) );
#11377 = CARTESIAN_POINT( '', ( -2.45000000000000, -3.22500000000000, 0.250000000000000 ) );
#11378 = VECTOR( '', #12845, 1000.00000000000 );
#11379 = CARTESIAN_POINT( '', ( -2.45000000000000, -2.85000000000000, 0.000000000000000 ) );
#11380 = VECTOR( '', #12846, 1000.00000000000 );
#11381 = CARTESIAN_POINT( '', ( -2.45000000000000, -2.85000000000000, 2.85000000000000 ) );
#11382 = VECTOR( '', #12847, 1000.00000000000 );
#11383 = COLOUR_RGB( '', 0.000000000000000, 0.000000000000000, 0.600000023841858 );
#11384 = CARTESIAN_POINT( '', ( 3.32500000000000, -3.35000000000000, 0.850000000000000 ) );
#11385 = CARTESIAN_POINT( '', ( 3.32500000000000, -2.00000000000000, 0.850000000000000 ) );
#11386 = VECTOR( '', #12848, 1000.00000000000 );
#11387 = CARTESIAN_POINT( '', ( 3.32500000000000, -3.35000000000000, 0.860000000000000 ) );
#11388 = VECTOR( '', #12849, 1000.00000000000 );
#11389 = COLOUR_RGB( '', 0.113725490868092, 0.400000005960464, 0.113725490868092 );
#11390 = CARTESIAN_POINT( '', ( 2.37500000000000, -2.35000000000000, 8.55000000000000 ) );
#11391 = AXIS2_PLACEMENT_3D( '', #12850, #12851, #12852 );
#11392 = AXIS2_PLACEMENT_3D( '', #12853, #12854, #12855 );
#11393 = COLOUR_RGB( '', 0.898039221763611, 0.898039221763611, 0.898039221763611 );
#11394 = CARTESIAN_POINT( '', ( -1.39999999999998, -3.95000000000000, 8.67361737988404E-016 ) );
#11395 = VECTOR( '', #12856, 1000.00000000000 );
#11396 = CARTESIAN_POINT( '', ( -1.29999999999998, -3.45000000000000, -4.40000000000000 ) );
#11397 = CARTESIAN_POINT( '', ( -1.29999999999998, -3.95000000000000, -4.40000000000000 ) );
#11398 = VECTOR( '', #12857, 1000.00000000000 );
#11399 = CARTESIAN_POINT( '', ( -1.33636363636362, -3.45000000000000, -2.80000000000000 ) );
#11400 = CARTESIAN_POINT( '', ( -1.27999483737737, -3.45000000000000, -5.28022715539494 ) );
#11401 = VECTOR( '', #12858, 1000.00000000000 );
#11402 = CARTESIAN_POINT( '', ( -1.31249677252774, -4.50014200877872, -3.85014200877872 ) );
#11403 = VECTOR( '', #12859, 1000.00000000000 );
#11404 = COLOUR_RGB( '', 0.505882382392883, 0.505882382392883, 0.505882382392883 );
#11405 = CARTESIAN_POINT( '', ( 4.17500000000000, -3.15769230769231, -0.967184561649469 ) );
#11406 = VECTOR( '', #12860, 1000.00000000000 );
#11407 = COLOUR_RGB( '', 0.000000000000000, 0.000000000000000, 0.600000023841858 );
#11408 = CARTESIAN_POINT( '', ( 3.90000000000000, 3.45000000000000, 6.80000000000000 ) );
#11409 = VECTOR( '', #12861, 1000.00000000000 );
#11410 = CARTESIAN_POINT( '', ( 3.90000000000000, 3.45000000000000, 6.30000000000000 ) );
#11411 = VECTOR( '', #12862, 1000.00000000000 );
#11412 = CARTESIAN_POINT( '', ( 3.40000000000000, 3.95000000000000, 6.30000000000000 ) );
#11413 = VECTOR( '', #12863, 1000.00000000000 );
#11414 = AXIS2_PLACEMENT_3D( '', #12864, #12865, #12866 );
#11415 = COLOUR_RGB( '', 0.000000000000000, 0.000000000000000, 0.600000023841858 );
#11416 = COLOUR_RGB( '', 0.898039221763611, 0.898039221763611, 0.898039221763611 );
#11417 = CARTESIAN_POINT( '', ( -1.39999999999998, 3.95000000000000, 8.67361737988404E-016 ) );
#11418 = CARTESIAN_POINT( '', ( -1.39999999999998, -3.95000000000000, 8.67361737988404E-016 ) );
#11419 = VECTOR( '', #12867, 1000.00000000000 );
#11420 = CARTESIAN_POINT( '', ( -1.33636363636362, 3.45000000000000, -2.80000000000000 ) );
#11421 = CARTESIAN_POINT( '', ( -1.40224632068162, 0.551161890007751, 0.0988381099922509 ) );
#11422 = VECTOR( '', #12868, 1000.00000000000 );
#11423 = CARTESIAN_POINT( '', ( -1.29999999999998, 3.45000000000000, -4.40000000000000 ) );
#11424 = CARTESIAN_POINT( '', ( -1.27999483737737, 3.45000000000000, -5.28022715539494 ) );
#11425 = VECTOR( '', #12869, 1000.00000000000 );
#11426 = CARTESIAN_POINT( '', ( -1.29999999999998, 3.95000000000000, -4.40000000000000 ) );
#11427 = CARTESIAN_POINT( '', ( -1.29999999999998, -3.95000000000000, -4.40000000000000 ) );
#11428 = VECTOR( '', #12870, 1000.00000000000 );
#11429 = CARTESIAN_POINT( '', ( -1.29999999999998, 3.95000000000000, -4.40000000000000 ) );
#11430 = VECTOR( '', #12871, 1000.00000000000 );
#11431 = COLOUR_RGB( '', 0.898039221763611, 0.898039221763611, 0.898039221763611 );
#11432 = CARTESIAN_POINT( '', ( -3.35000000000000, 3.95000000000000, -2.00000000000000 ) );
#11433 = VECTOR( '', #12872, 1000.00000000000 );
#11434 = CARTESIAN_POINT( '', ( 3.90000000000000, 3.95000000000000, 0.000000000000000 ) );
#11435 = VECTOR( '', #12873, 1000.00000000000 );
#11436 = CARTESIAN_POINT( '', ( -0.500000000000000, 3.95000000000000, -4.40000000000000 ) );
#11437 = VECTOR( '', #12874, 1000.00000000000 );
#11438 = CARTESIAN_POINT( '', ( 3.90000000000000, 3.95000000000000, 0.000000000000000 ) );
#11439 = VECTOR( '', #12875, 1000.00000000000 );
#11440 = CARTESIAN_POINT( '', ( 1.30000000000002, 3.95000000000000, -4.40000000000000 ) );
#11441 = CARTESIAN_POINT( '', ( 1.30000000000002, 3.95000000000000, -4.40000000000000 ) );
#11442 = VECTOR( '', #12876, 1000.00000000000 );
#11443 = CARTESIAN_POINT( '', ( 1.40000000000002, 3.95000000000000, 0.000000000000000 ) );
#11444 = CARTESIAN_POINT( '', ( 1.40000000000002, 3.95000000000000, 0.000000000000000 ) );
#11445 = VECTOR( '', #12877, 1000.00000000000 );
#11446 = CARTESIAN_POINT( '', ( 3.40000000000000, 3.95000000000000, 0.000000000000000 ) );
#11447 = CARTESIAN_POINT( '', ( 3.90000000000000, 3.95000000000000, 0.000000000000000 ) );
#11448 = VECTOR( '', #12878, 1000.00000000000 );
#11449 = CARTESIAN_POINT( '', ( 3.40000000000000, 3.95000000000000, -2.00000000000000 ) );
#11450 = CARTESIAN_POINT( '', ( 3.40000000000000, 3.95000000000000, -2.60000000000000 ) );
#11451 = VECTOR( '', #12879, 1000.00000000000 );
#11452 = CARTESIAN_POINT( '', ( 3.40000000000000, 3.95000000000000, -2.00000000000000 ) );
#11453 = VECTOR( '', #12880, 1000.00000000000 );
#11454 = CARTESIAN_POINT( '', ( 2.25000000000000, 3.95000000000000, -5.20000000000000 ) );
#11455 = VECTOR( '', #12881, 1000.00000000000 );
#11456 = COLOUR_RGB( '', 0.505882382392883, 0.505882382392883, 0.505882382392883 );
#11457 = CARTESIAN_POINT( '', ( 4.17500000000000, 2.61153846153847, 0.186661592196684 ) );
#11458 = VECTOR( '', #12882, 1000.00000000000 );
#11459 = COLOUR_RGB( '', 0.898039221763611, 0.898039221763611, 0.898039221763611 );
#11460 = CARTESIAN_POINT( '', ( -1.45000000000000, 3.45000000000000, -4.95000000000000 ) );
#11461 = CARTESIAN_POINT( '', ( -1.45000000000000, 3.45000000000000, -4.95000000000000 ) );
#11462 = VECTOR( '', #12883, 1000.00000000000 );
#11463 = AXIS2_PLACEMENT_3D( '', #12884, #12885, #12886 );
#11464 = COLOUR_RGB( '', 0.505882382392883, 0.505882382392883, 0.505882382392883 );
#11465 = COLOUR_RGB( '', 0.505882382392883, 0.505882382392883, 0.505882382392883 );
#11466 = COLOUR_RGB( '', 0.000000000000000, 0.000000000000000, 0.600000023841858 );
#11467 = CARTESIAN_POINT( '', ( 3.32500000000000, 3.35000000000000, 0.850000000000000 ) );
#11468 = VECTOR( '', #12887, 1000.00000000000 );
#11469 = CARTESIAN_POINT( '', ( 3.32500000000000, -3.95000000000000, 0.850000000000000 ) );
#11470 = CARTESIAN_POINT( '', ( 3.32500000000000, 3.95000000000000, 0.850000000000000 ) );
#11471 = VECTOR( '', #12888, 1000.00000000000 );
#11472 = CARTESIAN_POINT( '', ( 3.00000000000000, -3.95000000000000, 0.200000000000000 ) );
#11473 = CARTESIAN_POINT( '', ( 3.32500000000000, -3.95000000000000, 0.850000000000000 ) );
#11474 = VECTOR( '', #12889, 1000.00000000000 );
#11475 = CARTESIAN_POINT( '', ( 3.00000000000000, 3.95000000000000, 0.200000000000000 ) );
#11476 = CARTESIAN_POINT( '', ( 3.00000000000000, 3.95000000000000, 0.200000000000000 ) );
#11477 = VECTOR( '', #12890, 1000.00000000000 );
#11478 = CARTESIAN_POINT( '', ( 3.32500000000000, 3.95000000000000, 0.850000000000000 ) );
#11479 = VECTOR( '', #12891, 1000.00000000000 );
#11480 = COLOUR_RGB( '', 0.000000000000000, 0.000000000000000, 0.600000023841858 );
#11481 = CARTESIAN_POINT( '', ( 1.00000000000000, -3.00000000000000, 0.100000000000000 ) );
#11482 = VECTOR( '', #12892, 1000.00000000000 );
#11483 = CARTESIAN_POINT( '', ( -1.00000000000000, -1.00000000000000, 0.100000000000000 ) );
#11484 = VECTOR( '', #12893, 1000.00000000000 );
#11485 = COLOUR_RGB( '', 0.113725490868092, 0.400000005960464, 0.113725490868092 );
#11486 = CARTESIAN_POINT( '', ( -2.82500000000000, 2.97500000000000, -1.08420217248550E-016 ) );
#11487 = CARTESIAN_POINT( '', ( -2.45000000000000, 2.97500000000000, 0.000000000000000 ) );
#11488 = VECTOR( '', #12894, 1000.00000000000 );
#11489 = CARTESIAN_POINT( '', ( -1.02500000000000, 1.17500000000000, -1.80000000000000 ) );
#11490 = VECTOR( '', #12895, 1000.00000000000 );
#11491 = COLOUR_RGB( '', 0.000000000000000, 0.000000000000000, 0.600000023841858 );
#11492 = CARTESIAN_POINT( '', ( 3.50000000000000, -3.93989794855663, 6.80000000000000 ) );
#11493 = CARTESIAN_POINT( '', ( 3.50000000000000, -3.45000000000000, 6.80000000000000 ) );
#11494 = VECTOR( '', #12896, 1000.00000000000 );
#11495 = AXIS2_PLACEMENT_3D( '', #12897, #12898, #12899 );
#11496 = COLOUR_RGB( '', 0.505882382392883, 0.505882382392883, 0.505882382392883 );
#11497 = CARTESIAN_POINT( '', ( -3.82500000000000, 2.61153846153847, 0.186661592196682 ) );
#11498 = VECTOR( '', #12900, 1000.00000000000 );
#11499 = COLOUR_RGB( '', 0.898039221763611, 0.898039221763611, 0.898039221763611 );
#11500 = CARTESIAN_POINT( '', ( -1.34090909090907, -3.45000000000000, -2.80000000000000 ) );
#11501 = VECTOR( '', #12901, 1000.00000000000 );
#11502 = COLOUR_RGB( '', 0.113725490868092, 0.400000005960464, 0.113725490868092 );
#11503 = CARTESIAN_POINT( '', ( -1.65000000000000, 1.14999999999999, 14.0500000000000 ) );
#11504 = VECTOR( '', #12902, 1000.00000000000 );
#11505 = CARTESIAN_POINT( '', ( 1.65000000000000, 1.65000000000000, 13.5500000000000 ) );
#11506 = VECTOR( '', #12903, 1000.00000000000 );
#11507 = CARTESIAN_POINT( '', ( -0.749999999999981, 1.14999999999998, 14.0500000000000 ) );
#11508 = CARTESIAN_POINT( '', ( -1.65000000000000, 1.14999999999999, 14.0500000000000 ) );
#11509 = VECTOR( '', #12904, 1000.00000000000 );
#11510 = CARTESIAN_POINT( '', ( -0.749999999999981, 1.14999999999999, 14.0500000000000 ) );
#11511 = VECTOR( '', #12905, 1000.00000000000 );
#11512 = COLOUR_RGB( '', 0.000000000000000, 0.000000000000000, 0.600000023841858 );
#11513 = COLOUR_RGB( '', 0.113725490868092, 0.400000005960464, 0.113725490868092 );
#11514 = CARTESIAN_POINT( '', ( 2.45000000000000, 2.85000000000000, 2.85000000000000 ) );
#11515 = VECTOR( '', #12906, 1000.00000000000 );
#11516 = CARTESIAN_POINT( '', ( 2.87500000000000, 2.85000000000000, 2.85000000000000 ) );
#11517 = VECTOR( '', #12907, 1000.00000000000 );
#11518 = CARTESIAN_POINT( '', ( 2.45000000000000, -3.22500000000000, 2.85000000000000 ) );
#11519 = CARTESIAN_POINT( '', ( 2.45000000000000, -3.22500000000000, 2.85000000000000 ) );
#11520 = VECTOR( '', #12908, 1000.00000000000 );
#11521 = CARTESIAN_POINT( '', ( 2.45000000000000, -3.22500000000000, 2.85000000000000 ) );
#11522 = VECTOR( '', #12909, 1000.00000000000 );
#11523 = COLOUR_RGB( '', 0.505882382392883, 0.505882382392883, 0.505882382392883 );
#11524 = COLOUR_RGB( '', 0.000000000000000, 0.000000000000000, 0.600000023841858 );
#11525 = CARTESIAN_POINT( '', ( -1.82997459621557, 3.30000000000000, 0.200000000000000 ) );
#11526 = CARTESIAN_POINT( '', ( -1.82997459621557, 3.30000000000000, 0.200000000000000 ) );
#11527 = VECTOR( '', #12910, 1000.00000000000 );
#11528 = CARTESIAN_POINT( '', ( -1.82997459621557, 3.30000000000000, 0.850000000000000 ) );
#11529 = CARTESIAN_POINT( '', ( -1.82997459621557, 3.30000000000000, 0.850000000000000 ) );
#11530 = VECTOR( '', #12911, 1000.00000000000 );
#11531 = CARTESIAN_POINT( '', ( -1.82997459621557, 3.30000000000000, 0.850000000000000 ) );
#11532 = VECTOR( '', #12912, 1000.00000000000 );
#11533 = COLOUR_RGB( '', 0.113725490868092, 0.400000005960464, 0.113725490868092 );
#11534 = AXIS2_PLACEMENT_3D( '', #12913, #12914, #12915 );
#11535 = CARTESIAN_POINT( '', ( -3.07500000000000, 3.22500000000000, 2.85000000000000 ) );
#11536 = VECTOR( '', #12916, 1000.00000000000 );
#11537 = COLOUR_RGB( '', 0.000000000000000, 0.000000000000000, 0.600000023841858 );
#11538 = CARTESIAN_POINT( '', ( 0.371050807568870, 3.45000000000000, 2.20000000000000 ) );
#11539 = VECTOR( '', #12917, 1000.00000000000 );
#11540 = CARTESIAN_POINT( '', ( 0.371050807568870, 3.45000000000000, 3.50000000000000 ) );
#11541 = VECTOR( '', #12918, 1000.00000000000 );
#11542 = COLOUR_RGB( '', 0.505882382392883, 0.505882382392883, 0.505882382392883 );
#11543 = CARTESIAN_POINT( '', ( 3.00000000000000, -2.00000000000000, 3.34435389988899 ) );
#11544 = CARTESIAN_POINT( '', ( 4.08121778264911, -2.00000000000000, 3.34435389988899 ) );
#11545 = VECTOR( '', #12919, 1000.00000000000 );
#11546 = CARTESIAN_POINT( '', ( 3.00000000000000, -2.00000000000000, 2.84435389988899 ) );
#11547 = VECTOR( '', #12920, 1000.00000000000 );
#11548 = CARTESIAN_POINT( '', ( 4.17500000000000, -2.00000000000000, 2.99435389988899 ) );
#11549 = AXIS2_PLACEMENT_3D( '', #12921, #12922, #12923 );
#11550 = CARTESIAN_POINT( '', ( 4.17500000000000, -2.00000000000000, -1.00564610011101 ) );
#11551 = VECTOR( '', #12924, 1000.00000000000 );
#11552 = COLOUR_RGB( '', 0.898039221763611, 0.898039221763611, 0.898039221763611 );
#11553 = CARTESIAN_POINT( '', ( -2.90000000000000, -2.35000000000000, 0.000000000000000 ) );
#11554 = CARTESIAN_POINT( '', ( -2.90000000000000, 2.90000000000000, 0.000000000000000 ) );
#11555 = VECTOR( '', #12925, 1000.00000000000 );
#11556 = CARTESIAN_POINT( '', ( -2.90000000000000, -2.35000000000000, -2.60000000000000 ) );
#11557 = VECTOR( '', #12926, 1000.00000000000 );
#11558 = COLOUR_RGB( '', 0.000000000000000, 0.000000000000000, 0.600000023841858 );
#11559 = CARTESIAN_POINT( '', ( 2.69605080756888, -3.95000000000000, 3.50000000000000 ) );
#11560 = AXIS2_PLACEMENT_3D( '', #12927, #12928, #12929 );
#11561 = AXIS2_PLACEMENT_3D( '', #12930, #12931, #12932 );
#11562 = CARTESIAN_POINT( '', ( 2.69951476548657, -3.95000000000000, 3.50000000000000 ) );
#11563 = VECTOR( '', #12933, 1000.00000000000 );
#11564 = COLOUR_RGB( '', 0.000000000000000, 0.000000000000000, 0.600000023841858 );
#11565 = CARTESIAN_POINT( '', ( -3.32500000000000, -3.35000000000000, 0.850000000000000 ) );
#11566 = VECTOR( '', #12934, 1000.00000000000 );
#11567 = CARTESIAN_POINT( '', ( -3.40000000000000, -3.95000000000000, 0.850000000000000 ) );
#11568 = CARTESIAN_POINT( '', ( -3.90000000000000, -3.95000000000000, 0.850000000000000 ) );
#11569 = VECTOR( '', #12935, 1000.00000000000 );
#11570 = AXIS2_PLACEMENT_3D( '', #12936, #12937, #12938 );
#11571 = COLOUR_RGB( '', 0.000000000000000, 0.000000000000000, 0.600000023841858 );
#11572 = CARTESIAN_POINT( '', ( -0.273949192431126, -3.95000000000000, 2.65000000000000 ) );
#11573 = CARTESIAN_POINT( '', ( -0.273949192431126, -4.12500000000000, 2.82500000000000 ) );
#11574 = VECTOR( '', #12939, 1000.00000000000 );
#11575 = CARTESIAN_POINT( '', ( -0.273949192431126, -3.95000000000000, 3.50000000000000 ) );
#11576 = CARTESIAN_POINT( '', ( -0.273949192431126, -3.95000000000000, 3.50000000000000 ) );
#11577 = VECTOR( '', #12940, 1000.00000000000 );
#11578 = CARTESIAN_POINT( '', ( -0.273949192431126, -3.45000000000000, 3.50000000000000 ) );
#11579 = VECTOR( '', #12941, 1000.00000000000 );
#11580 = COLOUR_RGB( '', 0.505882382392883, 0.505882382392883, 0.505882382392883 );
#11581 = COLOUR_RGB( '', 0.898039221763611, 0.898039221763611, 0.898039221763611 );
#11582 = AXIS2_PLACEMENT_3D( '', #12942, #12943, #12944 );
#11583 = COLOUR_RGB( '', 0.000000000000000, 0.000000000000000, 0.600000023841858 );
#11584 = CARTESIAN_POINT( '', ( -1.95100000000000, 3.75000000000000, 0.850000000000000 ) );
#11585 = AXIS2_PLACEMENT_3D( '', #12945, #12946, #12947 );
#11586 = CARTESIAN_POINT( '', ( -1.95100000000000, 3.75000000000000, 3.50000000000000 ) );
#11587 = VECTOR( '', #12948, 1000.00000000000 );
#11588 = COLOUR_RGB( '', 0.000000000000000, 0.000000000000000, 0.600000023841858 );
#11589 = CARTESIAN_POINT( '', ( 0.525000000000000, -3.95000000000000, 4.50000000000000 ) );
#11590 = VECTOR( '', #12949, 1000.00000000000 );
#11591 = CARTESIAN_POINT( '', ( 1.27500000000000, -3.45000000000000, 4.50000000000000 ) );
#11592 = VECTOR( '', #12950, 1000.00000000000 );
#11593 = COLOUR_RGB( '', 0.113725490868092, 0.400000005960464, 0.113725490868092 );
#11594 = CARTESIAN_POINT( '', ( 2.87500000000000, 2.85000000000000, 8.05000000000000 ) );
#11595 = VECTOR( '', #12951, 1000.00000000000 );
#11596 = COLOUR_RGB( '', 0.113725490868092, 0.400000005960464, 0.113725490868092 );
#11597 = CARTESIAN_POINT( '', ( 1.65000000000000, -1.65000000000000, 10.5500000000000 ) );
#11598 = CARTESIAN_POINT( '', ( 1.65000000000000, -1.65000000000000, 10.5500000000000 ) );
#11599 = VECTOR( '', #12952, 1000.00000000000 );
#11600 = CARTESIAN_POINT( '', ( -1.65000000000000, -1.65000000000000, 10.5500000000000 ) );
#11601 = VECTOR( '', #12953, 1000.00000000000 );
#11602 = CARTESIAN_POINT( '', ( -1.25000000000000, -1.25000000000000, 10.5500000000000 ) );
#11603 = VECTOR( '', #12954, 1000.00000000000 );
#11604 = COLOUR_RGB( '', 0.898039221763611, 0.898039221763611, 0.898039221763611 );
#11605 = CARTESIAN_POINT( '', ( -2.90000000000000, 1.75000000000000, 0.000000000000000 ) );
#11606 = CARTESIAN_POINT( '', ( -2.95000000000000, 1.75000000000000, 0.000000000000000 ) );
#11607 = VECTOR( '', #12955, 1000.00000000000 );
#11608 = CARTESIAN_POINT( '', ( -2.90000000000000, 1.75000000000000, -2.60000000000000 ) );
#11609 = VECTOR( '', #12956, 1000.00000000000 );
#11610 = COLOUR_RGB( '', 0.000000000000000, 0.000000000000000, 0.600000023841858 );
#11611 = CARTESIAN_POINT( '', ( -3.50000000000000, 3.55000000000000, 6.80000000000000 ) );
#11612 = CARTESIAN_POINT( '', ( -3.40000000000000, 3.55000000000000, 6.80000000000000 ) );
#11613 = VECTOR( '', #12957, 1000.00000000000 );
#11614 = CARTESIAN_POINT( '', ( -3.40000000000000, 3.45000000000000, 6.70000000000000 ) );
#11615 = VECTOR( '', #12958, 1000.00000000000 );
#11616 = CARTESIAN_POINT( '', ( -3.46666666666667, 3.51666666666666, 6.76666666666667 ) );
#11617 = VECTOR( '', #12959, 1000.00000000000 );
#11618 = COLOUR_RGB( '', 0.898039221763611, 0.898039221763611, 0.898039221763611 );
#11619 = CARTESIAN_POINT( '', ( 2.25000000000000, 3.45000000000000, -4.40000000000000 ) );
#11620 = VECTOR( '', #12960, 1000.00000000000 );
#11621 = COLOUR_RGB( '', 0.000000000000000, 0.000000000000000, 0.600000023841858 );
#11622 = CARTESIAN_POINT( '', ( 1.90000000000000, 2.50000000000000, 4.24645850890156E-016 ) );
#11623 = AXIS2_PLACEMENT_3D( '', #12961, #12962, #12963 );
#11624 = CARTESIAN_POINT( '', ( 1.90000000000000, 2.50000000000000, 0.200000000000000 ) );
#11625 = AXIS2_PLACEMENT_3D( '', #12964, #12965, #12966 );
#11626 = COLOUR_RGB( '', 0.000000000000000, 0.000000000000000, 0.600000023841858 );
#11627 = CARTESIAN_POINT( '', ( -3.90000000000000, -2.00000000000000, 0.850000000000000 ) );
#11628 = VECTOR( '', #12967, 1000.00000000000 );
#11629 = CARTESIAN_POINT( '', ( -3.90000000000000, -2.00000000000000, 0.860000000000000 ) );
#11630 = VECTOR( '', #12968, 1000.00000000000 );
#11631 = COLOUR_RGB( '', 0.000000000000000, 0.000000000000000, 0.600000023841858 );
#11632 = COLOUR_RGB( '', 0.898039221763611, 0.898039221763611, 0.898039221763611 );
#11633 = AXIS2_PLACEMENT_3D( '', #12969, #12970, #12971 );
#11634 = COLOUR_RGB( '', 0.113725490868092, 0.400000005960464, 0.113725490868092 );
#11635 = CARTESIAN_POINT( '', ( -2.82500000000000, -2.97500000000000, 0.000000000000000 ) );
#11636 = CARTESIAN_POINT( '', ( -3.07500000000000, -3.22500000000000, 0.250000000000000 ) );
#11637 = VECTOR( '', #12972, 999.999999999999 );
#11638 = CARTESIAN_POINT( '', ( -3.07500000000000, -2.97500000000000, 0.000000000000000 ) );
#11639 = VECTOR( '', #12973, 1000.00000000000 );
#11640 = COLOUR_RGB( '', 0.000000000000000, 0.000000000000000, 0.600000023841858 );
#11641 = CARTESIAN_POINT( '', ( -3.90000000000000, 3.35000000000000, 0.860000000000000 ) );
#11642 = VECTOR( '', #12974, 1000.00000000000 );
#11643 = COLOUR_RGB( '', 0.113725490868092, 0.400000005960464, 0.113725490868092 );
#11644 = CARTESIAN_POINT( '', ( -1.65000000000000, 1.65000000000000, 11.5500000000000 ) );
#11645 = CARTESIAN_POINT( '', ( -1.65000000000000, 1.65000000000000, 14.0500000000000 ) );
#11646 = VECTOR( '', #12975, 1000.00000000000 );
#11647 = CARTESIAN_POINT( '', ( -1.65000000000000, 1.65000000000000, 11.5500000000000 ) );
#11648 = VECTOR( '', #12976, 1000.00000000000 );
#11649 = COLOUR_RGB( '', 0.898039221763611, 0.898039221763611, 0.898039221763611 );
#11650 = COLOUR_RGB( '', 0.505882382392883, 0.505882382392883, 0.505882382392883 );
#11651 = CARTESIAN_POINT( '', ( -3.82500000000000, 3.35000000000000, -0.00564610011100910 ) );
#11652 = CARTESIAN_POINT( '', ( -14.1750000000000, 3.35000000000000, -0.00564610011100910 ) );
#11653 = VECTOR( '', #12977, 1000.00000000000 );
#11654 = CARTESIAN_POINT( '', ( -3.82500000000000, 2.90000000000000, -2.25564610011101 ) );
#11655 = VECTOR( '', #12978, 1000.00000000000 );
#11656 = COLOUR_RGB( '', 0.000000000000000, 0.000000000000000, 0.600000023841858 );
#11657 = CARTESIAN_POINT( '', ( -3.90000000000000, 3.35000000000000, 0.850000000000000 ) );
#11658 = VECTOR( '', #12979, 1000.00000000000 );
#11659 = COLOUR_RGB( '', 0.000000000000000, 0.000000000000000, 0.600000023841858 );
#11660 = CARTESIAN_POINT( '', ( 1.95105080756887, 3.95000000000000, 0.850000000000000 ) );
#11661 = CARTESIAN_POINT( '', ( 1.95105080756887, 3.45000000000000, 0.850000000000000 ) );
#11662 = VECTOR( '', #12980, 1000.00000000000 );
#11663 = CARTESIAN_POINT( '', ( 1.95105080756887, 3.95000000000000, 0.850000000000000 ) );
#11664 = VECTOR( '', #12981, 1000.00000000000 );
#11665 = COLOUR_RGB( '', 0.000000000000000, 0.000000000000000, 0.600000023841858 );
#11666 = CARTESIAN_POINT( '', ( -1.95100000000000, 3.45000000000000, 0.850000000000000 ) );
#11667 = VECTOR( '', #12982, 1000.00000000000 );
#11668 = COLOUR_RGB( '', 0.898039221763611, 0.898039221763611, 0.898039221763611 );
#11669 = AXIS2_PLACEMENT_3D( '', #12983, #12984, #12985 );
#11670 = CARTESIAN_POINT( '', ( 3.90000000000000, 3.45000000000000, 0.000000000000000 ) );
#11671 = AXIS2_PLACEMENT_3D( '', #12986, #12987, #12988 );
#11672 = CARTESIAN_POINT( '', ( 3.90000000000000, 3.45000000000000, -2.60000000000000 ) );
#11673 = VECTOR( '', #12989, 1000.00000000000 );
#11674 = COLOUR_RGB( '', 0.505882382392883, 0.505882382392883, 0.505882382392883 );
#11675 = CARTESIAN_POINT( '', ( 3.00000000000000, 3.58776315789474, 3.34435389988899 ) );
#11676 = VECTOR( '', #12990, 1000.00000000000 );
#11677 = COLOUR_RGB( '', 0.000000000000000, 0.000000000000000, 0.600000023841858 );
#11678 = CARTESIAN_POINT( '', ( 3.40000000000000, -3.95000000000000, 6.70000000000000 ) );
#11679 = CARTESIAN_POINT( '', ( 3.40000000000000, -3.95000000000000, 6.70000000000000 ) );
#11680 = VECTOR( '', #12991, 1000.00000000000 );
#11681 = AXIS2_PLACEMENT_3D( '', #12992, #12993, #12994 );
#11682 = COLOUR_RGB( '', 0.000000000000000, 0.000000000000000, 0.600000023841858 );
#11683 = CARTESIAN_POINT( '', ( 2.69605080756888, -3.95000000000000, 0.000000000000000 ) );
#11684 = VECTOR( '', #12995, 1000.00000000000 );
#11685 = COLOUR_RGB( '', 0.898039221763611, 0.898039221763611, 0.898039221763611 );
#11686 = CARTESIAN_POINT( '', ( 1.40000000000002, -3.95000000000000, 0.000000000000000 ) );
#11687 = VECTOR( '', #12996, 1000.00000000000 );
#11688 = CARTESIAN_POINT( '', ( 1.30000000000002, 3.45000000000000, -4.40000000000000 ) );
#11689 = CARTESIAN_POINT( '', ( 1.30000000000002, -3.95000000000000, -4.40000000000000 ) );
#11690 = VECTOR( '', #12997, 1000.00000000000 );
#11691 = CARTESIAN_POINT( '', ( 1.28231801755293, 3.45000000000000, -5.17800722767166 ) );
#11692 = VECTOR( '', #12998, 1000.00000000000 );
#11693 = COLOUR_RGB( '', 0.505882382392883, 0.505882382392883, 0.505882382392883 );
#11694 = CARTESIAN_POINT( '', ( 4.17500000000000, -3.35000000000000, 2.99435389988899 ) );
#11695 = VECTOR( '', #12999, 1000.00000000000 );
#11696 = CARTESIAN_POINT( '', ( 4.17500000000000, -2.65000000000000, -1.00564610011101 ) );
#11697 = VECTOR( '', #13000, 1000.00000000000 );
#11698 = COLOUR_RGB( '', 0.113725490868092, 0.400000005960464, 0.113725490868092 );
#11699 = CARTESIAN_POINT( '', ( -1.65000000000000, -1.65000000000000, 11.5500000000000 ) );
#11700 = CARTESIAN_POINT( '', ( -1.65000000000000, -1.65000000000000, 14.0500000000000 ) );
#11701 = VECTOR( '', #13001, 1000.00000000000 );
#11702 = CARTESIAN_POINT( '', ( -1.65000000000000, -1.65000000000000, 11.5500000000000 ) );
#11703 = VECTOR( '', #13002, 1000.00000000000 );
#11704 = COLOUR_RGB( '', 0.000000000000000, 0.000000000000000, 0.600000023841858 );
#11705 = CARTESIAN_POINT( '', ( 2.86564116264484, -3.95000000000000, 0.200000000000000 ) );
#11706 = AXIS2_PLACEMENT_3D( '', #13003, #13004, #13005 );
#11707 = CARTESIAN_POINT( '', ( 2.86564116264484, -3.95000000000000, 0.850000000000000 ) );
#11708 = VECTOR( '', #13006, 1000.00000000000 );
#11709 = COLOUR_RGB( '', 0.000000000000000, 0.000000000000000, 0.600000023841858 );
#11710 = CARTESIAN_POINT( '', ( 3.90000000000000, 3.35000000000000, 0.860000000000000 ) );
#11711 = CARTESIAN_POINT( '', ( 3.90000000000000, 3.35000000000000, 0.860000000000000 ) );
#11712 = VECTOR( '', #13007, 1000.00000000000 );
#11713 = CARTESIAN_POINT( '', ( 3.32500000000000, 3.35000000000000, 0.860000000000000 ) );
#11714 = CARTESIAN_POINT( '', ( 3.32500000000000, 3.35000000000000, 0.860000000000000 ) );
#11715 = VECTOR( '', #13008, 1000.00000000000 );
#11716 = CARTESIAN_POINT( '', ( 3.32500000000000, 3.35000000000000, 0.860000000000000 ) );
#11717 = VECTOR( '', #13009, 1000.00000000000 );
#11718 = COLOUR_RGB( '', 0.898039221763611, 0.898039221763611, 0.898039221763611 );
#11719 = COLOUR_RGB( '', 0.898039221763611, 0.898039221763611, 0.898039221763611 );
#11720 = COLOUR_RGB( '', 0.000000000000000, 0.000000000000000, 0.600000023841858 );
#11721 = CARTESIAN_POINT( '', ( 3.90000000000000, 2.00000000000000, 0.860000000000000 ) );
#11722 = VECTOR( '', #13010, 1000.00000000000 );
#11723 = CARTESIAN_POINT( '', ( 3.32500000000000, 3.35000000000000, 0.860000000000000 ) );
#11724 = VECTOR( '', #13011, 1000.00000000000 );
#11725 = COLOUR_RGB( '', 0.000000000000000, 0.000000000000000, 0.600000023841858 );
#11726 = CARTESIAN_POINT( '', ( -2.86559035507596, -3.95000000000000, 0.200000000000000 ) );
#11727 = CARTESIAN_POINT( '', ( -2.86559035507596, -3.95000000000000, 0.850000000000000 ) );
#11728 = VECTOR( '', #13012, 1000.00000000000 );
#11729 = CARTESIAN_POINT( '', ( -1.95100000000000, -3.95000000000000, 0.850000000000000 ) );
#11730 = VECTOR( '', #13013, 1000.00000000000 );
#11731 = CARTESIAN_POINT( '', ( -3.40000000000000, -3.95000000000000, 6.30000000000000 ) );
#11732 = VECTOR( '', #13014, 1000.00000000000 );
#11733 = CARTESIAN_POINT( '', ( -3.00000000000000, -3.95000000000000, 0.200000000000000 ) );
#11734 = VECTOR( '', #13015, 1000.00000000000 );
#11735 = COLOUR_RGB( '', 0.898039221763611, 0.898039221763611, 0.898039221763611 );
#11736 = CARTESIAN_POINT( '', ( -2.90000000000000, 2.35000000000000, 0.000000000000000 ) );
#11737 = CARTESIAN_POINT( '', ( -2.90000000000000, 2.35000000000000, 0.000000000000000 ) );
#11738 = VECTOR( '', #13016, 1000.00000000000 );
#11739 = CARTESIAN_POINT( '', ( -2.90000000000000, 2.90000000000000, 0.000000000000000 ) );
#11740 = VECTOR( '', #13017, 1000.00000000000 );
#11741 = COLOUR_RGB( '', 0.113725490868092, 0.400000005960464, 0.113725490868092 );
#11742 = CARTESIAN_POINT( '', ( 2.37500000000000, 3.22500000000000, 8.55000000000000 ) );
#11743 = VECTOR( '', #13018, 1000.00000000000 );
#11744 = COLOUR_RGB( '', 0.000000000000000, 0.000000000000000, 0.600000023841858 );
#11745 = CARTESIAN_POINT( '', ( 1.27500000000000, 3.85000000000000, 5.60000000000000 ) );
#11746 = CARTESIAN_POINT( '', ( 1.27500000000000, 3.85000000000000, 4.50000000000000 ) );
#11747 = VECTOR( '', #13019, 1000.00000000000 );
#11748 = CARTESIAN_POINT( '', ( 1.27500000000000, 3.95000000000000, 5.50000000000000 ) );
#11749 = VECTOR( '', #13020, 1000.00000000000 );
#11750 = COLOUR_RGB( '', 0.898039221763611, 0.898039221763611, 0.898039221763611 );
#11751 = CARTESIAN_POINT( '', ( -0.500000000000000, -3.45000000000000, -4.40000000000000 ) );
#11752 = CARTESIAN_POINT( '', ( 2.25000000000000, -3.45000000000000, -4.40000000000000 ) );
#11753 = VECTOR( '', #13021, 1000.00000000000 );
#11754 = CARTESIAN_POINT( '', ( -0.516752710376873, -3.45000000000000, -5.13711925658235 ) );
#11755 = VECTOR( '', #13022, 1000.00000000000 );
#11756 = CARTESIAN_POINT( '', ( 0.519075890552400, -3.45000000000000, -5.23933918430563 ) );
#11757 = VECTOR( '', #13023, 1000.00000000000 );
#11758 = CARTESIAN_POINT( '', ( 2.00000000000000, -3.45000000000000, -2.80000000000000 ) );
#11759 = VECTOR( '', #13024, 1000.00000000000 );
#11760 = AXIS2_PLACEMENT_3D( '', #13025, #13026, #13027 );
#11761 = COLOUR_RGB( '', 0.113725490868092, 0.400000005960464, 0.113725490868092 );
#11762 = CARTESIAN_POINT( '', ( -2.82500000000000, 2.97500000000000, 0.000000000000000 ) );
#11763 = VECTOR( '', #13028, 1000.00000000000 );
#11764 = AXIS2_PLACEMENT_3D( '', #13029, #13030, #13031 );
#11765 = CARTESIAN_POINT( '', ( 2.45000000000000, 2.97500000000000, 0.000000000000000 ) );
#11766 = CARTESIAN_POINT( '', ( 2.45000000000000, 2.85000000000000, 0.000000000000000 ) );
#11767 = VECTOR( '', #13032, 1000.00000000000 );
#11768 = CARTESIAN_POINT( '', ( 2.82500000000000, 2.97500000000000, 0.000000000000000 ) );
#11769 = CARTESIAN_POINT( '', ( 3.07500000000000, 2.97500000000000, 0.000000000000000 ) );
#11770 = VECTOR( '', #13033, 1000.00000000000 );
#11771 = CARTESIAN_POINT( '', ( 2.82500000000000, -2.97500000000000, 0.000000000000000 ) );
#11772 = VECTOR( '', #13034, 1000.00000000000 );
#11773 = CARTESIAN_POINT( '', ( 2.45000000000000, -3.22500000000000, 0.000000000000000 ) );
#11774 = VECTOR( '', #13035, 1000.00000000000 );
#11775 = CARTESIAN_POINT( '', ( 2.45000000000000, -2.85000000000000, 0.000000000000000 ) );
#11776 = VECTOR( '', #13036, 1000.00000000000 );
#11777 = COLOUR_RGB( '', 0.505882382392883, 0.505882382392883, 0.505882382392883 );
#11778 = CARTESIAN_POINT( '', ( -3.82500000000000, 3.35000000000000, 3.34435389988899 ) );
#11779 = VECTOR( '', #13037, 1000.00000000000 );
#11780 = COLOUR_RGB( '', 0.898039221763611, 0.898039221763611, 0.898039221763611 );
#11781 = CARTESIAN_POINT( '', ( -0.500000000000000, -3.95000000000000, -4.40000000000000 ) );
#11782 = VECTOR( '', #13038, 1000.00000000000 );
#11783 = CARTESIAN_POINT( '', ( -0.400000000000017, -3.95000000000000, 0.000000000000000 ) );
#11784 = VECTOR( '', #13039, 1000.00000000000 );
#11785 = COLOUR_RGB( '', 0.113725490868092, 0.400000005960464, 0.113725490868092 );
#11786 = CARTESIAN_POINT( '', ( -1.65000000000000, -1.65000000000000, 11.5500000000000 ) );
#11787 = VECTOR( '', #13040, 1000.00000000000 );
#11788 = COLOUR_RGB( '', 0.000000000000000, 0.000000000000000, 0.600000023841858 );
#11789 = CARTESIAN_POINT( '', ( 3.90000000000000, -3.45000000000000, 0.850000000000000 ) );
#11790 = CARTESIAN_POINT( '', ( 3.90000000000000, -3.45000000000000, 6.30000000000000 ) );
#11791 = VECTOR( '', #13041, 1000.00000000000 );
#11792 = CARTESIAN_POINT( '', ( 3.90000000000000, -3.35000000000000, 0.850000000000000 ) );
#11793 = CARTESIAN_POINT( '', ( 3.90000000000000, 3.95000000000000, 0.850000000000000 ) );
#11794 = VECTOR( '', #13042, 1000.00000000000 );
#11795 = CARTESIAN_POINT( '', ( 3.90000000000000, -3.35000000000000, 0.860000000000000 ) );
#11796 = VECTOR( '', #13043, 1000.00000000000 );
#11797 = COLOUR_RGB( '', 0.000000000000000, 0.000000000000000, 0.600000023841858 );
#11798 = CARTESIAN_POINT( '', ( 1.90000000000000, -2.50000000000000, 4.24645850890156E-016 ) );
#11799 = AXIS2_PLACEMENT_3D( '', #13044, #13045, #13046 );
#11800 = COLOUR_RGB( '', 0.113725490868092, 0.400000005960464, 0.113725490868092 );
#11801 = CARTESIAN_POINT( '', ( -0.749999999999981, 1.65000000000000, 14.0500000000000 ) );
#11802 = VECTOR( '', #13047, 1000.00000000000 );
#11803 = COLOUR_RGB( '', 0.000000000000000, 0.000000000000000, 0.600000023841858 );
#11804 = CARTESIAN_POINT( '', ( 3.40000000000000, -3.95000000000000, 6.80000000000000 ) );
#11805 = VECTOR( '', #13048, 1000.00000000000 );
#11806 = CARTESIAN_POINT( '', ( 3.40000000000000, -3.95000000000000, 0.850000000000000 ) );
#11807 = CARTESIAN_POINT( '', ( 3.40000000000000, -3.95000000000000, 6.30000000000000 ) );
#11808 = VECTOR( '', #13049, 1000.00000000000 );
#11809 = AXIS2_PLACEMENT_3D( '', #13050, #13051, #13052 );
#11810 = COLOUR_RGB( '', 0.000000000000000, 0.000000000000000, 0.600000023841858 );
#11811 = CARTESIAN_POINT( '', ( -3.46666666666667, -3.51666666666666, 6.76666666666667 ) );
#11812 = VECTOR( '', #13053, 1000.00000000000 );
#11813 = AXIS2_PLACEMENT_3D( '', #13054, #13055, #13056 );
#11814 = COLOUR_RGB( '', 0.113725490868092, 0.400000005960464, 0.113725490868092 );
#11815 = CARTESIAN_POINT( '', ( -1.25000000000000, -1.25000000000000, 11.5500000000000 ) );
#11816 = VECTOR( '', #13057, 1000.00000000000 );
#11817 = COLOUR_RGB( '', 0.000000000000000, 0.000000000000000, 0.600000023841858 );
#11818 = CARTESIAN_POINT( '', ( -3.40000000000000, -3.95000000000000, 6.70000000000000 ) );
#11819 = CARTESIAN_POINT( '', ( -3.40000000000000, -3.95000000000000, 6.70000000000000 ) );
#11820 = VECTOR( '', #13058, 1000.00000000000 );
#11821 = AXIS2_PLACEMENT_3D( '', #13059, #13060, #13061 );
#11822 = COLOUR_RGB( '', 0.898039221763611, 0.898039221763611, 0.898039221763611 );
#11823 = CARTESIAN_POINT( '', ( 0.399999999999984, -3.95000000000000, 0.000000000000000 ) );
#11824 = VECTOR( '', #13062, 1000.00000000000 );
#11825 = COLOUR_RGB( '', 0.000000000000000, 0.000000000000000, 0.600000023841858 );
#11826 = COLOUR_RGB( '', 0.000000000000000, 0.000000000000000, 0.600000023841858 );
#11827 = CARTESIAN_POINT( '', ( -1.27500000000000, -3.95000000000000, 5.50000000000000 ) );
#11828 = VECTOR( '', #13063, 1000.00000000000 );
#11829 = CARTESIAN_POINT( '', ( -1.27500000000000, -3.95000000000000, 4.50000000000000 ) );
#11830 = VECTOR( '', #13064, 1000.00000000000 );
#11831 = COLOUR_RGB( '', 0.000000000000000, 0.000000000000000, 0.600000023841858 );
#11832 = COLOUR_RGB( '', 0.113725490868092, 0.400000005960464, 0.113725490868092 );
#11833 = AXIS2_PLACEMENT_3D( '', #13065, #13066, #13067 );
#11834 = CARTESIAN_POINT( '', ( 2.45000000000000, -2.85000000000000, 8.05000000000000 ) );
#11835 = VECTOR( '', #13068, 1000.00000000000 );
#11836 = CARTESIAN_POINT( '', ( -3.07500000000000, -2.35000000000000, 8.55000000000000 ) );
#11837 = VECTOR( '', #13069, 1000.00000000000 );
#11838 = COLOUR_RGB( '', 0.000000000000000, 0.000000000000000, 0.600000023841858 );
#11839 = CARTESIAN_POINT( '', ( 0.525000000000000, 3.85000000000000, 5.60000000000000 ) );
#11840 = CARTESIAN_POINT( '', ( 0.525000000000000, 3.85000000000000, 4.50000000000000 ) );
#11841 = VECTOR( '', #13070, 1000.00000000000 );
#11842 = CARTESIAN_POINT( '', ( 0.625000000000000, 3.95000000000000, 5.50000000000000 ) );
#11843 = CARTESIAN_POINT( '', ( 0.958333333333334, 4.28333333333334, 5.16666666666666 ) );
#11844 = VECTOR( '', #13071, 1000.00000000000 );
#11845 = CARTESIAN_POINT( '', ( 0.625000000000000, 3.95000000000000, 4.50000000000000 ) );
#11846 = VECTOR( '', #13072, 1000.00000000000 );
#11847 = COLOUR_RGB( '', 0.000000000000000, 0.000000000000000, 0.600000023841858 );
#11848 = CARTESIAN_POINT( '', ( -3.00000000000000, 3.95000000000000, 0.200000000000000 ) );
#11849 = VECTOR( '', #13073, 1000.00000000000 );
#11850 = CARTESIAN_POINT( '', ( -3.00000000000000, -3.95000000000000, 0.200000000000000 ) );
#11851 = VECTOR( '', #13074, 1000.00000000000 );
#11852 = AXIS2_PLACEMENT_3D( '', #13075, #13076, #13077 );
#11853 = AXIS2_PLACEMENT_3D( '', #13078, #13079, #13080 );
#11854 = CARTESIAN_POINT( '', ( 1.00000000000000, 3.00000000000000, 0.200000000000000 ) );
#11855 = VECTOR( '', #13081, 1000.00000000000 );
#11856 = CARTESIAN_POINT( '', ( 1.90000000000000, -2.50000000000000, 0.200000000000000 ) );
#11857 = AXIS2_PLACEMENT_3D( '', #13082, #13083, #13084 );
#11858 = CARTESIAN_POINT( '', ( -1.00000000000000, -1.00000000000000, 0.200000000000000 ) );
#11859 = VECTOR( '', #13085, 1000.00000000000 );
#11860 = CARTESIAN_POINT( '', ( 1.00000000000000, -3.00000000000000, 0.200000000000000 ) );
#11861 = VECTOR( '', #13086, 1000.00000000000 );
#11862 = COLOUR_RGB( '', 0.898039221763611, 0.898039221763611, 0.898039221763611 );
#11863 = CARTESIAN_POINT( '', ( 1.45000000000001, 3.45000000000000, -4.95000000000000 ) );
#11864 = CARTESIAN_POINT( '', ( 1.45000000000001, 3.45000000000000, -4.95000000000000 ) );
#11865 = VECTOR( '', #13087, 1000.00000000000 );
#11866 = AXIS2_PLACEMENT_3D( '', #13088, #13089, #13090 );
#11867 = COLOUR_RGB( '', 0.505882382392883, 0.505882382392883, 0.505882382392883 );
#11868 = COLOUR_RGB( '', 0.000000000000000, 0.000000000000000, 0.600000023841858 );
#11869 = COLOUR_RGB( '', 0.000000000000000, 0.000000000000000, 0.600000023841858 );
#11870 = COLOUR_RGB( '', 0.898039221763611, 0.898039221763611, 0.898039221763611 );
#11871 = COLOUR_RGB( '', 0.505882382392883, 0.505882382392883, 0.505882382392883 );
#11872 = CARTESIAN_POINT( '', ( 4.17500000000000, 3.35000000000000, 3.69435389988899 ) );
#11873 = VECTOR( '', #13091, 1000.00000000000 );
#11874 = COLOUR_RGB( '', 0.000000000000000, 0.000000000000000, 0.600000023841858 );
#11875 = COLOUR_RGB( '', 0.113725490868092, 0.400000005960464, 0.113725490868092 );
#11876 = COLOUR_RGB( '', 0.000000000000000, 0.000000000000000, 0.600000023841858 );
#11877 = COLOUR_RGB( '', 0.113725490868092, 0.400000005960464, 0.113725490868092 );
#11878 = CARTESIAN_POINT( '', ( 2.45000000000000, -3.22500000000000, 0.000000000000000 ) );
#11879 = VECTOR( '', #13092, 1000.00000000000 );
#11880 = COLOUR_RGB( '', 0.000000000000000, 0.000000000000000, 0.600000023841858 );
#11881 = CARTESIAN_POINT( '', ( 1.17500000000000, 3.95000000000000, 5.50000000000000 ) );
#11882 = CARTESIAN_POINT( '', ( 1.27500000000000, 3.95000000000000, 5.50000000000000 ) );
#11883 = VECTOR( '', #13093, 1000.00000000000 );
#11884 = CARTESIAN_POINT( '', ( 1.17500000000000, 3.95000000000000, 4.50000000000000 ) );
#11885 = VECTOR( '', #13094, 1000.00000000000 );
#11886 = COLOUR_RGB( '', 0.898039221763611, 0.898039221763611, 0.898039221763611 );
#11887 = CARTESIAN_POINT( '', ( 2.25000000000000, 3.45000000000000, -4.40000000000000 ) );
#11888 = VECTOR( '', #13095, 1000.00000000000 );
#11889 = CARTESIAN_POINT( '', ( 2.25000000000000, 3.45000000000000, -2.80000000000000 ) );
#11890 = VECTOR( '', #13096, 1000.00000000000 );
#11891 = CARTESIAN_POINT( '', ( 1.45000000000001, 3.45000000000000, -4.95000000000000 ) );
#11892 = VECTOR( '', #13097, 1000.00000000000 );
#11893 = COLOUR_RGB( '', 0.898039221763611, 0.898039221763611, 0.898039221763611 );
#11894 = AXIS2_PLACEMENT_3D( '', #13098, #13099, #13100 );
#11895 = COLOUR_RGB( '', 0.000000000000000, 0.000000000000000, 0.600000023841858 );
#11896 = COLOUR_RGB( '', 0.113725490868092, 0.400000005960464, 0.113725490868092 );
#11897 = CARTESIAN_POINT( '', ( -3.07500000000000, -2.97500000000000, 0.250000000000000 ) );
#11898 = VECTOR( '', #13101, 1000.00000000000 );
#11899 = COLOUR_RGB( '', 0.000000000000000, 0.000000000000000, 0.600000023841858 );
#11900 = CARTESIAN_POINT( '', ( -3.50000000000000, 3.45000000000000, 6.80000000000000 ) );
#11901 = VECTOR( '', #13102, 1000.00000000000 );
#11902 = COLOUR_RGB( '', 0.000000000000000, 0.000000000000000, 0.600000023841858 );
#11903 = COLOUR_RGB( '', 0.000000000000000, 0.000000000000000, 0.600000023841858 );
#11904 = CARTESIAN_POINT( '', ( 0.908333333333334, 4.21666666666667, 5.23333333333333 ) );
#11905 = VECTOR( '', #13103, 1000.00000000000 );
#11906 = COLOUR_RGB( '', 0.505882382392883, 0.505882382392883, 0.505882382392883 );
#11907 = CARTESIAN_POINT( '', ( 4.17500000000000, 2.90000000000000, -2.25564610011100 ) );
#11908 = VECTOR( '', #13104, 1000.00000000000 );
#11909 = COLOUR_RGB( '', 0.898039221763611, 0.898039221763611, 0.898039221763611 );
#11910 = CARTESIAN_POINT( '', ( 2.95000000000000, 1.75000000000000, 0.000000000000000 ) );
#11911 = CARTESIAN_POINT( '', ( 2.95000000000000, 1.75000000000000, 0.000000000000000 ) );
#11912 = VECTOR( '', #13105, 1000.00000000000 );
#11913 = CARTESIAN_POINT( '', ( 2.95000000000000, 1.75000000000000, -2.60000000000000 ) );
#11914 = VECTOR( '', #13106, 1000.00000000000 );
#11915 = COLOUR_RGB( '', 0.113725490868092, 0.400000005960464, 0.113725490868092 );
#11916 = COLOUR_RGB( '', 0.000000000000000, 0.000000000000000, 0.600000023841858 );
#11917 = COLOUR_RGB( '', 0.113725490868092, 0.400000005960464, 0.113725490868092 );
#11918 = CARTESIAN_POINT( '', ( 3.07500000000000, 3.22500000000000, 0.250000000000000 ) );
#11919 = VECTOR( '', #13107, 1000.00000000000 );
#11920 = CARTESIAN_POINT( '', ( 2.45000000000000, 3.22500000000000, 0.250000000000000 ) );
#11921 = VECTOR( '', #13108, 1000.00000000000 );
#11922 = COLOUR_RGB( '', 0.000000000000000, 0.000000000000000, 0.600000023841858 );
#11923 = CARTESIAN_POINT( '', ( 1.00000000000000, 3.00000000000000, 0.100000000000000 ) );
#11924 = VECTOR( '', #13109, 1000.00000000000 );
#11925 = COLOUR_RGB( '', 0.000000000000000, 0.000000000000000, 0.600000023841858 );
#11926 = CARTESIAN_POINT( '', ( 2.69605080756887, 3.95000000000000, 0.850000000000000 ) );
#11927 = VECTOR( '', #13110, 1000.00000000000 );
#11928 = AXIS2_PLACEMENT_3D( '', #13111, #13112, #13113 );
#11929 = COLOUR_RGB( '', 0.000000000000000, 0.000000000000000, 0.600000023841858 );
#11930 = COLOUR_RGB( '', 0.898039221763611, 0.898039221763611, 0.898039221763611 );
#11931 = COLOUR_RGB( '', 0.113725490868092, 0.400000005960464, 0.113725490868092 );
#11932 = COLOUR_RGB( '', 0.000000000000000, 0.000000000000000, 0.600000023841858 );
#11933 = COLOUR_RGB( '', 0.000000000000000, 0.000000000000000, 0.600000023841858 );
#11934 = CARTESIAN_POINT( '', ( 3.90000000000000, -3.35000000000000, 0.850000000000000 ) );
#11935 = VECTOR( '', #13114, 1000.00000000000 );
#11936 = COLOUR_RGB( '', 0.898039221763611, 0.898039221763611, 0.898039221763611 );
#11937 = AXIS2_PLACEMENT_3D( '', #13115, #13116, #13117 );
#11938 = COLOUR_RGB( '', 0.898039221763611, 0.898039221763611, 0.898039221763611 );
#11939 = COLOUR_RGB( '', 0.000000000000000, 0.000000000000000, 0.600000023841858 );
#11940 = COLOUR_RGB( '', 0.113725490868092, 0.400000005960464, 0.113725490868092 );
#11941 = COLOUR_RGB( '', 0.000000000000000, 0.000000000000000, 0.600000023841858 );
#11942 = COLOUR_RGB( '', 0.000000000000000, 0.000000000000000, 0.600000023841858 );
#11943 = COLOUR_RGB( '', 0.000000000000000, 0.000000000000000, 0.600000023841858 );
#11944 = CARTESIAN_POINT( '', ( 0.376050807568874, -3.95000000000000, 3.50000000000000 ) );
#11945 = VECTOR( '', #13118, 1000.00000000000 );
#11946 = COLOUR_RGB( '', 0.000000000000000, 0.000000000000000, 0.600000023841858 );
#11947 = COLOUR_RGB( '', 0.113725490868092, 0.400000005960464, 0.113725490868092 );
#11948 = CARTESIAN_POINT( '', ( 1.65000000000000, -1.65000000000000, 8.55000000000000 ) );
#11949 = CARTESIAN_POINT( '', ( 1.65000000000000, -1.65000000000000, 14.0500000000000 ) );
#11950 = VECTOR( '', #13119, 1000.00000000000 );
#11951 = CARTESIAN_POINT( '', ( 1.65000000000000, -1.65000000000000, 8.55000000000000 ) );
#11952 = VECTOR( '', #13120, 1000.00000000000 );
#11953 = COLOUR_RGB( '', 0.113725490868092, 0.400000005960464, 0.113725490868092 );
#11954 = CARTESIAN_POINT( '', ( -1.65000000000000, -1.65000000000000, 8.55000000000000 ) );
#11955 = VECTOR( '', #13121, 1000.00000000000 );
#11956 = COLOUR_RGB( '', 0.505882382392883, 0.505882382392883, 0.505882382392883 );
#11957 = COLOUR_RGB( '', 0.113725490868092, 0.400000005960464, 0.113725490868092 );
#11958 = COLOUR_RGB( '', 0.505882382392883, 0.505882382392883, 0.505882382392883 );
#11959 = COLOUR_RGB( '', 0.000000000000000, 0.000000000000000, 0.600000023841858 );
#11960 = CARTESIAN_POINT( '', ( 0.525000000000000, 4.45000000000000, 5.00000000000000 ) );
#11961 = VECTOR( '', #13122, 1000.00000000000 );
#11962 = COLOUR_RGB( '', 0.000000000000000, 0.000000000000000, 0.600000023841858 );
#11963 = COLOUR_RGB( '', 0.113725490868092, 0.400000005960464, 0.113725490868092 );
#11964 = COLOUR_RGB( '', 0.898039221763611, 0.898039221763611, 0.898039221763611 );
#11965 = CARTESIAN_POINT( '', ( 3.90000000000000, -3.45000000000000, 0.000000000000000 ) );
#11966 = CARTESIAN_POINT( '', ( 3.90000000000000, -3.95000000000000, 0.000000000000000 ) );
#11967 = VECTOR( '', #13123, 1000.00000000000 );
#11968 = CARTESIAN_POINT( '', ( 3.90000000000000, -3.45000000000000, -2.60000000000000 ) );
#11969 = VECTOR( '', #13124, 1000.00000000000 );
#11970 = COLOUR_RGB( '', 0.000000000000000, 0.000000000000000, 0.600000023841858 );
#11971 = CARTESIAN_POINT( '', ( 3.32500000000000, -3.95000000000000, 0.850000000000000 ) );
#11972 = VECTOR( '', #13125, 1000.00000000000 );
#11973 = COLOUR_RGB( '', 0.113725490868092, 0.400000005960464, 0.113725490868092 );
#11974 = COLOUR_RGB( '', 0.000000000000000, 0.000000000000000, 0.600000023841858 );
#11975 = CARTESIAN_POINT( '', ( -3.32500000000000, -3.35000000000000, 0.860000000000000 ) );
#11976 = VECTOR( '', #13126, 1000.00000000000 );
#11977 = COLOUR_RGB( '', 0.000000000000000, 0.000000000000000, 0.600000023841858 );
#11978 = COLOUR_RGB( '', 0.505882382392883, 0.505882382392883, 0.505882382392883 );
#11979 = COLOUR_RGB( '', 0.000000000000000, 0.000000000000000, 0.600000023841858 );
#11980 = COLOUR_RGB( '', 0.000000000000000, 0.000000000000000, 0.600000023841858 );
#11981 = COLOUR_RGB( '', 0.000000000000000, 0.000000000000000, 0.600000023841858 );
#11982 = COLOUR_RGB( '', 0.898039221763611, 0.898039221763611, 0.898039221763611 );
#11983 = AXIS2_PLACEMENT_3D( '', #13127, #13128, #13129 );
#11984 = COLOUR_RGB( '', 0.505882382392883, 0.505882382392883, 0.505882382392883 );
#11985 = CARTESIAN_POINT( '', ( -3.82500000000000, 3.35000000000000, -1.00564610011101 ) );
#11986 = VECTOR( '', #13130, 1000.00000000000 );
#11987 = COLOUR_RGB( '', 0.000000000000000, 0.000000000000000, 0.600000023841858 );
#11988 = COLOUR_RGB( '', 0.898039221763611, 0.898039221763611, 0.898039221763611 );
#11989 = AXIS2_PLACEMENT_3D( '', #13131, #13132, #13133 );
#11990 = COLOUR_RGB( '', 0.898039221763611, 0.898039221763611, 0.898039221763611 );
#11991 = COLOUR_RGB( '', 0.898039221763611, 0.898039221763611, 0.898039221763611 );
#11992 = AXIS2_PLACEMENT_3D( '', #13134, #13135, #13136 );
#11993 = AXIS2_PLACEMENT_3D( '', #13137, #13138, #13139 );
#11994 = CARTESIAN_POINT( '', ( 2.95000000000000, -1.75000000000000, 0.000000000000000 ) );
#11995 = VECTOR( '', #13140, 1000.00000000000 );
#11996 = COLOUR_RGB( '', 0.113725490868092, 0.400000005960464, 0.113725490868092 );
#11997 = COLOUR_RGB( '', 0.898039221763611, 0.898039221763611, 0.898039221763611 );
#11998 = COLOUR_RGB( '', 0.898039221763611, 0.898039221763611, 0.898039221763611 );
#11999 = COLOUR_RGB( '', 0.898039221763611, 0.898039221763611, 0.898039221763611 );
#12000 = COLOUR_RGB( '', 0.113725490868092, 0.400000005960464, 0.113725490868092 );
#12001 = COLOUR_RGB( '', 0.898039221763611, 0.898039221763611, 0.898039221763611 );
#12002 = COLOUR_RGB( '', 0.000000000000000, 0.000000000000000, 0.600000023841858 );
#12003 = COLOUR_RGB( '', 0.898039221763611, 0.898039221763611, 0.898039221763611 );
#12004 = COLOUR_RGB( '', 0.898039221763611, 0.898039221763611, 0.898039221763611 );
#12005 = COLOUR_RGB( '', 0.898039221763611, 0.898039221763611, 0.898039221763611 );
#12006 = COLOUR_RGB( '', 0.000000000000000, 0.000000000000000, 0.600000023841858 );
#12007 = COLOUR_RGB( '', 0.000000000000000, 0.000000000000000, 0.600000023841858 );
#12008 = COLOUR_RGB( '', 0.505882382392883, 0.505882382392883, 0.505882382392883 );
#12009 = COLOUR_RGB( '', 0.113725490868092, 0.400000005960464, 0.113725490868092 );
#12010 = COLOUR_RGB( '', 0.000000000000000, 0.000000000000000, 0.600000023841858 );
#12011 = CARTESIAN_POINT( '', ( 0.376050807568874, -3.95000000000000, 2.65000000000000 ) );
#12012 = VECTOR( '', #13141, 1000.00000000000 );
#12013 = COLOUR_RGB( '', 0.000000000000000, 0.000000000000000, 0.600000023841858 );
#12014 = COLOUR_RGB( '', 0.000000000000000, 0.000000000000000, 0.600000023841858 );
#12015 = COLOUR_RGB( '', 0.000000000000000, 0.000000000000000, 0.600000023841858 );
#12016 = COLOUR_RGB( '', 0.113725490868092, 0.400000005960464, 0.113725490868092 );
#12017 = COLOUR_RGB( '', 0.000000000000000, 0.000000000000000, 0.600000023841858 );
#12018 = COLOUR_RGB( '', 0.000000000000000, 0.000000000000000, 0.600000023841858 );
#12019 = CARTESIAN_POINT( '', ( -3.40000000000000, -3.95000000000000, 6.80000000000000 ) );
#12020 = VECTOR( '', #13142, 1000.00000000000 );
#12021 = COLOUR_RGB( '', 0.898039221763611, 0.898039221763611, 0.898039221763611 );
#12022 = COLOUR_RGB( '', 0.505882382392883, 0.505882382392883, 0.505882382392883 );
#12023 = COLOUR_RGB( '', 0.000000000000000, 0.000000000000000, 0.600000023841858 );
#12024 = COLOUR_RGB( '', 0.505882382392883, 0.505882382392883, 0.505882382392883 );
#12025 = COLOUR_RGB( '', 0.000000000000000, 0.000000000000000, 0.600000023841858 );
#12026 = COLOUR_RGB( '', 0.000000000000000, 0.000000000000000, 0.600000023841858 );
#12027 = CARTESIAN_POINT( '', ( -2.40000000000000, 2.50000000000000, 1.35525271560688E-016 ) );
#12028 = DIRECTION( '', ( -7.22801448323669E-017, 5.20706246211423E-032, 1.00000000000000 ) );
#12029 = DIRECTION( '', ( -1.00000000000000, 0.000000000000000, -7.22801448323669E-017 ) );
#12030 = CARTESIAN_POINT( '', ( -2.40000000000000, 2.50000000000000, 0.200000000000000 ) );
#12031 = DIRECTION( '', ( 7.22801448323670E-017, -5.20706246211423E-032, -1.00000000000000 ) );
#12032 = DIRECTION( '', ( -1.00000000000000, 0.000000000000000, -7.22801448323670E-017 ) );
#12033 = CARTESIAN_POINT( '', ( -3.40000000000000, -3.45000000000000, -2.00000000000000 ) );
#12034 = DIRECTION( '', ( 0.000000000000000, 0.000000000000000, -1.00000000000000 ) );
#12035 = DIRECTION( '', ( 0.000000000000000, 1.00000000000000, 0.000000000000000 ) );
#12036 = DIRECTION( '', ( 1.00000000000000, 0.000000000000000, 0.000000000000000 ) );
#12037 = DIRECTION( '', ( 0.000000000000000, -1.00000000000000, 0.000000000000000 ) );
#12038 = DIRECTION( '', ( -1.00000000000000, 0.000000000000000, 0.000000000000000 ) );
#12039 = CARTESIAN_POINT( '', ( 1.65105080756887, 3.75000000000000, 3.50000000000000 ) );
#12040 = DIRECTION( '', ( -2.72869674283264E-016, -6.06863371617080E-032, 1.00000000000000 ) );
#12041 = DIRECTION( '', ( 1.00000000000000, 0.000000000000000, 2.72869674283264E-016 ) );
#12042 = DIRECTION( '', ( 0.000000000000000, 0.000000000000000, -1.00000000000000 ) );
#12043 = CARTESIAN_POINT( '', ( 1.65105080756887, 3.75000000000000, 0.850000000000000 ) );
#12044 = DIRECTION( '', ( -7.22801448323669E-017, 5.20706246211423E-032, 1.00000000000000 ) );
#12045 = DIRECTION( '', ( 1.00000000000000, 0.000000000000000, 7.22801448323669E-017 ) );
#12046 = DIRECTION( '', ( 0.000000000000000, 0.000000000000000, -1.00000000000000 ) );
#12047 = DIRECTION( '', ( 0.000000000000000, -1.00000000000000, 0.000000000000000 ) );
#12048 = DIRECTION( '', ( 1.00000000000000, -9.63735264431560E-017, 0.000000000000000 ) );
#12049 = DIRECTION( '', ( -8.67361737988416E-016, 1.00000000000000, 0.000000000000000 ) );
#12050 = DIRECTION( '', ( 1.00000000000000, 0.000000000000000, 0.000000000000000 ) );
#12051 = DIRECTION( '', ( 0.000000000000000, 0.000000000000000, -1.00000000000000 ) );
#12052 = DIRECTION( '', ( 0.000000000000000, 0.000000000000000, -1.00000000000000 ) );
#12053 = CARTESIAN_POINT( '', ( -3.40000000000000, 3.45000000000000, 0.850000000000000 ) );
#12054 = DIRECTION( '', ( 0.000000000000000, 0.000000000000000, -1.00000000000000 ) );
#12055 = DIRECTION( '', ( -1.00000000000000, 0.000000000000000, 0.000000000000000 ) );
#12056 = DIRECTION( '', ( 0.000000000000000, 0.000000000000000, -1.00000000000000 ) );
#12057 = DIRECTION( '', ( 0.000000000000000, 0.000000000000000, -1.00000000000000 ) );
#12058 = CARTESIAN_POINT( '', ( -3.40000000000000, 3.45000000000000, 6.70000000000000 ) );
#12059 = DIRECTION( '', ( 0.000000000000000, 0.707106781186549, -0.707106781186546 ) );
#12060 = DIRECTION( '', ( 0.000000000000000, -0.707106781186546, -0.707106781186549 ) );
#12061 = CARTESIAN_POINT( '', ( -3.40000000000000, 3.45000000000000, 6.80000000000000 ) );
#12062 = DIRECTION( '', ( 0.000000000000000, 0.000000000000000, -1.00000000000000 ) );
#12063 = DIRECTION( '', ( -1.00000000000000, 0.000000000000000, 0.000000000000000 ) );
#12064 = CARTESIAN_POINT( '', ( -3.40000000000000, 3.45000000000000, 6.70000000000000 ) );
#12065 = DIRECTION( '', ( -0.707106781186549, 0.000000000000000, -0.707106781186546 ) );
#12066 = DIRECTION( '', ( 0.707106781186546, 0.000000000000000, -0.707106781186549 ) );
#12067 = CARTESIAN_POINT( '', ( 1.83002540378444, 4.45000000000000, 0.200000000000000 ) );
#12068 = DIRECTION( '', ( -7.22801448323669E-017, 5.20706246211423E-032, 1.00000000000000 ) );
#12069 = DIRECTION( '', ( -1.00000000000000, 0.000000000000000, -7.22801448323669E-017 ) );
#12070 = DIRECTION( '', ( 7.22801448323669E-017, -5.20706246211423E-032, -1.00000000000000 ) );
#12071 = CARTESIAN_POINT( '', ( 1.83002540378444, 4.45000000000000, 0.850000000000000 ) );
#12072 = DIRECTION( '', ( -7.22801448323669E-017, 5.20706246211423E-032, 1.00000000000000 ) );
#12073 = DIRECTION( '', ( -1.00000000000000, 0.000000000000000, -7.22801448323669E-017 ) );
#12074 = DIRECTION( '', ( 7.22801448323669E-017, -5.20706246211423E-032, -1.00000000000000 ) );
#12075 = CARTESIAN_POINT( '', ( -2.37500000000000, 2.35000000000000, 8.05000000000000 ) );
#12076 = DIRECTION( '', ( 1.00000000000000, 0.000000000000000, 0.000000000000000 ) );
#12077 = DIRECTION( '', ( 0.000000000000000, 0.000000000000000, -1.00000000000000 ) );
#12078 = DIRECTION( '', ( 1.00000000000000, 0.000000000000000, 0.000000000000000 ) );
#12079 = CARTESIAN_POINT( '', ( 2.37500000000000, 2.35000000000000, 8.05000000000000 ) );
#12080 = DIRECTION( '', ( 1.00000000000000, 0.000000000000000, -8.67361737988403E-016 ) );
#12081 = DIRECTION( '', ( -8.67361737988403E-016, 0.000000000000000, -1.00000000000000 ) );
#12082 = DIRECTION( '', ( 1.00000000000000, 0.000000000000000, 0.000000000000000 ) );
#12083 = DIRECTION( '', ( 7.47725636196900E-017, 1.00000000000000, 0.000000000000000 ) );
#12084 = DIRECTION( '', ( 0.000000000000000, 0.000000000000000, 1.00000000000000 ) );
#12085 = DIRECTION( '', ( 7.47725636196900E-017, 1.00000000000000, 0.000000000000000 ) );
#12086 = DIRECTION( '', ( 0.000000000000000, 0.000000000000000, 1.00000000000000 ) );
#12087 = DIRECTION( '', ( 0.000000000000000, -1.00000000000000, 0.000000000000000 ) );
#12088 = DIRECTION( '', ( -0.707106781186548, -0.707106781186547, 0.000000000000000 ) );
#12089 = DIRECTION( '', ( -1.00000000000000, 0.000000000000000, 0.000000000000000 ) );
#12090 = DIRECTION( '', ( -0.707106781186548, 0.707106781186547, 0.000000000000000 ) );
#12091 = DIRECTION( '', ( 0.000000000000000, 1.00000000000000, 0.000000000000000 ) );
#12092 = DIRECTION( '', ( 1.00000000000000, 0.000000000000000, 0.000000000000000 ) );
#12093 = CARTESIAN_POINT( '', ( -3.47500000000000, 2.00000000000000, 2.99435389988899 ) );
#12094 = DIRECTION( '', ( 0.000000000000000, 1.00000000000000, 0.000000000000000 ) );
#12095 = DIRECTION( '', ( 0.000000000000000, 0.000000000000000, 1.00000000000000 ) );
#12096 = DIRECTION( '', ( 0.000000000000000, 1.00000000000000, 0.000000000000000 ) );
#12097 = CARTESIAN_POINT( '', ( -3.47500000000000, 3.35000000000000, 2.99435389988899 ) );
#12098 = DIRECTION( '', ( 0.000000000000000, 1.00000000000000, 0.000000000000000 ) );
#12099 = DIRECTION( '', ( 0.000000000000000, 0.000000000000000, 1.00000000000000 ) );
#12100 = DIRECTION( '', ( 0.000000000000000, 1.00000000000000, 0.000000000000000 ) );
#12101 = DIRECTION( '', ( 0.000000000000000, 0.000000000000000, 1.00000000000000 ) );
#12102 = DIRECTION( '', ( 0.000000000000000, 0.000000000000000, 1.00000000000000 ) );
#12103 = DIRECTION( '', ( 1.00000000000000, 0.000000000000000, 0.000000000000000 ) );
#12104 = DIRECTION( '', ( -1.00000000000000, -2.44775235369814E-016, -7.22801448323669E-017 ) );
#12105 = DIRECTION( '', ( -7.22801448323669E-017, -6.97630140850492E-032, 1.00000000000000 ) );
#12106 = DIRECTION( '', ( -1.00000000000000, -2.44775235369814E-016, -7.22801448323669E-017 ) );
#12107 = DIRECTION( '', ( -7.22801448323669E-017, -6.97630140850492E-032, 1.00000000000000 ) );
#12108 = DIRECTION( '', ( 0.000000000000000, 1.00000000000000, 0.000000000000000 ) );
#12109 = DIRECTION( '', ( 1.00000000000000, 0.000000000000000, 0.000000000000000 ) );
#12110 = DIRECTION( '', ( 0.000000000000000, 1.00000000000000, 0.000000000000000 ) );
#12111 = DIRECTION( '', ( 1.00000000000000, 0.000000000000000, 0.000000000000000 ) );
#12112 = DIRECTION( '', ( 0.000000000000000, 1.00000000000000, 0.000000000000000 ) );
#12113 = DIRECTION( '', ( 1.00000000000000, 0.000000000000000, 0.000000000000000 ) );
#12114 = DIRECTION( '', ( 0.000000000000000, 1.00000000000000, 0.000000000000000 ) );
#12115 = DIRECTION( '', ( 1.00000000000000, 0.000000000000000, 0.000000000000000 ) );
#12116 = CARTESIAN_POINT( '', ( -3.40000000000000, 3.45000000000000, -2.00000000000000 ) );
#12117 = DIRECTION( '', ( 0.000000000000000, 0.000000000000000, 1.00000000000000 ) );
#12118 = DIRECTION( '', ( 0.000000000000000, -1.00000000000000, 0.000000000000000 ) );
#12119 = DIRECTION( '', ( 0.000000000000000, 0.000000000000000, 1.00000000000000 ) );
#12120 = CARTESIAN_POINT( '', ( -3.40000000000000, 3.45000000000000, 0.000000000000000 ) );
#12121 = DIRECTION( '', ( 0.000000000000000, 0.000000000000000, -1.00000000000000 ) );
#12122 = DIRECTION( '', ( -1.00000000000000, 0.000000000000000, 0.000000000000000 ) );
#12123 = DIRECTION( '', ( 0.000000000000000, 0.000000000000000, 1.00000000000000 ) );
#12124 = DIRECTION( '', ( -1.00000000000000, 0.000000000000000, 0.000000000000000 ) );
#12125 = DIRECTION( '', ( 1.24800250070274E-016, 0.000000000000000, -1.00000000000000 ) );
#12126 = DIRECTION( '', ( 1.00000000000000, 0.000000000000000, 1.13380619344889E-016 ) );
#12127 = CARTESIAN_POINT( '', ( 3.47500000000000, -3.35000000000000, 2.99435389988899 ) );
#12128 = DIRECTION( '', ( 0.000000000000000, 1.00000000000000, 0.000000000000000 ) );
#12129 = DIRECTION( '', ( 0.000000000000000, 0.000000000000000, 1.00000000000000 ) );
#12130 = DIRECTION( '', ( 0.000000000000000, 0.000000000000000, -1.00000000000000 ) );
#12131 = DIRECTION( '', ( 1.00000000000000, 0.000000000000000, 0.000000000000000 ) );
#12132 = DIRECTION( '', ( 0.000000000000000, 0.000000000000000, 1.00000000000000 ) );
#12133 = CARTESIAN_POINT( '', ( 3.47500000000000, -3.35000000000000, 2.99435389988899 ) );
#12134 = DIRECTION( '', ( 0.000000000000000, 1.00000000000000, 0.000000000000000 ) );
#12135 = DIRECTION( '', ( 0.000000000000000, 0.000000000000000, 1.00000000000000 ) );
#12136 = DIRECTION( '', ( -1.00000000000000, 9.63735264431560E-017, 0.000000000000000 ) );
#12137 = DIRECTION( '', ( -1.92747052886312E-016, 1.00000000000000, 0.000000000000000 ) );
#12138 = DIRECTION( '', ( -1.00000000000000, -1.11199510001654E-016, 0.000000000000000 ) );
#12139 = DIRECTION( '', ( -1.92747052886312E-016, 1.00000000000000, 0.000000000000000 ) );
#12140 = CARTESIAN_POINT( '', ( 1.83002540378444, 4.45000000000000, 3.50000000000000 ) );
#12141 = DIRECTION( '', ( -2.72869674283264E-016, -6.06863371617080E-032, 1.00000000000000 ) );
#12142 = DIRECTION( '', ( 1.00000000000000, 0.000000000000000, 2.72869674283264E-016 ) );
#12143 = DIRECTION( '', ( 1.00000000000000, 2.22400445638052E-016, 2.72869674283264E-016 ) );
#12144 = DIRECTION( '', ( -2.22400445638052E-016, 1.00000000000000, 0.000000000000000 ) );
#12145 = DIRECTION( '', ( -1.00000000000000, 0.000000000000000, -2.72869674283264E-016 ) );
#12146 = DIRECTION( '', ( 0.000000000000000, 0.000000000000000, -1.00000000000000 ) );
#12147 = DIRECTION( '', ( 1.00000000000000, 2.44775235369814E-016, 0.000000000000000 ) );
#12148 = DIRECTION( '', ( 0.000000000000000, 0.000000000000000, -1.00000000000000 ) );
#12149 = DIRECTION( '', ( -1.00000000000000, -2.44775235369814E-016, 0.000000000000000 ) );
#12150 = DIRECTION( '', ( 0.000000000000000, 0.000000000000000, 1.00000000000000 ) );
#12151 = CARTESIAN_POINT( '', ( -2.37500000000000, -2.35000000000000, 8.05000000000000 ) );
#12152 = DIRECTION( '', ( 0.000000000000000, 0.000000000000000, -1.00000000000000 ) );
#12153 = DIRECTION( '', ( -1.00000000000000, 0.000000000000000, 0.000000000000000 ) );
#12154 = DIRECTION( '', ( 0.000000000000000, 0.000000000000000, 1.00000000000000 ) );
#12155 = CARTESIAN_POINT( '', ( -2.37500000000000, -2.35000000000000, 2.85000000000000 ) );
#12156 = DIRECTION( '', ( 0.000000000000000, 0.000000000000000, 1.00000000000000 ) );
#12157 = DIRECTION( '', ( 1.00000000000000, 0.000000000000000, 0.000000000000000 ) );
#12158 = DIRECTION( '', ( 0.000000000000000, 0.000000000000000, -1.00000000000000 ) );
#12159 = CARTESIAN_POINT( '', ( -2.37500000000000, -2.35000000000000, 0.000000000000000 ) );
#12160 = DIRECTION( '', ( 0.000000000000000, 0.000000000000000, -1.00000000000000 ) );
#12161 = DIRECTION( '', ( -1.00000000000000, 0.000000000000000, 0.000000000000000 ) );
#12162 = DIRECTION( '', ( 0.000000000000000, 0.000000000000000, 1.00000000000000 ) );
#12163 = DIRECTION( '', ( 0.000000000000000, 1.00000000000000, 0.000000000000000 ) );
#12164 = DIRECTION( '', ( 0.000000000000000, 0.000000000000000, -1.00000000000000 ) );
#12165 = DIRECTION( '', ( 0.000000000000000, -0.196116135138184, -0.980580675690920 ) );
#12166 = DIRECTION( '', ( 0.000000000000000, 0.196116135138184, -0.980580675690920 ) );
#12167 = DIRECTION( '', ( 0.000000000000000, 0.000000000000000, 1.00000000000000 ) );
#12168 = DIRECTION( '', ( 0.000000000000000, -0.880471099922175, 0.474099823035017 ) );
#12169 = DIRECTION( '', ( 1.09792625061823E-016, -1.00000000000000, 0.000000000000000 ) );
#12170 = DIRECTION( '', ( 0.000000000000000, 0.000000000000000, -1.00000000000000 ) );
#12171 = DIRECTION( '', ( 1.09792625061823E-016, -1.00000000000000, 0.000000000000000 ) );
#12172 = DIRECTION( '', ( 0.000000000000000, 0.000000000000000, 1.00000000000000 ) );
#12173 = DIRECTION( '', ( 0.000000000000000, 0.000000000000000, 1.00000000000000 ) );
#12174 = DIRECTION( '', ( -1.00000000000000, 0.000000000000000, -7.22801448323669E-017 ) );
#12175 = DIRECTION( '', ( -7.22801448323669E-017, 5.20706246211423E-032, 1.00000000000000 ) );
#12176 = DIRECTION( '', ( -1.00000000000000, 0.000000000000000, -7.22801448323669E-017 ) );
#12177 = DIRECTION( '', ( -7.22801448323669E-017, 5.20706246211423E-032, 1.00000000000000 ) );
#12178 = DIRECTION( '', ( 8.67361737988392E-016, 1.00000000000000, 0.000000000000000 ) );
#12179 = CARTESIAN_POINT( '', ( -1.45000000000000, 3.70000000000000, -4.40000000000000 ) );
#12180 = DIRECTION( '', ( 8.67361737988403E-016, 1.00000000000000, 0.000000000000000 ) );
#12181 = DIRECTION( '', ( -1.00000000000000, 8.67361737988403E-016, 0.000000000000000 ) );
#12182 = DIRECTION( '', ( 8.67361737988392E-016, 1.00000000000000, 0.000000000000000 ) );
#12183 = CARTESIAN_POINT( '', ( -1.44999999999999, 3.95000000000000, -4.40000000000000 ) );
#12184 = DIRECTION( '', ( -1.11200222819026E-016, 1.00000000000000, 0.000000000000000 ) );
#12185 = DIRECTION( '', ( -1.00000000000000, -1.11200222819026E-016, 0.000000000000000 ) );
#12186 = DIRECTION( '', ( -1.08420217248550E-016, 1.00000000000000, -5.99072536266242E-032 ) );
#12187 = DIRECTION( '', ( -1.08420217248550E-016, 1.00000000000000, -5.99072536266242E-032 ) );
#12188 = DIRECTION( '', ( -7.22801448323669E-017, 5.20706246211423E-032, 1.00000000000000 ) );
#12189 = DIRECTION( '', ( -1.00000000000000, 0.000000000000000, 0.000000000000000 ) );
#12190 = DIRECTION( '', ( 0.0227214053532970, 0.000000000000000, -0.999741835544943 ) );
#12191 = DIRECTION( '', ( -1.00000000000000, 0.000000000000000, 0.000000000000000 ) );
#12192 = DIRECTION( '', ( 0.0227214053532941, 0.000000000000000, 0.999741835544943 ) );
#12193 = DIRECTION( '', ( 1.92747052886312E-016, -1.00000000000000, 0.000000000000000 ) );
#12194 = DIRECTION( '', ( 0.0160685338316565, 0.707015488592896, 0.707015488592895 ) );
#12195 = DIRECTION( '', ( -0.0227214053532941, 2.18974195964135E-018, -0.999741835544943 ) );
#12196 = DIRECTION( '', ( -0.0227214053532941, -2.52660914183527E-018, -0.999741835544943 ) );
#12197 = DIRECTION( '', ( -1.92747052886312E-016, 1.00000000000000, 0.000000000000000 ) );
#12198 = DIRECTION( '', ( 1.00000000000000, 0.000000000000000, 0.000000000000000 ) );
#12199 = DIRECTION( '', ( 1.00000000000000, 0.000000000000000, 0.000000000000000 ) );
#12200 = DIRECTION( '', ( 0.000000000000000, 0.000000000000000, -1.00000000000000 ) );
#12201 = DIRECTION( '', ( -1.00000000000000, 0.000000000000000, 0.000000000000000 ) );
#12202 = DIRECTION( '', ( 0.000000000000000, 0.000000000000000, -1.00000000000000 ) );
#12203 = DIRECTION( '', ( -1.00000000000000, 0.000000000000000, 0.000000000000000 ) );
#12204 = DIRECTION( '', ( 0.000000000000000, 0.000000000000000, -1.00000000000000 ) );
#12205 = DIRECTION( '', ( -1.00000000000000, 0.000000000000000, 0.000000000000000 ) );
#12206 = DIRECTION( '', ( 0.000000000000000, 0.000000000000000, -1.00000000000000 ) );
#12207 = DIRECTION( '', ( -1.00000000000000, 0.000000000000000, 0.000000000000000 ) );
#12208 = DIRECTION( '', ( 0.000000000000000, 0.000000000000000, -1.00000000000000 ) );
#12209 = DIRECTION( '', ( 1.00000000000000, 0.000000000000000, 0.000000000000000 ) );
#12210 = DIRECTION( '', ( -0.0227214053532941, 0.000000000000000, -0.999741835544943 ) );
#12211 = DIRECTION( '', ( 1.00000000000000, 0.000000000000000, 0.000000000000000 ) );
#12212 = DIRECTION( '', ( -0.0227214053532970, 0.000000000000000, 0.999741835544943 ) );
#12213 = DIRECTION( '', ( 0.000000000000000, 0.000000000000000, 1.00000000000000 ) );
#12214 = DIRECTION( '', ( 8.67361737988392E-016, 1.00000000000000, 0.000000000000000 ) );
#12215 = DIRECTION( '', ( 0.000000000000000, 0.000000000000000, 1.00000000000000 ) );
#12216 = DIRECTION( '', ( 0.000000000000000, 0.000000000000000, -1.00000000000000 ) );
#12217 = DIRECTION( '', ( 1.00000000000000, 0.000000000000000, 0.000000000000000 ) );
#12218 = DIRECTION( '', ( 0.000000000000000, 0.000000000000000, 1.00000000000000 ) );
#12219 = DIRECTION( '', ( -1.00000000000000, 0.000000000000000, 0.000000000000000 ) );
#12220 = DIRECTION( '', ( 1.00000000000000, 0.000000000000000, 1.06262613781101E-016 ) );
#12221 = DIRECTION( '', ( 1.24800250070274E-016, 0.000000000000000, -1.00000000000000 ) );
#12222 = DIRECTION( '', ( 1.00000000000000, 0.000000000000000, 1.06262613781101E-016 ) );
#12223 = CARTESIAN_POINT( '', ( 3.47500000000000, 2.00000000000000, 2.99435389988899 ) );
#12224 = DIRECTION( '', ( 0.000000000000000, 1.00000000000000, 0.000000000000000 ) );
#12225 = DIRECTION( '', ( 0.000000000000000, 0.000000000000000, 1.00000000000000 ) );
#12226 = DIRECTION( '', ( -1.00000000000000, 0.000000000000000, 0.000000000000000 ) );
#12227 = DIRECTION( '', ( 0.000000000000000, 0.000000000000000, -1.00000000000000 ) );
#12228 = CARTESIAN_POINT( '', ( 3.47500000000000, 2.00000000000000, 2.99435389988899 ) );
#12229 = DIRECTION( '', ( 0.000000000000000, 1.00000000000000, 0.000000000000000 ) );
#12230 = DIRECTION( '', ( 0.000000000000000, 0.000000000000000, 1.00000000000000 ) );
#12231 = DIRECTION( '', ( 0.000000000000000, 1.00000000000000, 0.000000000000000 ) );
#12232 = CARTESIAN_POINT( '', ( 3.47500000000000, -2.00000000000000, 2.99435389988899 ) );
#12233 = DIRECTION( '', ( 0.000000000000000, -1.00000000000000, 0.000000000000000 ) );
#12234 = DIRECTION( '', ( 0.000000000000000, 0.000000000000000, -1.00000000000000 ) );
#12235 = DIRECTION( '', ( 0.000000000000000, 1.00000000000000, 0.000000000000000 ) );
#12236 = DIRECTION( '', ( 1.00000000000000, 0.000000000000000, 0.000000000000000 ) );
#12237 = DIRECTION( '', ( 0.000000000000000, 0.000000000000000, -1.00000000000000 ) );
#12238 = DIRECTION( '', ( 1.00000000000000, 0.000000000000000, 0.000000000000000 ) );
#12239 = DIRECTION( '', ( 0.000000000000000, 0.000000000000000, 1.00000000000000 ) );
#12240 = DIRECTION( '', ( 1.00000000000000, 0.000000000000000, 0.000000000000000 ) );
#12241 = DIRECTION( '', ( 0.000000000000000, 0.000000000000000, -1.00000000000000 ) );
#12242 = DIRECTION( '', ( -1.00000000000000, 0.000000000000000, 0.000000000000000 ) );
#12243 = DIRECTION( '', ( 0.000000000000000, 0.000000000000000, 1.00000000000000 ) );
#12244 = DIRECTION( '', ( -1.00000000000000, -2.44775235369814E-016, -7.22801448323669E-017 ) );
#12245 = CARTESIAN_POINT( '', ( -1.65100000000000, -3.75000000000000, 0.850000000000000 ) );
#12246 = DIRECTION( '', ( -7.22801448323669E-017, -6.97630140850492E-032, 1.00000000000000 ) );
#12247 = DIRECTION( '', ( 1.00000000000000, 0.000000000000000, 7.22801448323669E-017 ) );
#12248 = DIRECTION( '', ( 2.23747897317619E-017, -1.00000000000000, 0.000000000000000 ) );
#12249 = DIRECTION( '', ( -1.00000000000000, -2.44775235369814E-016, -7.22801448323669E-017 ) );
#12250 = CARTESIAN_POINT( '', ( -1.82997459621556, -4.45000000000000, 0.850000000000000 ) );
#12251 = DIRECTION( '', ( 7.22801448323669E-017, 6.97630140850492E-032, -1.00000000000000 ) );
#12252 = DIRECTION( '', ( -1.00000000000000, -2.44775235369814E-016, -7.22801448323669E-017 ) );
#12253 = DIRECTION( '', ( 1.00000000000000, 2.44775235369814E-016, 7.22801448323669E-017 ) );
#12254 = CARTESIAN_POINT( '', ( 1.83002540378444, -4.45000000000000, 0.850000000000000 ) );
#12255 = DIRECTION( '', ( 7.22801448323669E-017, 6.97630140850492E-032, -1.00000000000000 ) );
#12256 = DIRECTION( '', ( -1.00000000000000, -2.44775235369814E-016, -7.22801448323669E-017 ) );
#12257 = DIRECTION( '', ( -1.00000000000000, -2.44775235369814E-016, -7.22801448323669E-017 ) );
#12258 = DIRECTION( '', ( 2.23747897317619E-017, -1.00000000000000, 0.000000000000000 ) );
#12259 = CARTESIAN_POINT( '', ( 1.65105080756888, -3.75000000000000, 0.850000000000000 ) );
#12260 = DIRECTION( '', ( -7.22801448323669E-017, -6.97630140850492E-032, 1.00000000000000 ) );
#12261 = DIRECTION( '', ( 1.00000000000000, 0.000000000000000, 7.22801448323669E-017 ) );
#12262 = DIRECTION( '', ( -1.00000000000000, 0.000000000000000, 0.000000000000000 ) );
#12263 = DIRECTION( '', ( -7.20400114608309E-016, -1.00000000000000, 0.000000000000000 ) );
#12264 = DIRECTION( '', ( -7.20400114608309E-016, -1.00000000000000, 0.000000000000000 ) );
#12265 = DIRECTION( '', ( 0.577350269189626, -0.577350269189626, 0.577350269189626 ) );
#12266 = DIRECTION( '', ( 0.000000000000000, 1.00000000000000, 0.000000000000000 ) );
#12267 = DIRECTION( '', ( -0.577350269189626, -0.577350269189626, -0.577350269189626 ) );
#12268 = DIRECTION( '', ( 0.000000000000000, -1.00000000000000, 0.000000000000000 ) );
#12269 = DIRECTION( '', ( 0.000000000000000, 0.000000000000000, -1.00000000000000 ) );
#12270 = DIRECTION( '', ( 0.000000000000000, 1.00000000000000, 0.000000000000000 ) );
#12271 = DIRECTION( '', ( 0.000000000000000, 0.000000000000000, -1.00000000000000 ) );
#12272 = DIRECTION( '', ( 0.000000000000000, -0.880471099922175, -0.474099823035018 ) );
#12273 = DIRECTION( '', ( 0.000000000000000, 0.000000000000000, -1.00000000000000 ) );
#12274 = DIRECTION( '', ( 0.000000000000000, 0.196116135138184, 0.980580675690920 ) );
#12275 = DIRECTION( '', ( 0.000000000000000, -0.196116135138184, 0.980580675690920 ) );
#12276 = DIRECTION( '', ( -1.00000000000000, -2.44775235369814E-016, 0.000000000000000 ) );
#12277 = DIRECTION( '', ( 0.577350269189625, 0.577350269189624, 0.577350269189628 ) );
#12278 = DIRECTION( '', ( -1.73082228796528E-016, 0.707106781186545, 0.707106781186550 ) );
#12279 = DIRECTION( '', ( -1.00000000000000, -2.44775235369814E-016, 0.000000000000000 ) );
#12280 = DIRECTION( '', ( -3.26411570464865E-016, 0.707106781186545, 0.707106781186550 ) );
#12281 = DIRECTION( '', ( 0.577350269189625, -0.577350269189624, -0.577350269189628 ) );
#12282 = DIRECTION( '', ( 2.44775235369814E-016, -1.00000000000000, 0.000000000000000 ) );
#12283 = DIRECTION( '', ( 0.000000000000000, 0.000000000000000, 1.00000000000000 ) );
#12284 = DIRECTION( '', ( 1.73082228796528E-016, -0.707106781186545, -0.707106781186550 ) );
#12285 = DIRECTION( '', ( 0.000000000000000, 0.000000000000000, 1.00000000000000 ) );
#12286 = DIRECTION( '', ( 1.00000000000000, 0.000000000000000, 7.22801448323669E-017 ) );
#12287 = DIRECTION( '', ( 1.00000000000000, -1.08420217248550E-016, 7.22801448323669E-017 ) );
#12288 = DIRECTION( '', ( -7.22801448323669E-017, 5.20706246211423E-032, 1.00000000000000 ) );
#12289 = DIRECTION( '', ( -1.20466908053945E-016, 1.00000000000000, 0.000000000000000 ) );
#12290 = DIRECTION( '', ( 0.000000000000000, 0.000000000000000, -1.00000000000000 ) );
#12291 = DIRECTION( '', ( -1.20466908053945E-016, 1.00000000000000, 0.000000000000000 ) );
#12292 = DIRECTION( '', ( 0.000000000000000, 0.000000000000000, -1.00000000000000 ) );
#12293 = DIRECTION( '', ( 0.000000000000000, 0.000000000000000, 1.00000000000000 ) );
#12294 = CARTESIAN_POINT( '', ( 1.83002540378444, 4.45000000000000, 6.30000000000000 ) );
#12295 = DIRECTION( '', ( 0.000000000000000, 0.000000000000000, 1.00000000000000 ) );
#12296 = DIRECTION( '', ( 1.00000000000000, 0.000000000000000, 0.000000000000000 ) );
#12297 = DIRECTION( '', ( 0.000000000000000, 0.000000000000000, 1.00000000000000 ) );
#12298 = DIRECTION( '', ( -1.92747052886312E-016, 1.00000000000000, 0.000000000000000 ) );
#12299 = DIRECTION( '', ( 0.0160685338316586, 0.707015488592895, -0.707015488592896 ) );
#12300 = DIRECTION( '', ( -0.0227214053532970, 4.37948391928327E-018, 0.999741835544943 ) );
#12301 = DIRECTION( '', ( -1.92747052886312E-016, 1.00000000000000, 0.000000000000000 ) );
#12302 = DIRECTION( '', ( -0.0227214053532970, -2.52660914183559E-018, 0.999741835544943 ) );
#12303 = DIRECTION( '', ( -1.92747052886312E-016, 1.00000000000000, 0.000000000000000 ) );
#12304 = DIRECTION( '', ( -0.707106781186548, 0.707106781186548, 0.000000000000000 ) );
#12305 = DIRECTION( '', ( -0.707106781186548, 0.707106781186548, 0.000000000000000 ) );
#12306 = DIRECTION( '', ( 0.000000000000000, 0.000000000000000, -1.00000000000000 ) );
#12307 = DIRECTION( '', ( -0.577350269189626, 0.577350269189626, -0.577350269189626 ) );
#12308 = DIRECTION( '', ( 0.000000000000000, -0.707106781186547, 0.707106781186548 ) );
#12309 = DIRECTION( '', ( 0.000000000000000, 1.00000000000000, 0.000000000000000 ) );
#12310 = DIRECTION( '', ( 0.000000000000000, -0.707106781186547, -0.707106781186548 ) );
#12311 = DIRECTION( '', ( 0.000000000000000, 1.00000000000000, 0.000000000000000 ) );
#12312 = DIRECTION( '', ( 2.31296463463566E-015, -1.00000000000000, 0.000000000000000 ) );
#12313 = DIRECTION( '', ( -1.63551297779554E-015, 0.707106781186548, 0.707106781186548 ) );
#12314 = DIRECTION( '', ( 0.000000000000000, 0.000000000000000, 1.00000000000000 ) );
#12315 = DIRECTION( '', ( 2.31296463463566E-015, -1.00000000000000, 0.000000000000000 ) );
#12316 = DIRECTION( '', ( 0.000000000000000, 0.000000000000000, -1.00000000000000 ) );
#12317 = DIRECTION( '', ( 0.000000000000000, 0.000000000000000, -1.00000000000000 ) );
#12318 = DIRECTION( '', ( 0.577350269189625, 0.577350269189624, -0.577350269189628 ) );
#12319 = DIRECTION( '', ( 0.000000000000000, 0.000000000000000, 1.00000000000000 ) );
#12320 = DIRECTION( '', ( 0.000000000000000, 1.00000000000000, 0.000000000000000 ) );
#12321 = DIRECTION( '', ( 0.000000000000000, 0.000000000000000, 1.00000000000000 ) );
#12322 = DIRECTION( '', ( 0.000000000000000, 1.00000000000000, 0.000000000000000 ) );
#12323 = DIRECTION( '', ( 0.000000000000000, 0.000000000000000, 1.00000000000000 ) );
#12324 = DIRECTION( '', ( -0.707106781186550, 0.707106781186545, 0.000000000000000 ) );
#12325 = DIRECTION( '', ( 0.000000000000000, 0.000000000000000, -1.00000000000000 ) );
#12326 = DIRECTION( '', ( -0.577350269189627, 0.577350269189626, 0.577350269189625 ) );
#12327 = DIRECTION( '', ( 0.707106781186548, -0.707106781186547, 0.000000000000000 ) );
#12328 = DIRECTION( '', ( 0.000000000000000, 0.000000000000000, 1.00000000000000 ) );
#12329 = DIRECTION( '', ( 1.00000000000000, 0.000000000000000, 1.06262613781101E-016 ) );
#12330 = DIRECTION( '', ( -1.24800250070274E-016, 0.000000000000000, 1.00000000000000 ) );
#12331 = DIRECTION( '', ( 1.00000000000000, 0.000000000000000, 1.06262613781101E-016 ) );
#12332 = CARTESIAN_POINT( '', ( -3.47500000000000, 2.00000000000000, 2.99435389988899 ) );
#12333 = DIRECTION( '', ( 0.000000000000000, 1.00000000000000, 0.000000000000000 ) );
#12334 = DIRECTION( '', ( 0.000000000000000, 0.000000000000000, 1.00000000000000 ) );
#12335 = DIRECTION( '', ( 0.000000000000000, 0.000000000000000, 1.00000000000000 ) );
#12336 = DIRECTION( '', ( -1.00000000000000, 0.000000000000000, 0.000000000000000 ) );
#12337 = DIRECTION( '', ( 0.000000000000000, 0.000000000000000, -1.00000000000000 ) );
#12338 = CARTESIAN_POINT( '', ( -2.40000000000000, -2.50000000000000, 1.35525271560688E-016 ) );
#12339 = DIRECTION( '', ( 7.22801448323669E-017, 6.97630140850492E-032, -1.00000000000000 ) );
#12340 = DIRECTION( '', ( -1.00000000000000, -2.44775235369814E-016, -7.22801448323669E-017 ) );
#12341 = DIRECTION( '', ( -1.00000000000000, 0.000000000000000, 0.000000000000000 ) );
#12342 = DIRECTION( '', ( 0.000000000000000, 0.880471099922175, 0.474099823035018 ) );
#12343 = DIRECTION( '', ( -1.00000000000000, 0.000000000000000, 0.000000000000000 ) );
#12344 = DIRECTION( '', ( 0.000000000000000, -0.880471099922175, -0.474099823035018 ) );
#12345 = DIRECTION( '', ( 0.000000000000000, 0.000000000000000, 1.00000000000000 ) );
#12346 = DIRECTION( '', ( 1.00000000000000, 2.23747897317619E-017, 0.000000000000000 ) );
#12347 = DIRECTION( '', ( 0.000000000000000, 0.000000000000000, -1.00000000000000 ) );
#12348 = DIRECTION( '', ( -1.00000000000000, -2.23747897317619E-017, 0.000000000000000 ) );
#12349 = DIRECTION( '', ( 0.000000000000000, 0.000000000000000, 1.00000000000000 ) );
#12350 = DIRECTION( '', ( 1.00000000000000, 2.44775235369814E-016, 0.000000000000000 ) );
#12351 = DIRECTION( '', ( 0.000000000000000, 0.000000000000000, 1.00000000000000 ) );
#12352 = DIRECTION( '', ( 1.00000000000000, 2.44775235369814E-016, 0.000000000000000 ) );
#12353 = DIRECTION( '', ( 0.000000000000000, 0.000000000000000, 1.00000000000000 ) );
#12354 = DIRECTION( '', ( -1.00000000000000, -2.44775235369814E-016, 0.000000000000000 ) );
#12355 = DIRECTION( '', ( 1.00000000000000, 2.44775235369814E-016, 1.18243525522748E-016 ) );
#12356 = DIRECTION( '', ( 8.18265790555098E-017, 2.00291201478191E-032, -1.00000000000000 ) );
#12357 = DIRECTION( '', ( 0.000000000000000, 0.000000000000000, 1.00000000000000 ) );
#12358 = DIRECTION( '', ( 1.00000000000000, 2.44775235369814E-016, 1.08642723642486E-016 ) );
#12359 = DIRECTION( '', ( 0.000000000000000, 0.000000000000000, 1.00000000000000 ) );
#12360 = DIRECTION( '', ( 1.00000000000000, 2.44775235369814E-016, 0.000000000000000 ) );
#12361 = DIRECTION( '', ( 0.000000000000000, 0.000000000000000, 1.00000000000000 ) );
#12362 = DIRECTION( '', ( 0.000000000000000, 1.00000000000000, 0.000000000000000 ) );
#12363 = CARTESIAN_POINT( '', ( -3.47500000000000, 3.35000000000000, 2.99435389988899 ) );
#12364 = DIRECTION( '', ( 0.000000000000000, 1.00000000000000, 0.000000000000000 ) );
#12365 = DIRECTION( '', ( 0.000000000000000, 0.000000000000000, 1.00000000000000 ) );
#12366 = DIRECTION( '', ( 0.000000000000000, 1.00000000000000, 0.000000000000000 ) );
#12367 = DIRECTION( '', ( -1.00000000000000, -2.44775235369814E-016, 0.000000000000000 ) );
#12368 = DIRECTION( '', ( 0.577350269189625, -0.577350269189625, 0.577350269189628 ) );
#12369 = DIRECTION( '', ( 1.00000000000000, 2.44775235369814E-016, 0.000000000000000 ) );
#12370 = CARTESIAN_POINT( '', ( 3.40000000000000, -3.45000000000000, 6.70000000000000 ) );
#12371 = DIRECTION( '', ( 1.73082228796529E-016, -0.707106781186549, -0.707106781186546 ) );
#12372 = DIRECTION( '', ( -1.73082228796528E-016, 0.707106781186546, -0.707106781186549 ) );
#12373 = DIRECTION( '', ( -0.707106781186548, -0.707106781186547, 0.000000000000000 ) );
#12374 = DIRECTION( '', ( 0.000000000000000, 0.000000000000000, 1.00000000000000 ) );
#12375 = DIRECTION( '', ( 0.000000000000000, 0.000000000000000, -1.00000000000000 ) );
#12376 = DIRECTION( '', ( 1.00000000000000, 2.44775235369814E-016, 7.22801448323669E-017 ) );
#12377 = DIRECTION( '', ( 7.22801448323669E-017, 6.97630140850492E-032, -1.00000000000000 ) );
#12378 = DIRECTION( '', ( 7.22801448323669E-017, 6.97630140850492E-032, -1.00000000000000 ) );
#12379 = DIRECTION( '', ( 0.000000000000000, 0.000000000000000, -1.00000000000000 ) );
#12380 = DIRECTION( '', ( 0.000000000000000, 1.00000000000000, 0.000000000000000 ) );
#12381 = DIRECTION( '', ( 0.000000000000000, 0.000000000000000, -1.00000000000000 ) );
#12382 = DIRECTION( '', ( 0.000000000000000, 1.00000000000000, 0.000000000000000 ) );
#12383 = CARTESIAN_POINT( '', ( 2.37500000000000, 2.35000000000000, 8.05000000000000 ) );
#12384 = DIRECTION( '', ( 0.000000000000000, 0.000000000000000, 1.00000000000000 ) );
#12385 = DIRECTION( '', ( 1.00000000000000, 0.000000000000000, 0.000000000000000 ) );
#12386 = DIRECTION( '', ( 0.000000000000000, 0.000000000000000, 1.00000000000000 ) );
#12387 = CARTESIAN_POINT( '', ( 2.37500000000000, 2.35000000000000, 2.85000000000000 ) );
#12388 = DIRECTION( '', ( 0.000000000000000, 0.000000000000000, -1.00000000000000 ) );
#12389 = DIRECTION( '', ( -1.00000000000000, 0.000000000000000, 0.000000000000000 ) );
#12390 = DIRECTION( '', ( 0.000000000000000, 0.000000000000000, 1.00000000000000 ) );
#12391 = CARTESIAN_POINT( '', ( 2.37500000000000, 2.35000000000000, 0.000000000000000 ) );
#12392 = DIRECTION( '', ( 0.000000000000000, 0.000000000000000, -1.00000000000000 ) );
#12393 = DIRECTION( '', ( -1.00000000000000, 0.000000000000000, 0.000000000000000 ) );
#12394 = DIRECTION( '', ( -0.0227214053532912, 4.37948391928216E-018, -0.999741835544943 ) );
#12395 = DIRECTION( '', ( 0.0160685338316548, -0.707015488592895, 0.707015488592895 ) );
#12396 = DIRECTION( '', ( 1.92747052886312E-016, -1.00000000000000, 0.000000000000000 ) );
#12397 = DIRECTION( '', ( 0.0227214053532912, 0.000000000000000, 0.999741835544943 ) );
#12398 = DIRECTION( '', ( -1.92747052886312E-016, 1.00000000000000, 0.000000000000000 ) );
#12399 = DIRECTION( '', ( -0.0227214053532912, -2.52660914183495E-018, -0.999741835544943 ) );
#12400 = DIRECTION( '', ( -1.92747052886312E-016, 1.00000000000000, 0.000000000000000 ) );
#12401 = DIRECTION( '', ( 0.000000000000000, 1.00000000000000, 0.000000000000000 ) );
#12402 = DIRECTION( '', ( 0.000000000000000, 1.00000000000000, 0.000000000000000 ) );
#12403 = CARTESIAN_POINT( '', ( 3.47500000000000, 3.35000000000000, 2.99435389988899 ) );
#12404 = DIRECTION( '', ( 0.000000000000000, 1.00000000000000, 0.000000000000000 ) );
#12405 = DIRECTION( '', ( 0.000000000000000, 0.000000000000000, 1.00000000000000 ) );
#12406 = DIRECTION( '', ( 1.00000000000000, -1.92747052886312E-016, 0.000000000000000 ) );
#12407 = DIRECTION( '', ( -1.00000000000000, 1.92747052886312E-016, 0.000000000000000 ) );
#12408 = DIRECTION( '', ( 1.00000000000000, 0.000000000000000, 0.000000000000000 ) );
#12409 = DIRECTION( '', ( 0.000000000000000, 0.000000000000000, 1.00000000000000 ) );
#12410 = DIRECTION( '', ( 1.00000000000000, 0.000000000000000, 0.000000000000000 ) );
#12411 = DIRECTION( '', ( -7.20400114608309E-016, -1.00000000000000, 0.000000000000000 ) );
#12412 = DIRECTION( '', ( 0.447213595499958, 4.31639538551646E-016, -0.894427190999916 ) );
#12413 = DIRECTION( '', ( -7.20400114608309E-016, -1.00000000000000, 0.000000000000000 ) );
#12414 = DIRECTION( '', ( -7.20400114608309E-016, -1.00000000000000, 0.000000000000000 ) );
#12415 = DIRECTION( '', ( 1.20466908053945E-016, -1.00000000000000, 0.000000000000000 ) );
#12416 = DIRECTION( '', ( -7.20400114608309E-016, -1.00000000000000, 0.000000000000000 ) );
#12417 = DIRECTION( '', ( 0.447213595499958, -3.22172725452563E-016, -0.894427190999916 ) );
#12418 = DIRECTION( '', ( -0.707106781186549, 0.707106781186546, 0.000000000000000 ) );
#12419 = DIRECTION( '', ( 0.000000000000000, 0.000000000000000, 1.00000000000000 ) );
#12420 = DIRECTION( '', ( 0.577350269189625, -0.577350269189624, -0.577350269189628 ) );
#12421 = DIRECTION( '', ( 0.000000000000000, 0.000000000000000, -1.00000000000000 ) );
#12422 = DIRECTION( '', ( 0.000000000000000, 0.000000000000000, -1.00000000000000 ) );
#12423 = DIRECTION( '', ( 0.000000000000000, 1.00000000000000, 0.000000000000000 ) );
#12424 = DIRECTION( '', ( 0.000000000000000, 0.000000000000000, -1.00000000000000 ) );
#12425 = DIRECTION( '', ( 0.000000000000000, 1.00000000000000, 0.000000000000000 ) );
#12426 = CARTESIAN_POINT( '', ( -2.37500000000000, 2.35000000000000, 8.05000000000000 ) );
#12427 = DIRECTION( '', ( 0.000000000000000, 0.000000000000000, -1.00000000000000 ) );
#12428 = DIRECTION( '', ( -1.00000000000000, 0.000000000000000, 0.000000000000000 ) );
#12429 = CARTESIAN_POINT( '', ( -2.37500000000000, 2.35000000000000, 8.05000000000000 ) );
#12430 = DIRECTION( '', ( 0.000000000000000, 1.00000000000000, 0.000000000000000 ) );
#12431 = DIRECTION( '', ( 0.000000000000000, 0.000000000000000, 1.00000000000000 ) );
#12432 = CARTESIAN_POINT( '', ( -1.82997459621557, 4.45000000000000, 3.50000000000000 ) );
#12433 = DIRECTION( '', ( -3.63826232377686E-017, -8.09151162156109E-033, 1.00000000000000 ) );
#12434 = DIRECTION( '', ( 1.00000000000000, 0.000000000000000, 3.63826232377686E-017 ) );
#12435 = DIRECTION( '', ( -1.00000000000000, 0.000000000000000, -3.63826232377686E-017 ) );
#12436 = CARTESIAN_POINT( '', ( -1.65100000000000, 3.75000000000000, 3.50000000000000 ) );
#12437 = DIRECTION( '', ( -3.63826232377686E-017, -8.09151162156109E-033, 1.00000000000000 ) );
#12438 = DIRECTION( '', ( 1.00000000000000, 0.000000000000000, 3.63826232377686E-017 ) );
#12439 = DIRECTION( '', ( -2.22400445638052E-016, 1.00000000000000, 0.000000000000000 ) );
#12440 = DIRECTION( '', ( 1.00000000000000, 2.22400445638052E-016, 3.63826232377686E-017 ) );
#12441 = DIRECTION( '', ( 1.00000000000000, 0.000000000000000, 0.000000000000000 ) );
#12442 = DIRECTION( '', ( 0.000000000000000, 0.000000000000000, -1.00000000000000 ) );
#12443 = DIRECTION( '', ( -1.00000000000000, -1.31418445149758E-016, 0.000000000000000 ) );
#12444 = DIRECTION( '', ( 0.000000000000000, 0.000000000000000, -1.00000000000000 ) );
#12445 = DIRECTION( '', ( 0.000000000000000, 1.00000000000000, 0.000000000000000 ) );
#12446 = DIRECTION( '', ( 1.00000000000000, 0.000000000000000, 0.000000000000000 ) );
#12447 = DIRECTION( '', ( 0.000000000000000, 1.00000000000000, 0.000000000000000 ) );
#12448 = DIRECTION( '', ( 1.00000000000000, 0.000000000000000, 0.000000000000000 ) );
#12449 = DIRECTION( '', ( 0.000000000000000, 0.000000000000000, -1.00000000000000 ) );
#12450 = DIRECTION( '', ( -1.00000000000000, -2.22400445638052E-016, 0.000000000000000 ) );
#12451 = DIRECTION( '', ( 0.000000000000000, 0.000000000000000, 1.00000000000000 ) );
#12452 = DIRECTION( '', ( 1.00000000000000, 2.22400445638052E-016, 0.000000000000000 ) );
#12453 = DIRECTION( '', ( -1.00000000000000, 0.000000000000000, -1.06262613781101E-016 ) );
#12454 = DIRECTION( '', ( 1.24800250070274E-016, 0.000000000000000, -1.00000000000000 ) );
#12455 = DIRECTION( '', ( -1.00000000000000, 0.000000000000000, -1.06262613781101E-016 ) );
#12456 = CARTESIAN_POINT( '', ( -3.47500000000000, -2.00000000000000, 2.99435389988899 ) );
#12457 = DIRECTION( '', ( 0.000000000000000, -1.00000000000000, 0.000000000000000 ) );
#12458 = DIRECTION( '', ( 0.000000000000000, 0.000000000000000, -1.00000000000000 ) );
#12459 = DIRECTION( '', ( 0.000000000000000, 0.000000000000000, 1.00000000000000 ) );
#12460 = DIRECTION( '', ( -1.00000000000000, 0.000000000000000, 0.000000000000000 ) );
#12461 = CARTESIAN_POINT( '', ( -3.47500000000000, -2.00000000000000, 2.99435389988899 ) );
#12462 = DIRECTION( '', ( 0.000000000000000, -1.00000000000000, 0.000000000000000 ) );
#12463 = DIRECTION( '', ( 0.000000000000000, 0.000000000000000, -1.00000000000000 ) );
#12464 = DIRECTION( '', ( 0.000000000000000, 0.000000000000000, -1.00000000000000 ) );
#12465 = DIRECTION( '', ( 0.000000000000000, 0.000000000000000, -1.00000000000000 ) );
#12466 = DIRECTION( '', ( 0.000000000000000, 0.196116135138184, 0.980580675690920 ) );
#12467 = DIRECTION( '', ( 0.000000000000000, -0.196116135138184, 0.980580675690920 ) );
#12468 = DIRECTION( '', ( 0.000000000000000, 0.000000000000000, -1.00000000000000 ) );
#12469 = DIRECTION( '', ( 0.000000000000000, -0.196116135138184, -0.980580675690920 ) );
#12470 = DIRECTION( '', ( 0.000000000000000, 1.00000000000000, 0.000000000000000 ) );
#12471 = DIRECTION( '', ( 0.000000000000000, 0.196116135138184, -0.980580675690920 ) );
#12472 = DIRECTION( '', ( 0.000000000000000, -0.880471099922175, 0.474099823035017 ) );
#12473 = DIRECTION( '', ( -1.00000000000000, -7.05172144706019E-017, 0.000000000000000 ) );
#12474 = DIRECTION( '', ( 0.000000000000000, 0.000000000000000, -1.00000000000000 ) );
#12475 = DIRECTION( '', ( 1.00000000000000, -6.93889390390702E-016, 0.000000000000000 ) );
#12476 = DIRECTION( '', ( -1.00000000000000, 0.000000000000000, 0.000000000000000 ) );
#12477 = DIRECTION( '', ( 0.000000000000000, 0.000000000000000, 1.00000000000000 ) );
#12478 = DIRECTION( '', ( -1.00000000000000, 0.000000000000000, 0.000000000000000 ) );
#12479 = CARTESIAN_POINT( '', ( -1.82997459621556, -4.45000000000000, 3.50000000000000 ) );
#12480 = DIRECTION( '', ( -1.18243525522748E-016, -2.64567402071371E-033, 1.00000000000000 ) );
#12481 = DIRECTION( '', ( 1.00000000000000, 0.000000000000000, 1.18243525522748E-016 ) );
#12482 = CARTESIAN_POINT( '', ( -1.82997459621556, -4.45000000000000, 6.30000000000000 ) );
#12483 = DIRECTION( '', ( 0.000000000000000, 0.000000000000000, -1.00000000000000 ) );
#12484 = DIRECTION( '', ( 1.00000000000000, 2.44775235369814E-016, 0.000000000000000 ) );
#12485 = DIRECTION( '', ( 0.000000000000000, 0.000000000000000, 1.00000000000000 ) );
#12486 = DIRECTION( '', ( 1.00000000000000, 0.000000000000000, 0.000000000000000 ) );
#12487 = CARTESIAN_POINT( '', ( -1.82997459621557, 4.45000000000000, 6.30000000000000 ) );
#12488 = DIRECTION( '', ( 0.000000000000000, 0.000000000000000, 1.00000000000000 ) );
#12489 = DIRECTION( '', ( 1.00000000000000, 0.000000000000000, 0.000000000000000 ) );
#12490 = DIRECTION( '', ( -1.00000000000000, -2.22400445638052E-016, 0.000000000000000 ) );
#12491 = DIRECTION( '', ( 0.000000000000000, 1.00000000000000, 0.000000000000000 ) );
#12492 = DIRECTION( '', ( 1.00000000000000, 0.000000000000000, 0.000000000000000 ) );
#12493 = DIRECTION( '', ( -5.48963125309116E-016, -1.00000000000000, 0.000000000000000 ) );
#12494 = DIRECTION( '', ( 2.44775235369814E-016, -1.00000000000000, 0.000000000000000 ) );
#12495 = DIRECTION( '', ( -1.00000000000000, -2.23747897317619E-017, 0.000000000000000 ) );
#12496 = CARTESIAN_POINT( '', ( 1.83002540378444, -4.45000000000000, 6.30000000000000 ) );
#12497 = DIRECTION( '', ( 0.000000000000000, 0.000000000000000, -1.00000000000000 ) );
#12498 = DIRECTION( '', ( 1.00000000000000, 2.44775235369814E-016, 0.000000000000000 ) );
#12499 = DIRECTION( '', ( -1.00000000000000, -2.23747897317619E-017, 0.000000000000000 ) );
#12500 = DIRECTION( '', ( 2.44775235369814E-016, -1.00000000000000, 0.000000000000000 ) );
#12501 = DIRECTION( '', ( -1.00000000000000, -2.44775235369814E-016, 0.000000000000000 ) );
#12502 = DIRECTION( '', ( -1.09792625061823E-016, 1.00000000000000, 0.000000000000000 ) );
#12503 = DIRECTION( '', ( -1.00000000000000, 0.000000000000000, 0.000000000000000 ) );
#12504 = DIRECTION( '', ( -1.00000000000000, -2.22400445638052E-016, 0.000000000000000 ) );
#12505 = DIRECTION( '', ( -1.00000000000000, 0.000000000000000, 0.000000000000000 ) );
#12506 = DIRECTION( '', ( 0.0227214053532940, 0.000000000000000, -0.999741835544943 ) );
#12507 = DIRECTION( '', ( -1.00000000000000, 0.000000000000000, 0.000000000000000 ) );
#12508 = DIRECTION( '', ( 0.0227214053532912, 0.000000000000000, 0.999741835544943 ) );
#12509 = CARTESIAN_POINT( '', ( 2.37500000000000, 2.35000000000000, 8.05000000000000 ) );
#12510 = DIRECTION( '', ( 0.000000000000000, -1.00000000000000, 0.000000000000000 ) );
#12511 = DIRECTION( '', ( 0.000000000000000, 0.000000000000000, -1.00000000000000 ) );
#12512 = DIRECTION( '', ( 1.00000000000000, 0.000000000000000, 0.000000000000000 ) );
#12513 = DIRECTION( '', ( -1.00000000000000, 0.000000000000000, 0.000000000000000 ) );
#12514 = DIRECTION( '', ( 0.000000000000000, 0.000000000000000, 1.00000000000000 ) );
#12515 = DIRECTION( '', ( 0.000000000000000, 1.00000000000000, 0.000000000000000 ) );
#12516 = DIRECTION( '', ( 0.000000000000000, 1.00000000000000, 0.000000000000000 ) );
#12517 = DIRECTION( '', ( 0.000000000000000, 0.000000000000000, -1.00000000000000 ) );
#12518 = DIRECTION( '', ( 0.000000000000000, 0.000000000000000, 1.00000000000000 ) );
#12519 = CARTESIAN_POINT( '', ( 2.37500000000000, -2.35000000000000, 8.05000000000000 ) );
#12520 = DIRECTION( '', ( 0.000000000000000, 0.000000000000000, 1.00000000000000 ) );
#12521 = DIRECTION( '', ( 1.00000000000000, 0.000000000000000, 0.000000000000000 ) );
#12522 = DIRECTION( '', ( 0.000000000000000, 0.000000000000000, 1.00000000000000 ) );
#12523 = CARTESIAN_POINT( '', ( 2.37500000000000, -2.35000000000000, 0.000000000000000 ) );
#12524 = DIRECTION( '', ( 0.000000000000000, 0.000000000000000, -1.00000000000000 ) );
#12525 = DIRECTION( '', ( -1.00000000000000, 0.000000000000000, 0.000000000000000 ) );
#12526 = DIRECTION( '', ( 0.000000000000000, 0.000000000000000, 1.00000000000000 ) );
#12527 = CARTESIAN_POINT( '', ( 2.37500000000000, -2.35000000000000, 2.85000000000000 ) );
#12528 = DIRECTION( '', ( 0.000000000000000, 0.000000000000000, -1.00000000000000 ) );
#12529 = DIRECTION( '', ( -1.00000000000000, 0.000000000000000, 0.000000000000000 ) );
#12530 = DIRECTION( '', ( -1.57260863249577E-016, 0.707106781186548, 0.707106781186548 ) );
#12531 = DIRECTION( '', ( -2.22400445638052E-016, 1.00000000000000, 0.000000000000000 ) );
#12532 = DIRECTION( '', ( 0.000000000000000, 0.000000000000000, 1.00000000000000 ) );
#12533 = DIRECTION( '', ( -2.22400445638052E-016, 1.00000000000000, 0.000000000000000 ) );
#12534 = DIRECTION( '', ( -6.00323223427102E-017, -1.00000000000000, -7.49204884066952E-033 ) );
#12535 = DIRECTION( '', ( 1.00000000000000, 0.000000000000000, 1.13380619344889E-016 ) );
#12536 = DIRECTION( '', ( 0.000000000000000, 1.00000000000000, 0.000000000000000 ) );
#12537 = DIRECTION( '', ( -1.00000000000000, 0.000000000000000, 0.000000000000000 ) );
#12538 = CARTESIAN_POINT( '', ( 3.40000000000000, 3.45000000000000, 6.70000000000000 ) );
#12539 = DIRECTION( '', ( 0.000000000000000, -0.707106781186549, 0.707106781186546 ) );
#12540 = DIRECTION( '', ( 0.000000000000000, -0.707106781186546, -0.707106781186549 ) );
#12541 = DIRECTION( '', ( 1.00000000000000, 0.000000000000000, 0.000000000000000 ) );
#12542 = DIRECTION( '', ( 0.577350269189625, 0.577350269189625, 0.577350269189628 ) );
#12543 = DIRECTION( '', ( -1.00000000000000, 0.000000000000000, 0.000000000000000 ) );
#12544 = DIRECTION( '', ( 0.000000000000000, 0.880471099922175, -0.474099823035017 ) );
#12545 = CARTESIAN_POINT( '', ( 1.45000000000001, -3.70000000000000, -4.40000000000000 ) );
#12546 = DIRECTION( '', ( -8.67361737988406E-016, 1.00000000000000, 0.000000000000000 ) );
#12547 = DIRECTION( '', ( -1.00000000000000, -8.67361737988406E-016, 0.000000000000000 ) );
#12548 = DIRECTION( '', ( -8.67361737988416E-016, 1.00000000000000, 0.000000000000000 ) );
#12549 = CARTESIAN_POINT( '', ( 1.45000000000001, -3.95000000000000, -4.40000000000000 ) );
#12550 = DIRECTION( '', ( 0.000000000000000, -1.00000000000000, 0.000000000000000 ) );
#12551 = DIRECTION( '', ( 0.000000000000000, 0.000000000000000, -1.00000000000000 ) );
#12552 = DIRECTION( '', ( -1.00000000000000, 0.000000000000000, -1.06262613781101E-016 ) );
#12553 = DIRECTION( '', ( -6.00323223427102E-017, -1.00000000000000, -7.49204884066952E-033 ) );
#12554 = DIRECTION( '', ( 0.000000000000000, 1.00000000000000, 0.000000000000000 ) );
#12555 = DIRECTION( '', ( 1.00000000000000, 2.44775235369814E-016, 7.22801448323669E-017 ) );
#12556 = DIRECTION( '', ( -7.22801448323669E-017, -6.97630140850492E-032, 1.00000000000000 ) );
#12557 = DIRECTION( '', ( 1.00000000000000, 3.53195452618365E-016, 7.22801448323669E-017 ) );
#12558 = DIRECTION( '', ( -7.22801448323669E-017, -6.97630140850492E-032, 1.00000000000000 ) );
#12559 = DIRECTION( '', ( -1.24800250070274E-016, 0.000000000000000, 1.00000000000000 ) );
#12560 = DIRECTION( '', ( 0.000000000000000, 1.00000000000000, 0.000000000000000 ) );
#12561 = DIRECTION( '', ( 0.000000000000000, 1.00000000000000, 0.000000000000000 ) );
#12562 = DIRECTION( '', ( 1.00000000000000, 2.99090254478760E-016, 0.000000000000000 ) );
#12563 = DIRECTION( '', ( 0.000000000000000, 0.000000000000000, 1.00000000000000 ) );
#12564 = DIRECTION( '', ( 1.00000000000000, 2.99090254478760E-016, 0.000000000000000 ) );
#12565 = DIRECTION( '', ( 0.000000000000000, 0.000000000000000, 1.00000000000000 ) );
#12566 = DIRECTION( '', ( 0.000000000000000, -1.00000000000000, 0.000000000000000 ) );
#12567 = DIRECTION( '', ( 1.00000000000000, 3.94255335449275E-016, 0.000000000000000 ) );
#12568 = DIRECTION( '', ( -1.00000000000000, -1.31418445149758E-016, 0.000000000000000 ) );
#12569 = DIRECTION( '', ( 0.000000000000000, 1.00000000000000, 0.000000000000000 ) );
#12570 = DIRECTION( '', ( 0.000000000000000, 0.000000000000000, 1.00000000000000 ) );
#12571 = DIRECTION( '', ( 0.000000000000000, 0.196116135138184, -0.980580675690920 ) );
#12572 = DIRECTION( '', ( 0.000000000000000, -0.196116135138184, -0.980580675690920 ) );
#12573 = DIRECTION( '', ( 0.000000000000000, 0.880471099922175, 0.474099823035018 ) );
#12574 = DIRECTION( '', ( 1.00000000000000, 0.000000000000000, 0.000000000000000 ) );
#12575 = DIRECTION( '', ( 0.000000000000000, 0.000000000000000, -1.00000000000000 ) );
#12576 = DIRECTION( '', ( 2.23747897317619E-017, -1.00000000000000, 0.000000000000000 ) );
#12577 = DIRECTION( '', ( 0.000000000000000, 0.000000000000000, 1.00000000000000 ) );
#12578 = DIRECTION( '', ( 0.000000000000000, 0.000000000000000, -1.00000000000000 ) );
#12579 = DIRECTION( '', ( 1.57260863249577E-016, -0.707106781186548, -0.707106781186548 ) );
#12580 = DIRECTION( '', ( 1.00000000000000, 2.22400445638052E-016, 0.000000000000000 ) );
#12581 = CARTESIAN_POINT( '', ( 3.40000000000000, 3.45000000000000, 6.80000000000000 ) );
#12582 = DIRECTION( '', ( 0.000000000000000, 0.000000000000000, -1.00000000000000 ) );
#12583 = DIRECTION( '', ( -1.00000000000000, 0.000000000000000, 0.000000000000000 ) );
#12584 = DIRECTION( '', ( 0.000000000000000, -1.00000000000000, 0.000000000000000 ) );
#12585 = DIRECTION( '', ( -1.00000000000000, -7.47725636196900E-017, 0.000000000000000 ) );
#12586 = DIRECTION( '', ( 0.000000000000000, 0.000000000000000, 1.00000000000000 ) );
#12587 = DIRECTION( '', ( -1.00000000000000, -7.47725636196900E-017, 0.000000000000000 ) );
#12588 = DIRECTION( '', ( 0.000000000000000, 0.000000000000000, 1.00000000000000 ) );
#12589 = DIRECTION( '', ( -1.00000000000000, 0.000000000000000, 0.000000000000000 ) );
#12590 = DIRECTION( '', ( 0.000000000000000, 1.00000000000000, 0.000000000000000 ) );
#12591 = DIRECTION( '', ( 0.000000000000000, 1.00000000000000, 0.000000000000000 ) );
#12592 = DIRECTION( '', ( 0.000000000000000, -1.00000000000000, 0.000000000000000 ) );
#12593 = DIRECTION( '', ( 0.000000000000000, 0.000000000000000, -1.00000000000000 ) );
#12594 = DIRECTION( '', ( 1.00000000000000, 0.000000000000000, 0.000000000000000 ) );
#12595 = DIRECTION( '', ( 0.000000000000000, 1.00000000000000, 0.000000000000000 ) );
#12596 = DIRECTION( '', ( 1.00000000000000, 0.000000000000000, 0.000000000000000 ) );
#12597 = DIRECTION( '', ( 1.00000000000000, 0.000000000000000, 1.13380619344889E-016 ) );
#12598 = DIRECTION( '', ( -1.24800250070274E-016, 0.000000000000000, 1.00000000000000 ) );
#12599 = CARTESIAN_POINT( '', ( -3.47500000000000, -3.35000000000000, 2.99435389988899 ) );
#12600 = DIRECTION( '', ( 0.000000000000000, 1.00000000000000, 0.000000000000000 ) );
#12601 = DIRECTION( '', ( 0.000000000000000, 0.000000000000000, 1.00000000000000 ) );
#12602 = DIRECTION( '', ( 1.00000000000000, 0.000000000000000, 0.000000000000000 ) );
#12603 = CARTESIAN_POINT( '', ( -3.47500000000000, -3.35000000000000, 2.99435389988899 ) );
#12604 = DIRECTION( '', ( 0.000000000000000, 1.00000000000000, 0.000000000000000 ) );
#12605 = DIRECTION( '', ( 0.000000000000000, 0.000000000000000, 1.00000000000000 ) );
#12606 = DIRECTION( '', ( 0.000000000000000, 1.00000000000000, 0.000000000000000 ) );
#12607 = DIRECTION( '', ( 0.000000000000000, 1.00000000000000, 0.000000000000000 ) );
#12608 = DIRECTION( '', ( 0.000000000000000, 0.707106781186547, 0.707106781186548 ) );
#12609 = DIRECTION( '', ( -1.00000000000000, 9.63735264431560E-017, 0.000000000000000 ) );
#12610 = DIRECTION( '', ( 0.000000000000000, 0.707106781186547, 0.707106781186548 ) );
#12611 = DIRECTION( '', ( 0.000000000000000, 0.000000000000000, -1.00000000000000 ) );
#12612 = DIRECTION( '', ( 1.00000000000000, 0.000000000000000, 0.000000000000000 ) );
#12613 = DIRECTION( '', ( 0.000000000000000, 0.000000000000000, 1.00000000000000 ) );
#12614 = CARTESIAN_POINT( '', ( -1.45000000000000, -3.95000000000000, -4.40000000000000 ) );
#12615 = DIRECTION( '', ( 0.000000000000000, -1.00000000000000, 0.000000000000000 ) );
#12616 = DIRECTION( '', ( 0.000000000000000, 0.000000000000000, -1.00000000000000 ) );
#12617 = DIRECTION( '', ( 0.000000000000000, 0.000000000000000, 1.00000000000000 ) );
#12618 = DIRECTION( '', ( 1.00000000000000, 0.000000000000000, 0.000000000000000 ) );
#12619 = DIRECTION( '', ( 0.000000000000000, 0.000000000000000, -1.00000000000000 ) );
#12620 = DIRECTION( '', ( 1.00000000000000, 0.000000000000000, 0.000000000000000 ) );
#12621 = DIRECTION( '', ( 0.000000000000000, 0.000000000000000, 1.00000000000000 ) );
#12622 = DIRECTION( '', ( 1.00000000000000, 0.000000000000000, 0.000000000000000 ) );
#12623 = DIRECTION( '', ( -0.0227214053532970, -2.52660914183559E-018, 0.999741835544943 ) );
#12624 = DIRECTION( '', ( 1.00000000000000, 0.000000000000000, 0.000000000000000 ) );
#12625 = DIRECTION( '', ( -0.0227214053532912, -2.52660914183495E-018, -0.999741835544943 ) );
#12626 = DIRECTION( '', ( -1.00000000000000, -1.11199510001654E-016, 0.000000000000000 ) );
#12627 = DIRECTION( '', ( -0.0227214053532940, -2.52660914183526E-018, 0.999741835544943 ) );
#12628 = DIRECTION( '', ( 1.00000000000000, 0.000000000000000, 0.000000000000000 ) );
#12629 = DIRECTION( '', ( 0.000000000000000, 0.000000000000000, 1.00000000000000 ) );
#12630 = DIRECTION( '', ( -0.577350269189626, 0.577350269189625, 0.577350269189626 ) );
#12631 = DIRECTION( '', ( 0.000000000000000, -1.00000000000000, 0.000000000000000 ) );
#12632 = DIRECTION( '', ( -0.577350269189626, -0.577350269189626, 0.577350269189626 ) );
#12633 = DIRECTION( '', ( 0.000000000000000, 1.00000000000000, 0.000000000000000 ) );
#12634 = DIRECTION( '', ( -0.707106781186549, 0.707106781186546, 0.000000000000000 ) );
#12635 = DIRECTION( '', ( 0.000000000000000, 0.000000000000000, 1.00000000000000 ) );
#12636 = DIRECTION( '', ( 0.000000000000000, 0.000000000000000, -1.00000000000000 ) );
#12637 = DIRECTION( '', ( 0.000000000000000, 0.000000000000000, -1.00000000000000 ) );
#12638 = DIRECTION( '', ( 1.20466908053945E-016, -1.00000000000000, 0.000000000000000 ) );
#12639 = DIRECTION( '', ( 0.000000000000000, 0.000000000000000, -1.00000000000000 ) );
#12640 = DIRECTION( '', ( 7.22801448323669E-017, -5.20706246211423E-032, -1.00000000000000 ) );
#12641 = DIRECTION( '', ( 1.00000000000000, -7.20400114608309E-016, 7.22801448323670E-017 ) );
#12642 = DIRECTION( '', ( 1.00000000000000, -7.20400114608309E-016, 0.000000000000000 ) );
#12643 = DIRECTION( '', ( 0.000000000000000, 0.000000000000000, 1.00000000000000 ) );
#12644 = DIRECTION( '', ( -8.18265790555098E-017, -1.81982676469827E-032, -1.00000000000000 ) );
#12645 = DIRECTION( '', ( -1.00000000000000, 0.000000000000000, -7.22801448323669E-017 ) );
#12646 = DIRECTION( '', ( 0.000000000000000, 0.000000000000000, -1.00000000000000 ) );
#12647 = DIRECTION( '', ( 0.000000000000000, 0.000000000000000, -1.00000000000000 ) );
#12648 = DIRECTION( '', ( -1.00000000000000, -2.44775235369814E-016, 0.000000000000000 ) );
#12649 = DIRECTION( '', ( 0.000000000000000, 0.000000000000000, -1.00000000000000 ) );
#12650 = DIRECTION( '', ( -1.00000000000000, -2.44775235369814E-016, 0.000000000000000 ) );
#12651 = DIRECTION( '', ( -1.00000000000000, -7.05172144706019E-017, 0.000000000000000 ) );
#12652 = DIRECTION( '', ( 0.000000000000000, 0.000000000000000, 1.00000000000000 ) );
#12653 = DIRECTION( '', ( -1.00000000000000, 0.000000000000000, 0.000000000000000 ) );
#12654 = DIRECTION( '', ( 0.000000000000000, -1.00000000000000, 0.000000000000000 ) );
#12655 = DIRECTION( '', ( 0.000000000000000, 0.000000000000000, 1.00000000000000 ) );
#12656 = DIRECTION( '', ( 0.000000000000000, -1.00000000000000, 0.000000000000000 ) );
#12657 = DIRECTION( '', ( -1.00000000000000, -2.44775235369814E-016, 0.000000000000000 ) );
#12658 = DIRECTION( '', ( 0.000000000000000, -1.00000000000000, 0.000000000000000 ) );
#12659 = DIRECTION( '', ( 0.000000000000000, 0.000000000000000, -1.00000000000000 ) );
#12660 = DIRECTION( '', ( 0.000000000000000, -1.00000000000000, 0.000000000000000 ) );
#12661 = CARTESIAN_POINT( '', ( -1.65100000000000, -3.75000000000000, 3.50000000000000 ) );
#12662 = DIRECTION( '', ( -1.18243525522748E-016, -2.64567402071370E-033, 1.00000000000000 ) );
#12663 = DIRECTION( '', ( 1.00000000000000, 0.000000000000000, 1.18243525522748E-016 ) );
#12664 = DIRECTION( '', ( 8.18265790555098E-017, 2.00291201478191E-032, -1.00000000000000 ) );
#12665 = DIRECTION( '', ( 0.707106781186548, 0.707106781186548, 0.000000000000000 ) );
#12666 = DIRECTION( '', ( -0.577350269189626, -0.577350269189626, -0.577350269189625 ) );
#12667 = DIRECTION( '', ( 0.000000000000000, 0.000000000000000, 1.00000000000000 ) );
#12668 = DIRECTION( '', ( 0.707106781186548, 0.707106781186548, 0.000000000000000 ) );
#12669 = DIRECTION( '', ( 0.000000000000000, 0.000000000000000, -1.00000000000000 ) );
#12670 = DIRECTION( '', ( 0.000000000000000, 0.000000000000000, -1.00000000000000 ) );
#12671 = DIRECTION( '', ( -1.00000000000000, 0.000000000000000, 0.000000000000000 ) );
#12672 = DIRECTION( '', ( 0.000000000000000, 0.000000000000000, -1.00000000000000 ) );
#12673 = DIRECTION( '', ( -1.00000000000000, 0.000000000000000, 0.000000000000000 ) );
#12674 = DIRECTION( '', ( 0.000000000000000, 0.000000000000000, -1.00000000000000 ) );
#12675 = DIRECTION( '', ( -1.00000000000000, 0.000000000000000, 0.000000000000000 ) );
#12676 = DIRECTION( '', ( 0.000000000000000, 0.000000000000000, -1.00000000000000 ) );
#12677 = DIRECTION( '', ( 1.00000000000000, 0.000000000000000, 0.000000000000000 ) );
#12678 = DIRECTION( '', ( 0.000000000000000, -1.00000000000000, 0.000000000000000 ) );
#12679 = DIRECTION( '', ( 0.000000000000000, 1.00000000000000, 0.000000000000000 ) );
#12680 = DIRECTION( '', ( -0.577350269189626, -0.577350269189626, 0.577350269189626 ) );
#12681 = DIRECTION( '', ( 1.00000000000000, -1.92747052886312E-016, 0.000000000000000 ) );
#12682 = DIRECTION( '', ( 0.0160685338316568, -0.707015488592895, 0.707015488592895 ) );
#12683 = DIRECTION( '', ( -1.00000000000000, 1.92747052886312E-016, 0.000000000000000 ) );
#12684 = DIRECTION( '', ( 1.24800250070274E-016, 0.000000000000000, -1.00000000000000 ) );
#12685 = DIRECTION( '', ( -1.00000000000000, 0.000000000000000, 0.000000000000000 ) );
#12686 = DIRECTION( '', ( 0.000000000000000, 0.000000000000000, 1.00000000000000 ) );
#12687 = DIRECTION( '', ( 1.00000000000000, 0.000000000000000, 0.000000000000000 ) );
#12688 = CARTESIAN_POINT( '', ( 3.47500000000000, 3.35000000000000, 2.99435389988899 ) );
#12689 = DIRECTION( '', ( 0.000000000000000, 1.00000000000000, 0.000000000000000 ) );
#12690 = DIRECTION( '', ( 0.000000000000000, 0.000000000000000, 1.00000000000000 ) );
#12691 = DIRECTION( '', ( -1.00000000000000, -2.22400445638052E-016, 0.000000000000000 ) );
#12692 = DIRECTION( '', ( 0.000000000000000, 0.000000000000000, -1.00000000000000 ) );
#12693 = DIRECTION( '', ( 1.00000000000000, 2.22400445638052E-016, 0.000000000000000 ) );
#12694 = DIRECTION( '', ( -1.00000000000000, 0.000000000000000, 0.000000000000000 ) );
#12695 = DIRECTION( '', ( 0.000000000000000, 0.000000000000000, 1.00000000000000 ) );
#12696 = DIRECTION( '', ( 1.00000000000000, 0.000000000000000, 0.000000000000000 ) );
#12697 = DIRECTION( '', ( 0.000000000000000, 0.000000000000000, 1.00000000000000 ) );
#12698 = DIRECTION( '', ( 0.000000000000000, 0.000000000000000, 1.00000000000000 ) );
#12699 = DIRECTION( '', ( -1.00000000000000, 0.000000000000000, 0.000000000000000 ) );
#12700 = DIRECTION( '', ( 0.000000000000000, 0.000000000000000, 1.00000000000000 ) );
#12701 = DIRECTION( '', ( -1.00000000000000, 0.000000000000000, -7.22801448323669E-017 ) );
#12702 = DIRECTION( '', ( 8.18265790555098E-017, 0.000000000000000, 1.00000000000000 ) );
#12703 = DIRECTION( '', ( 0.000000000000000, 0.000000000000000, 1.00000000000000 ) );
#12704 = DIRECTION( '', ( 0.000000000000000, -1.00000000000000, 0.000000000000000 ) );
#12705 = CARTESIAN_POINT( '', ( -1.45000000000000, -3.70000000000000, -4.40000000000000 ) );
#12706 = DIRECTION( '', ( 0.000000000000000, 1.00000000000000, 0.000000000000000 ) );
#12707 = DIRECTION( '', ( 0.000000000000000, 0.000000000000000, 1.00000000000000 ) );
#12708 = DIRECTION( '', ( 8.67361737988404E-017, -1.00000000000000, 0.000000000000000 ) );
#12709 = DIRECTION( '', ( 0.000000000000000, 0.000000000000000, -1.00000000000000 ) );
#12710 = DIRECTION( '', ( 8.67361737988404E-017, -1.00000000000000, 0.000000000000000 ) );
#12711 = DIRECTION( '', ( 0.0160685338316588, -0.707015488592896, -0.707015488592895 ) );
#12712 = DIRECTION( '', ( 1.00000000000000, -9.63735264431560E-017, 0.000000000000000 ) );
#12713 = DIRECTION( '', ( 0.0160685338316545, 0.707015488592896, 0.707015488592895 ) );
#12714 = DIRECTION( '', ( -1.00000000000000, 9.63735264431560E-017, 0.000000000000000 ) );
#12715 = DIRECTION( '', ( -2.60208521396521E-016, 1.00000000000000, 0.000000000000000 ) );
#12716 = DIRECTION( '', ( -2.60208521396521E-016, 1.00000000000000, 0.000000000000000 ) );
#12717 = DIRECTION( '', ( 0.000000000000000, 0.000000000000000, -1.00000000000000 ) );
#12718 = DIRECTION( '', ( 1.00000000000000, 0.000000000000000, 0.000000000000000 ) );
#12719 = DIRECTION( '', ( -7.20400114608309E-016, -1.00000000000000, 0.000000000000000 ) );
#12720 = DIRECTION( '', ( 1.00000000000000, -7.20400114608309E-016, 0.000000000000000 ) );
#12721 = CARTESIAN_POINT( '', ( 3.40000000000000, 3.45000000000000, 0.850000000000000 ) );
#12722 = DIRECTION( '', ( 0.000000000000000, 0.000000000000000, -1.00000000000000 ) );
#12723 = DIRECTION( '', ( -1.00000000000000, 0.000000000000000, 0.000000000000000 ) );
#12724 = DIRECTION( '', ( -7.20400114608309E-016, -1.00000000000000, 0.000000000000000 ) );
#12725 = DIRECTION( '', ( -1.00000000000000, 0.000000000000000, 0.000000000000000 ) );
#12726 = DIRECTION( '', ( 0.000000000000000, 0.000000000000000, -1.00000000000000 ) );
#12727 = DIRECTION( '', ( -2.00778180089908E-016, 1.00000000000000, 0.000000000000000 ) );
#12728 = DIRECTION( '', ( 0.000000000000000, 0.000000000000000, -1.00000000000000 ) );
#12729 = DIRECTION( '', ( -7.20400114608309E-016, -1.00000000000000, 0.000000000000000 ) );
#12730 = DIRECTION( '', ( 0.000000000000000, 0.000000000000000, -1.00000000000000 ) );
#12731 = DIRECTION( '', ( 2.00778180089908E-016, -1.00000000000000, 0.000000000000000 ) );
#12732 = DIRECTION( '', ( 0.000000000000000, 0.000000000000000, -1.00000000000000 ) );
#12733 = DIRECTION( '', ( -7.20400114608309E-016, -1.00000000000000, 0.000000000000000 ) );
#12734 = DIRECTION( '', ( 0.000000000000000, 0.000000000000000, -1.00000000000000 ) );
#12735 = DIRECTION( '', ( -7.20400114608309E-016, -1.00000000000000, 0.000000000000000 ) );
#12736 = DIRECTION( '', ( 0.000000000000000, 0.000000000000000, -1.00000000000000 ) );
#12737 = DIRECTION( '', ( -8.67361737988391E-016, -1.00000000000000, 0.000000000000000 ) );
#12738 = DIRECTION( '', ( -1.00000000000000, 1.92747052886312E-016, 0.000000000000000 ) );
#12739 = DIRECTION( '', ( 1.00000000000000, 0.000000000000000, 0.000000000000000 ) );
#12740 = DIRECTION( '', ( 0.000000000000000, 0.707106781186547, 0.707106781186548 ) );
#12741 = DIRECTION( '', ( 1.00000000000000, 3.94255335449275E-016, 0.000000000000000 ) );
#12742 = DIRECTION( '', ( -1.00000000000000, -3.94255335449275E-016, 0.000000000000000 ) );
#12743 = DIRECTION( '', ( 1.00000000000000, 3.94255335449275E-016, 0.000000000000000 ) );
#12744 = DIRECTION( '', ( 0.000000000000000, 0.000000000000000, -1.00000000000000 ) );
#12745 = DIRECTION( '', ( 0.000000000000000, 0.000000000000000, -1.00000000000000 ) );
#12746 = DIRECTION( '', ( 0.000000000000000, 1.00000000000000, 0.000000000000000 ) );
#12747 = DIRECTION( '', ( -1.00000000000000, 0.000000000000000, 0.000000000000000 ) );
#12748 = DIRECTION( '', ( 0.0227214053532940, 0.000000000000000, -0.999741835544943 ) );
#12749 = DIRECTION( '', ( -1.00000000000000, 0.000000000000000, 0.000000000000000 ) );
#12750 = DIRECTION( '', ( 2.44775235369814E-016, -1.00000000000000, 0.000000000000000 ) );
#12751 = DIRECTION( '', ( 1.00000000000000, 2.44775235369814E-016, 0.000000000000000 ) );
#12752 = CARTESIAN_POINT( '', ( -3.40000000000000, -3.45000000000000, 6.80000000000000 ) );
#12753 = DIRECTION( '', ( 0.000000000000000, 0.000000000000000, 1.00000000000000 ) );
#12754 = DIRECTION( '', ( -1.00000000000000, -2.44775235369814E-016, 0.000000000000000 ) );
#12755 = DIRECTION( '', ( 0.000000000000000, 0.000000000000000, -1.00000000000000 ) );
#12756 = DIRECTION( '', ( 0.577350269189625, -0.577350269189624, 0.577350269189628 ) );
#12757 = DIRECTION( '', ( 0.000000000000000, 0.000000000000000, 1.00000000000000 ) );
#12758 = DIRECTION( '', ( -1.00000000000000, 0.000000000000000, 0.000000000000000 ) );
#12759 = DIRECTION( '', ( 0.577350269189626, -0.577350269189626, 0.577350269189626 ) );
#12760 = DIRECTION( '', ( 1.00000000000000, 0.000000000000000, 0.000000000000000 ) );
#12761 = DIRECTION( '', ( 0.000000000000000, -0.707106781186548, 0.707106781186547 ) );
#12762 = DIRECTION( '', ( -2.16840434497101E-016, -1.00000000000000, 0.000000000000000 ) );
#12763 = DIRECTION( '', ( -0.707106781186548, -0.707106781186547, 0.000000000000000 ) );
#12764 = DIRECTION( '', ( -1.00000000000000, 0.000000000000000, 0.000000000000000 ) );
#12765 = DIRECTION( '', ( -0.707106781186548, 0.707106781186547, 0.000000000000000 ) );
#12766 = DIRECTION( '', ( 0.000000000000000, 1.00000000000000, 0.000000000000000 ) );
#12767 = DIRECTION( '', ( 7.47725636196900E-017, 1.00000000000000, 0.000000000000000 ) );
#12768 = DIRECTION( '', ( 0.000000000000000, 0.000000000000000, 1.00000000000000 ) );
#12769 = DIRECTION( '', ( 7.47725636196900E-017, 1.00000000000000, 0.000000000000000 ) );
#12770 = DIRECTION( '', ( 0.000000000000000, 0.000000000000000, 1.00000000000000 ) );
#12771 = DIRECTION( '', ( 0.707106781186549, 0.707106781186546, 0.000000000000000 ) );
#12772 = DIRECTION( '', ( 0.000000000000000, 0.000000000000000, -1.00000000000000 ) );
#12773 = DIRECTION( '', ( -0.707106781186548, -0.707106781186548, 0.000000000000000 ) );
#12774 = DIRECTION( '', ( 0.000000000000000, 0.000000000000000, 1.00000000000000 ) );
#12775 = DIRECTION( '', ( -8.67361737988391E-016, -1.00000000000000, 0.000000000000000 ) );
#12776 = CARTESIAN_POINT( '', ( 1.45000000000001, 3.70000000000000, -4.40000000000000 ) );
#12777 = DIRECTION( '', ( 8.67361737988404E-016, 1.00000000000000, 0.000000000000000 ) );
#12778 = DIRECTION( '', ( -1.00000000000000, 8.67361737988404E-016, 0.000000000000000 ) );
#12779 = CARTESIAN_POINT( '', ( 1.45000000000001, 3.95000000000000, -4.40000000000000 ) );
#12780 = DIRECTION( '', ( -1.11200222819026E-016, 1.00000000000000, 0.000000000000000 ) );
#12781 = DIRECTION( '', ( -1.00000000000000, -1.11200222819026E-016, 0.000000000000000 ) );
#12782 = CARTESIAN_POINT( '', ( -2.37500000000000, -2.35000000000000, 8.05000000000000 ) );
#12783 = DIRECTION( '', ( 0.000000000000000, -1.00000000000000, 0.000000000000000 ) );
#12784 = DIRECTION( '', ( 0.000000000000000, 0.000000000000000, -1.00000000000000 ) );
#12785 = DIRECTION( '', ( 0.000000000000000, -1.00000000000000, 0.000000000000000 ) );
#12786 = DIRECTION( '', ( 2.23747897317619E-017, -1.00000000000000, 0.000000000000000 ) );
#12787 = DIRECTION( '', ( -1.00000000000000, -2.23747897317619E-017, 0.000000000000000 ) );
#12788 = DIRECTION( '', ( 2.23747897317619E-017, -1.00000000000000, 0.000000000000000 ) );
#12789 = DIRECTION( '', ( 0.000000000000000, 0.880471099922175, -0.474099823035017 ) );
#12790 = DIRECTION( '', ( 0.000000000000000, 0.000000000000000, 1.00000000000000 ) );
#12791 = DIRECTION( '', ( 1.58213655469519E-017, -0.707106781186548, 0.707106781186548 ) );
#12792 = DIRECTION( '', ( 2.23747897317619E-017, -1.00000000000000, 0.000000000000000 ) );
#12793 = DIRECTION( '', ( -6.00323223427102E-017, -1.00000000000000, -7.49204884066952E-033 ) );
#12794 = DIRECTION( '', ( -1.00000000000000, 0.000000000000000, 0.000000000000000 ) );
#12795 = DIRECTION( '', ( -1.00000000000000, 0.000000000000000, 0.000000000000000 ) );
#12796 = DIRECTION( '', ( -1.00000000000000, 0.000000000000000, 0.000000000000000 ) );
#12797 = DIRECTION( '', ( 0.000000000000000, -0.707106781186545, 0.707106781186550 ) );
#12798 = DIRECTION( '', ( 0.000000000000000, 0.707106781186545, -0.707106781186550 ) );
#12799 = DIRECTION( '', ( -0.707106781186548, -0.707106781186547, 0.000000000000000 ) );
#12800 = DIRECTION( '', ( 0.577350269189625, 0.577350269189624, 0.577350269189628 ) );
#12801 = DIRECTION( '', ( -1.00000000000000, -2.23747897317619E-017, -1.18243525522748E-016 ) );
#12802 = DIRECTION( '', ( 2.23747897317619E-017, -1.00000000000000, 0.000000000000000 ) );
#12803 = DIRECTION( '', ( 0.000000000000000, -1.00000000000000, 0.000000000000000 ) );
#12804 = DIRECTION( '', ( 0.000000000000000, -1.00000000000000, 0.000000000000000 ) );
#12805 = DIRECTION( '', ( 0.000000000000000, -1.00000000000000, 0.000000000000000 ) );
#12806 = DIRECTION( '', ( 0.000000000000000, -1.00000000000000, 0.000000000000000 ) );
#12807 = DIRECTION( '', ( 0.000000000000000, 0.000000000000000, -1.00000000000000 ) );
#12808 = DIRECTION( '', ( 1.92747052886312E-016, -1.00000000000000, 0.000000000000000 ) );
#12809 = DIRECTION( '', ( -8.67361737988391E-016, -1.00000000000000, 0.000000000000000 ) );
#12810 = DIRECTION( '', ( -1.00000000000000, -1.11200222819026E-016, 0.000000000000000 ) );
#12811 = DIRECTION( '', ( -5.48963125309116E-017, 1.00000000000000, 0.000000000000000 ) );
#12812 = DIRECTION( '', ( -8.67361737988416E-016, 1.00000000000000, 0.000000000000000 ) );
#12813 = DIRECTION( '', ( -1.00000000000000, 9.63735264431560E-017, 0.000000000000000 ) );
#12814 = DIRECTION( '', ( -1.92747052886312E-016, 1.00000000000000, 0.000000000000000 ) );
#12815 = DIRECTION( '', ( 1.92747052886312E-016, -1.00000000000000, 0.000000000000000 ) );
#12816 = DIRECTION( '', ( -1.92747052886312E-016, 1.00000000000000, 0.000000000000000 ) );
#12817 = DIRECTION( '', ( -1.00000000000000, 9.63735264431560E-017, 0.000000000000000 ) );
#12818 = DIRECTION( '', ( 0.000000000000000, -1.00000000000000, 0.000000000000000 ) );
#12819 = DIRECTION( '', ( 0.000000000000000, -1.00000000000000, 0.000000000000000 ) );
#12820 = DIRECTION( '', ( -1.00000000000000, -1.11200222819026E-016, 0.000000000000000 ) );
#12821 = DIRECTION( '', ( 1.00000000000000, -1.92747052886312E-016, 0.000000000000000 ) );
#12822 = DIRECTION( '', ( -1.92747052886312E-016, 1.00000000000000, 0.000000000000000 ) );
#12823 = DIRECTION( '', ( 7.47725636196900E-017, -1.00000000000000, 0.000000000000000 ) );
#12824 = CARTESIAN_POINT( '', ( -2.35000000000000, -2.35000000000000, -2.60000000000000 ) );
#12825 = DIRECTION( '', ( 0.000000000000000, 0.000000000000000, -1.00000000000000 ) );
#12826 = DIRECTION( '', ( -1.00000000000000, 0.000000000000000, 0.000000000000000 ) );
#12827 = CARTESIAN_POINT( '', ( 2.35000000000000, -2.35000000000000, -2.60000000000000 ) );
#12828 = DIRECTION( '', ( 0.000000000000000, 0.000000000000000, -1.00000000000000 ) );
#12829 = DIRECTION( '', ( -1.00000000000000, 0.000000000000000, 0.000000000000000 ) );
#12830 = DIRECTION( '', ( 0.000000000000000, 1.00000000000000, 0.000000000000000 ) );
#12831 = DIRECTION( '', ( -1.00000000000000, 0.000000000000000, 0.000000000000000 ) );
#12832 = CARTESIAN_POINT( '', ( 2.35000000000000, 2.35000000000000, -2.60000000000000 ) );
#12833 = DIRECTION( '', ( 0.000000000000000, 0.000000000000000, -1.00000000000000 ) );
#12834 = DIRECTION( '', ( -1.00000000000000, 0.000000000000000, 0.000000000000000 ) );
#12835 = CARTESIAN_POINT( '', ( -2.35000000000000, 2.35000000000000, -2.60000000000000 ) );
#12836 = DIRECTION( '', ( 0.000000000000000, 0.000000000000000, -1.00000000000000 ) );
#12837 = DIRECTION( '', ( -1.00000000000000, 0.000000000000000, 0.000000000000000 ) );
#12838 = DIRECTION( '', ( 7.47725636196900E-017, -1.00000000000000, 0.000000000000000 ) );
#12839 = DIRECTION( '', ( 1.00000000000000, 0.000000000000000, 0.000000000000000 ) );
#12840 = DIRECTION( '', ( 0.000000000000000, -0.196116135138184, -0.980580675690920 ) );
#12841 = DIRECTION( '', ( 1.00000000000000, 0.000000000000000, 0.000000000000000 ) );
#12842 = CARTESIAN_POINT( '', ( -2.40000000000000, -2.50000000000000, 0.200000000000000 ) );
#12843 = DIRECTION( '', ( -7.22801448323670E-017, -6.97630140850492E-032, 1.00000000000000 ) );
#12844 = DIRECTION( '', ( -1.00000000000000, -2.44775235369814E-016, -7.22801448323670E-017 ) );
#12845 = DIRECTION( '', ( 0.000000000000000, 0.707106781186548, -0.707106781186547 ) );
#12846 = DIRECTION( '', ( 0.000000000000000, -1.00000000000000, 0.000000000000000 ) );
#12847 = DIRECTION( '', ( 0.000000000000000, -1.00000000000000, 0.000000000000000 ) );
#12848 = DIRECTION( '', ( 0.000000000000000, -1.00000000000000, 0.000000000000000 ) );
#12849 = DIRECTION( '', ( 0.000000000000000, 0.000000000000000, -1.00000000000000 ) );
#12850 = CARTESIAN_POINT( '', ( 2.37500000000000, -2.35000000000000, 8.05000000000000 ) );
#12851 = DIRECTION( '', ( 1.00000000000000, 0.000000000000000, 0.000000000000000 ) );
#12852 = DIRECTION( '', ( 0.000000000000000, 0.000000000000000, -1.00000000000000 ) );
#12853 = CARTESIAN_POINT( '', ( 2.37500000000000, -2.35000000000000, 8.05000000000000 ) );
#12854 = DIRECTION( '', ( 0.000000000000000, 1.00000000000000, 0.000000000000000 ) );
#12855 = DIRECTION( '', ( 0.000000000000000, 0.000000000000000, 1.00000000000000 ) );
#12856 = DIRECTION( '', ( -1.92747052886312E-016, 1.00000000000000, 0.000000000000000 ) );
#12857 = DIRECTION( '', ( -1.92747052886312E-016, 1.00000000000000, 0.000000000000000 ) );
#12858 = DIRECTION( '', ( -0.0227214053532940, 2.18974195964135E-018, 0.999741835544943 ) );
#12859 = DIRECTION( '', ( 0.0160685338316567, -0.707015488592896, -0.707015488592895 ) );
#12860 = DIRECTION( '', ( 0.000000000000000, 0.196116135138184, -0.980580675690920 ) );
#12861 = DIRECTION( '', ( 0.000000000000000, 0.000000000000000, -1.00000000000000 ) );
#12862 = DIRECTION( '', ( 0.000000000000000, 0.000000000000000, -1.00000000000000 ) );
#12863 = DIRECTION( '', ( 0.000000000000000, 0.000000000000000, -1.00000000000000 ) );
#12864 = CARTESIAN_POINT( '', ( 3.40000000000000, 3.45000000000000, 6.70000000000000 ) );
#12865 = DIRECTION( '', ( -0.707106781186549, 0.000000000000000, 0.707106781186546 ) );
#12866 = DIRECTION( '', ( -0.707106781186546, 0.000000000000000, -0.707106781186549 ) );
#12867 = DIRECTION( '', ( -1.92747052886312E-016, 1.00000000000000, 0.000000000000000 ) );
#12868 = DIRECTION( '', ( 0.0160685338316565, 0.707015488592895, -0.707015488592895 ) );
#12869 = DIRECTION( '', ( -0.0227214053532940, 4.37948391928270E-018, 0.999741835544943 ) );
#12870 = DIRECTION( '', ( -1.92747052886312E-016, 1.00000000000000, 0.000000000000000 ) );
#12871 = DIRECTION( '', ( -0.0227214053532940, -2.52660914183526E-018, 0.999741835544943 ) );
#12872 = DIRECTION( '', ( -1.00000000000000, 0.000000000000000, 0.000000000000000 ) );
#12873 = DIRECTION( '', ( -1.00000000000000, -1.11200222819026E-016, 0.000000000000000 ) );
#12874 = DIRECTION( '', ( -1.00000000000000, -1.11199510001654E-016, 0.000000000000000 ) );
#12875 = DIRECTION( '', ( -1.00000000000000, -1.11200222819026E-016, 0.000000000000000 ) );
#12876 = DIRECTION( '', ( -1.00000000000000, -1.11199510001654E-016, 0.000000000000000 ) );
#12877 = DIRECTION( '', ( -0.0227214053532941, -2.52660914183527E-018, -0.999741835544943 ) );
#12878 = DIRECTION( '', ( -1.00000000000000, -1.11200222819026E-016, 0.000000000000000 ) );
#12879 = DIRECTION( '', ( 0.000000000000000, 0.000000000000000, 1.00000000000000 ) );
#12880 = DIRECTION( '', ( -1.00000000000000, 0.000000000000000, 0.000000000000000 ) );
#12881 = DIRECTION( '', ( 0.000000000000000, 0.000000000000000, 1.00000000000000 ) );
#12882 = DIRECTION( '', ( 0.000000000000000, -0.196116135138184, 0.980580675690920 ) );
#12883 = DIRECTION( '', ( 0.000000000000000, 0.707106781186548, -0.707106781186548 ) );
#12884 = CARTESIAN_POINT( '', ( -1.45000000000000, 3.45000000000000, -4.40000000000000 ) );
#12885 = DIRECTION( '', ( 1.92747052886312E-016, 1.00000000000000, 0.000000000000000 ) );
#12886 = DIRECTION( '', ( -1.00000000000000, 1.92747052886312E-016, 0.000000000000000 ) );
#12887 = DIRECTION( '', ( 0.000000000000000, 1.00000000000000, 0.000000000000000 ) );
#12888 = DIRECTION( '', ( -7.20400114608309E-016, -1.00000000000000, 0.000000000000000 ) );
#12889 = DIRECTION( '', ( 0.447213595499963, 4.31639538551651E-016, 0.894427190999913 ) );
#12890 = DIRECTION( '', ( -7.20400114608309E-016, -1.00000000000000, 0.000000000000000 ) );
#12891 = DIRECTION( '', ( 0.447213595499963, -3.22172725452567E-016, 0.894427190999913 ) );
#12892 = DIRECTION( '', ( -1.36355018121264E-016, 1.00000000000000, 5.99072536266242E-032 ) );
#12893 = DIRECTION( '', ( 1.36355018121264E-016, -1.00000000000000, -5.99072536266242E-032 ) );
#12894 = DIRECTION( '', ( 1.00000000000000, 7.05172144706019E-017, 0.000000000000000 ) );
#12895 = DIRECTION( '', ( -0.577350269189626, 0.577350269189626, 0.577350269189626 ) );
#12896 = DIRECTION( '', ( -2.44775235369814E-016, 1.00000000000000, 0.000000000000000 ) );
#12897 = CARTESIAN_POINT( '', ( 3.40000000000000, -3.45000000000000, 6.80000000000000 ) );
#12898 = DIRECTION( '', ( 0.000000000000000, 0.000000000000000, 1.00000000000000 ) );
#12899 = DIRECTION( '', ( -1.00000000000000, -2.44775235369814E-016, 0.000000000000000 ) );
#12900 = DIRECTION( '', ( 0.000000000000000, -0.196116135138184, 0.980580675690920 ) );
#12901 = DIRECTION( '', ( 1.00000000000000, -9.63735264431560E-017, 0.000000000000000 ) );
#12902 = DIRECTION( '', ( -1.00000000000000, -1.31418445149758E-016, 0.000000000000000 ) );
#12903 = DIRECTION( '', ( 1.00000000000000, 1.31418445149758E-016, 0.000000000000000 ) );
#12904 = DIRECTION( '', ( -1.00000000000000, -1.31418445149758E-016, 0.000000000000000 ) );
#12905 = DIRECTION( '', ( 0.000000000000000, 0.707106781186547, -0.707106781186548 ) );
#12906 = DIRECTION( '', ( 1.15648231731783E-015, -1.00000000000000, 0.000000000000000 ) );
#12907 = DIRECTION( '', ( 0.000000000000000, -1.00000000000000, 0.000000000000000 ) );
#12908 = DIRECTION( '', ( 0.000000000000000, -1.00000000000000, 0.000000000000000 ) );
#12909 = DIRECTION( '', ( 1.00000000000000, 0.000000000000000, 0.000000000000000 ) );
#12910 = DIRECTION( '', ( 1.00000000000000, 0.000000000000000, 7.22801448323669E-017 ) );
#12911 = DIRECTION( '', ( 7.22801448323669E-017, -5.20706246211423E-032, -1.00000000000000 ) );
#12912 = DIRECTION( '', ( 1.00000000000000, 0.000000000000000, 7.22801448323669E-017 ) );
#12913 = CARTESIAN_POINT( '', ( -2.37500000000000, 2.35000000000000, 2.85000000000000 ) );
#12914 = DIRECTION( '', ( 0.000000000000000, 0.000000000000000, 1.00000000000000 ) );
#12915 = DIRECTION( '', ( 1.00000000000000, 0.000000000000000, 0.000000000000000 ) );
#12916 = DIRECTION( '', ( -1.34474688060218E-016, 1.00000000000000, 0.000000000000000 ) );
#12917 = DIRECTION( '', ( -2.22400445638052E-016, 1.00000000000000, 0.000000000000000 ) );
#12918 = DIRECTION( '', ( -2.22400445638052E-016, 1.00000000000000, 0.000000000000000 ) );
#12919 = DIRECTION( '', ( -1.00000000000000, 0.000000000000000, -1.06262613781101E-016 ) );
#12920 = DIRECTION( '', ( -1.24800250070274E-016, 0.000000000000000, 1.00000000000000 ) );
#12921 = CARTESIAN_POINT( '', ( 3.47500000000000, -2.00000000000000, 2.99435389988899 ) );
#12922 = DIRECTION( '', ( 0.000000000000000, -1.00000000000000, 0.000000000000000 ) );
#12923 = DIRECTION( '', ( 0.000000000000000, 0.000000000000000, -1.00000000000000 ) );
#12924 = DIRECTION( '', ( 0.000000000000000, 0.000000000000000, 1.00000000000000 ) );
#12925 = DIRECTION( '', ( 7.47725636196900E-017, -1.00000000000000, 0.000000000000000 ) );
#12926 = DIRECTION( '', ( 0.000000000000000, 0.000000000000000, 1.00000000000000 ) );
#12927 = CARTESIAN_POINT( '', ( 1.83002540378444, -4.45000000000000, 3.50000000000000 ) );
#12928 = DIRECTION( '', ( -1.08642723642486E-016, -2.43085809738654E-033, 1.00000000000000 ) );
#12929 = DIRECTION( '', ( 1.00000000000000, 0.000000000000000, 1.08642723642486E-016 ) );
#12930 = CARTESIAN_POINT( '', ( 1.65105080756888, -3.75000000000000, 3.50000000000000 ) );
#12931 = DIRECTION( '', ( -1.08642723642486E-016, -2.43085809738654E-033, 1.00000000000000 ) );
#12932 = DIRECTION( '', ( 1.00000000000000, 0.000000000000000, 1.08642723642486E-016 ) );
#12933 = DIRECTION( '', ( -1.00000000000000, -2.23747897317619E-017, -1.08642723642486E-016 ) );
#12934 = DIRECTION( '', ( 1.00000000000000, 0.000000000000000, 0.000000000000000 ) );
#12935 = DIRECTION( '', ( 1.00000000000000, 9.65175349978123E-016, 0.000000000000000 ) );
#12936 = CARTESIAN_POINT( '', ( -3.40000000000000, -3.45000000000000, 0.850000000000000 ) );
#12937 = DIRECTION( '', ( 0.000000000000000, 0.000000000000000, 1.00000000000000 ) );
#12938 = DIRECTION( '', ( -1.00000000000000, -2.44775235369814E-016, 0.000000000000000 ) );
#12939 = DIRECTION( '', ( -1.58213655469519E-017, 0.707106781186548, -0.707106781186548 ) );
#12940 = DIRECTION( '', ( 0.000000000000000, 0.000000000000000, -1.00000000000000 ) );
#12941 = DIRECTION( '', ( 2.23747897317619E-017, -1.00000000000000, 0.000000000000000 ) );
#12942 = CARTESIAN_POINT( '', ( -1.45000000000000, -3.45000000000000, -4.40000000000000 ) );
#12943 = DIRECTION( '', ( 9.63735264431560E-017, 1.00000000000000, 0.000000000000000 ) );
#12944 = DIRECTION( '', ( -1.00000000000000, 9.63735264431560E-017, 0.000000000000000 ) );
#12945 = CARTESIAN_POINT( '', ( -1.65100000000000, 3.75000000000000, 0.850000000000000 ) );
#12946 = DIRECTION( '', ( -7.22801448323669E-017, 5.20706246211423E-032, 1.00000000000000 ) );
#12947 = DIRECTION( '', ( 1.00000000000000, 0.000000000000000, 7.22801448323669E-017 ) );
#12948 = DIRECTION( '', ( 8.18265790555098E-017, 0.000000000000000, 1.00000000000000 ) );
#12949 = DIRECTION( '', ( -4.61615669866915E-016, 1.00000000000000, 0.000000000000000 ) );
#12950 = DIRECTION( '', ( 2.44775235369814E-016, -1.00000000000000, 0.000000000000000 ) );
#12951 = DIRECTION( '', ( 0.000000000000000, -1.00000000000000, 0.000000000000000 ) );
#12952 = DIRECTION( '', ( 0.000000000000000, -1.00000000000000, 0.000000000000000 ) );
#12953 = DIRECTION( '', ( 1.00000000000000, 0.000000000000000, 0.000000000000000 ) );
#12954 = DIRECTION( '', ( 1.00000000000000, 8.67361737988404E-017, 0.000000000000000 ) );
#12955 = DIRECTION( '', ( 1.00000000000000, 0.000000000000000, 0.000000000000000 ) );
#12956 = DIRECTION( '', ( 0.000000000000000, 0.000000000000000, 1.00000000000000 ) );
#12957 = DIRECTION( '', ( 1.00000000000000, 0.000000000000000, 0.000000000000000 ) );
#12958 = DIRECTION( '', ( -1.00000000000000, 0.000000000000000, 0.000000000000000 ) );
#12959 = DIRECTION( '', ( -0.577350269189625, 0.577350269189625, 0.577350269189628 ) );
#12960 = DIRECTION( '', ( -1.00000000000000, 1.92747052886312E-016, 0.000000000000000 ) );
#12961 = CARTESIAN_POINT( '', ( 2.40000000000000, 2.50000000000000, 4.60785923306339E-016 ) );
#12962 = DIRECTION( '', ( -7.22801448323669E-017, 5.20706246211423E-032, 1.00000000000000 ) );
#12963 = DIRECTION( '', ( -1.00000000000000, 0.000000000000000, -7.22801448323669E-017 ) );
#12964 = CARTESIAN_POINT( '', ( 2.40000000000000, 2.50000000000000, 0.200000000000000 ) );
#12965 = DIRECTION( '', ( 7.22801448323670E-017, -5.20706246211423E-032, -1.00000000000000 ) );
#12966 = DIRECTION( '', ( -1.00000000000000, 0.000000000000000, -7.22801448323670E-017 ) );
#12967 = DIRECTION( '', ( -1.00000000000000, 0.000000000000000, 0.000000000000000 ) );
#12968 = DIRECTION( '', ( -1.00000000000000, 0.000000000000000, 0.000000000000000 ) );
#12969 = CARTESIAN_POINT( '', ( 3.40000000000000, -3.45000000000000, -2.00000000000000 ) );
#12970 = DIRECTION( '', ( 0.000000000000000, -0.000000000000000, 1.00000000000000 ) );
#12971 = DIRECTION( '', ( 0.000000000000000, 1.00000000000000, 0.000000000000000 ) );
#12972 = DIRECTION( '', ( 0.577350269189626, 0.577350269189626, -0.577350269189626 ) );
#12973 = DIRECTION( '', ( -1.00000000000000, 0.000000000000000, 0.000000000000000 ) );
#12974 = DIRECTION( '', ( 1.00000000000000, 0.000000000000000, 0.000000000000000 ) );
#12975 = DIRECTION( '', ( 0.000000000000000, 0.000000000000000, -1.00000000000000 ) );
#12976 = DIRECTION( '', ( 1.00000000000000, 0.000000000000000, 0.000000000000000 ) );
#12977 = DIRECTION( '', ( 1.00000000000000, 0.000000000000000, 0.000000000000000 ) );
#12978 = DIRECTION( '', ( 0.000000000000000, 0.196116135138184, 0.980580675690920 ) );
#12979 = DIRECTION( '', ( 1.00000000000000, 0.000000000000000, 0.000000000000000 ) );
#12980 = DIRECTION( '', ( -2.22400445638052E-016, 1.00000000000000, 0.000000000000000 ) );
#12981 = DIRECTION( '', ( 0.000000000000000, 0.000000000000000, 1.00000000000000 ) );
#12982 = DIRECTION( '', ( -2.22400445638052E-016, 1.00000000000000, 0.000000000000000 ) );
#12983 = CARTESIAN_POINT( '', ( 3.40000000000000, 3.45000000000000, -2.00000000000000 ) );
#12984 = DIRECTION( '', ( 0.000000000000000, 0.000000000000000, 1.00000000000000 ) );
#12985 = DIRECTION( '', ( 0.000000000000000, -1.00000000000000, 0.000000000000000 ) );
#12986 = CARTESIAN_POINT( '', ( 3.40000000000000, 3.45000000000000, 0.000000000000000 ) );
#12987 = DIRECTION( '', ( 0.000000000000000, 0.000000000000000, -1.00000000000000 ) );
#12988 = DIRECTION( '', ( -1.00000000000000, 0.000000000000000, 0.000000000000000 ) );
#12989 = DIRECTION( '', ( 0.000000000000000, 0.000000000000000, 1.00000000000000 ) );
#12990 = DIRECTION( '', ( -6.00323223427102E-017, -1.00000000000000, -7.49204884066952E-033 ) );
#12991 = DIRECTION( '', ( 2.44775235369814E-016, -1.00000000000000, 0.000000000000000 ) );
#12992 = CARTESIAN_POINT( '', ( 3.40000000000000, -3.45000000000000, 6.70000000000000 ) );
#12993 = DIRECTION( '', ( 0.707106781186549, 1.73082228796529E-016, -0.707106781186546 ) );
#12994 = DIRECTION( '', ( -0.707106781186546, -1.73082228796528E-016, -0.707106781186549 ) );
#12995 = DIRECTION( '', ( 0.000000000000000, 0.000000000000000, 1.00000000000000 ) );
#12996 = DIRECTION( '', ( -1.92747052886312E-016, 1.00000000000000, 0.000000000000000 ) );
#12997 = DIRECTION( '', ( -1.92747052886312E-016, 1.00000000000000, 0.000000000000000 ) );
#12998 = DIRECTION( '', ( -0.0227214053532941, 4.37948391928271E-018, -0.999741835544943 ) );
#12999 = DIRECTION( '', ( 0.000000000000000, 1.00000000000000, 0.000000000000000 ) );
#13000 = DIRECTION( '', ( 0.000000000000000, 0.000000000000000, 1.00000000000000 ) );
#13001 = DIRECTION( '', ( 0.000000000000000, 0.000000000000000, -1.00000000000000 ) );
#13002 = DIRECTION( '', ( 1.00000000000000, 0.000000000000000, 0.000000000000000 ) );
#13003 = CARTESIAN_POINT( '', ( 1.83002540378444, -4.45000000000000, 0.200000000000000 ) );
#13004 = DIRECTION( '', ( 7.22801448323669E-017, 6.97630140850492E-032, -1.00000000000000 ) );
#13005 = DIRECTION( '', ( -1.00000000000000, -2.44775235369814E-016, -7.22801448323669E-017 ) );
#13006 = DIRECTION( '', ( 7.22801448323669E-017, 6.97630140850492E-032, -1.00000000000000 ) );
#13007 = DIRECTION( '', ( 0.000000000000000, 0.000000000000000, -1.00000000000000 ) );
#13008 = DIRECTION( '', ( 1.00000000000000, 0.000000000000000, 0.000000000000000 ) );
#13009 = DIRECTION( '', ( 0.000000000000000, 0.000000000000000, -1.00000000000000 ) );
#13010 = DIRECTION( '', ( 0.000000000000000, -1.00000000000000, 0.000000000000000 ) );
#13011 = DIRECTION( '', ( 0.000000000000000, 1.00000000000000, 0.000000000000000 ) );
#13012 = DIRECTION( '', ( 7.22801448323669E-017, 6.97630140850492E-032, -1.00000000000000 ) );
#13013 = DIRECTION( '', ( -8.18265790555098E-017, -1.83085250083642E-033, 1.00000000000000 ) );
#13014 = DIRECTION( '', ( 0.000000000000000, 0.000000000000000, -1.00000000000000 ) );
#13015 = DIRECTION( '', ( 1.00000000000000, 9.65175349978123E-016, 7.22801448323670E-017 ) );
#13016 = DIRECTION( '', ( 0.000000000000000, 0.000000000000000, 1.00000000000000 ) );
#13017 = DIRECTION( '', ( 7.47725636196900E-017, -1.00000000000000, 0.000000000000000 ) );
#13018 = DIRECTION( '', ( 0.000000000000000, -1.00000000000000, 0.000000000000000 ) );
#13019 = DIRECTION( '', ( 0.000000000000000, 0.000000000000000, 1.00000000000000 ) );
#13020 = DIRECTION( '', ( 0.000000000000000, -0.707106781186545, 0.707106781186550 ) );
#13021 = DIRECTION( '', ( -1.00000000000000, 9.63735264431560E-017, 0.000000000000000 ) );
#13022 = DIRECTION( '', ( -0.0227214053532912, 2.18974195964108E-018, -0.999741835544943 ) );
#13023 = DIRECTION( '', ( -0.0227214053532970, 2.18974195964163E-018, 0.999741835544943 ) );
#13024 = DIRECTION( '', ( 1.00000000000000, -9.63735264431560E-017, 0.000000000000000 ) );
#13025 = CARTESIAN_POINT( '', ( 1.45000000000001, -3.45000000000000, -4.40000000000000 ) );
#13026 = DIRECTION( '', ( 9.63735264431560E-017, 1.00000000000000, 0.000000000000000 ) );
#13027 = DIRECTION( '', ( -1.00000000000000, 9.63735264431560E-017, 0.000000000000000 ) );
#13028 = DIRECTION( '', ( -6.72373440301088E-017, 1.00000000000000, 0.000000000000000 ) );
#13029 = CARTESIAN_POINT( '', ( -2.37500000000000, 2.35000000000000, 0.000000000000000 ) );
#13030 = DIRECTION( '', ( 0.000000000000000, 0.000000000000000, -1.00000000000000 ) );
#13031 = DIRECTION( '', ( -1.00000000000000, 0.000000000000000, 0.000000000000000 ) );
#13032 = DIRECTION( '', ( -1.15648231731783E-015, 1.00000000000000, 0.000000000000000 ) );
#13033 = DIRECTION( '', ( 1.00000000000000, 7.05172144706019E-017, 0.000000000000000 ) );
#13034 = DIRECTION( '', ( 0.000000000000000, -1.00000000000000, 0.000000000000000 ) );
#13035 = DIRECTION( '', ( 0.000000000000000, 1.00000000000000, 0.000000000000000 ) );
#13036 = DIRECTION( '', ( -1.00000000000000, -8.85062997947351E-017, 0.000000000000000 ) );
#13037 = DIRECTION( '', ( 1.00000000000000, 0.000000000000000, 1.13380619344889E-016 ) );
#13038 = DIRECTION( '', ( -1.92747052886312E-016, 1.00000000000000, 0.000000000000000 ) );
#13039 = DIRECTION( '', ( -1.92747052886312E-016, 1.00000000000000, 0.000000000000000 ) );
#13040 = DIRECTION( '', ( 0.000000000000000, 1.00000000000000, 0.000000000000000 ) );
#13041 = DIRECTION( '', ( 0.000000000000000, 0.000000000000000, -1.00000000000000 ) );
#13042 = DIRECTION( '', ( -7.20400114608309E-016, -1.00000000000000, 0.000000000000000 ) );
#13043 = DIRECTION( '', ( 0.000000000000000, 0.000000000000000, -1.00000000000000 ) );
#13044 = CARTESIAN_POINT( '', ( 2.40000000000000, -2.50000000000000, 4.60785923306339E-016 ) );
#13045 = DIRECTION( '', ( 7.22801448323669E-017, 6.97630140850492E-032, -1.00000000000000 ) );
#13046 = DIRECTION( '', ( -1.00000000000000, -2.44775235369814E-016, -7.22801448323669E-017 ) );
#13047 = DIRECTION( '', ( 0.000000000000000, -1.00000000000000, 0.000000000000000 ) );
#13048 = DIRECTION( '', ( 0.000000000000000, 0.000000000000000, -1.00000000000000 ) );
#13049 = DIRECTION( '', ( 0.000000000000000, 0.000000000000000, -1.00000000000000 ) );
#13050 = CARTESIAN_POINT( '', ( 3.40000000000000, -3.45000000000000, 0.850000000000000 ) );
#13051 = DIRECTION( '', ( 0.000000000000000, 0.000000000000000, 1.00000000000000 ) );
#13052 = DIRECTION( '', ( -1.00000000000000, -2.44775235369814E-016, 0.000000000000000 ) );
#13053 = DIRECTION( '', ( -0.577350269189625, -0.577350269189625, 0.577350269189628 ) );
#13054 = CARTESIAN_POINT( '', ( -3.40000000000000, -3.45000000000000, 6.70000000000000 ) );
#13055 = DIRECTION( '', ( -1.73082228796529E-016, 0.707106781186549, 0.707106781186546 ) );
#13056 = DIRECTION( '', ( -1.73082228796528E-016, 0.707106781186546, -0.707106781186549 ) );
#13057 = DIRECTION( '', ( 1.00000000000000, 8.67361737988404E-017, 0.000000000000000 ) );
#13058 = DIRECTION( '', ( -2.44775235369814E-016, 1.00000000000000, 0.000000000000000 ) );
#13059 = CARTESIAN_POINT( '', ( -3.40000000000000, -3.45000000000000, 6.70000000000000 ) );
#13060 = DIRECTION( '', ( 0.707106781186549, 1.73082228796529E-016, 0.707106781186546 ) );
#13061 = DIRECTION( '', ( 0.707106781186546, 1.73082228796528E-016, -0.707106781186549 ) );
#13062 = DIRECTION( '', ( -1.92747052886312E-016, 1.00000000000000, 0.000000000000000 ) );
#13063 = DIRECTION( '', ( -1.73082228796528E-016, 0.707106781186545, 0.707106781186550 ) );
#13064 = DIRECTION( '', ( -2.44775235369814E-016, 1.00000000000000, 0.000000000000000 ) );
#13065 = CARTESIAN_POINT( '', ( -2.37500000000000, -2.35000000000000, 8.05000000000000 ) );
#13066 = DIRECTION( '', ( 1.00000000000000, 0.000000000000000, 0.000000000000000 ) );
#13067 = DIRECTION( '', ( 0.000000000000000, 0.000000000000000, -1.00000000000000 ) );
#13068 = DIRECTION( '', ( -1.00000000000000, -8.85062997947351E-017, 0.000000000000000 ) );
#13069 = DIRECTION( '', ( -1.00000000000000, -8.85062997947351E-017, 0.000000000000000 ) );
#13070 = DIRECTION( '', ( 0.000000000000000, 0.000000000000000, -1.00000000000000 ) );
#13071 = DIRECTION( '', ( 0.577350269189625, 0.577350269189624, -0.577350269189628 ) );
#13072 = DIRECTION( '', ( 0.000000000000000, 0.000000000000000, 1.00000000000000 ) );
#13073 = DIRECTION( '', ( 1.00000000000000, -7.20400114608309E-016, 7.22801448323670E-017 ) );
#13074 = DIRECTION( '', ( 1.00000000000000, 9.65175349978123E-016, 7.22801448323670E-017 ) );
#13075 = CARTESIAN_POINT( '', ( -1.82997459621556, -4.45000000000000, 0.200000000000000 ) );
#13076 = DIRECTION( '', ( 7.22801448323669E-017, 6.97630140850492E-032, -1.00000000000000 ) );
#13077 = DIRECTION( '', ( -1.00000000000000, -2.44775235369814E-016, -7.22801448323669E-017 ) );
#13078 = CARTESIAN_POINT( '', ( -1.82997459621557, 4.45000000000000, 0.200000000000000 ) );
#13079 = DIRECTION( '', ( -7.22801448323669E-017, 5.20706246211423E-032, 1.00000000000000 ) );
#13080 = DIRECTION( '', ( -1.00000000000000, 0.000000000000000, -7.22801448323669E-017 ) );
#13081 = DIRECTION( '', ( -3.76367228912797E-048, -1.00000000000000, 5.20706246211423E-032 ) );
#13082 = CARTESIAN_POINT( '', ( 2.40000000000000, -2.50000000000000, 0.200000000000000 ) );
#13083 = DIRECTION( '', ( -7.22801448323670E-017, -6.97630140850492E-032, 1.00000000000000 ) );
#13084 = DIRECTION( '', ( -1.00000000000000, -2.44775235369814E-016, -7.22801448323670E-017 ) );
#13085 = DIRECTION( '', ( 1.36355018121264E-016, -1.00000000000000, -5.99072536266242E-032 ) );
#13086 = DIRECTION( '', ( -2.44775235369814E-016, 1.00000000000000, 5.20706246211423E-032 ) );
#13087 = DIRECTION( '', ( 0.000000000000000, 0.707106781186548, -0.707106781186547 ) );
#13088 = CARTESIAN_POINT( '', ( 1.45000000000001, 3.45000000000000, -4.40000000000000 ) );
#13089 = DIRECTION( '', ( 1.92747052886312E-016, 1.00000000000000, 0.000000000000000 ) );
#13090 = DIRECTION( '', ( -1.00000000000000, 1.92747052886312E-016, 0.000000000000000 ) );
#13091 = DIRECTION( '', ( -1.00000000000000, 0.000000000000000, 0.000000000000000 ) );
#13092 = DIRECTION( '', ( 0.000000000000000, 0.000000000000000, 1.00000000000000 ) );
#13093 = DIRECTION( '', ( -1.00000000000000, 0.000000000000000, 0.000000000000000 ) );
#13094 = DIRECTION( '', ( 0.000000000000000, 0.000000000000000, -1.00000000000000 ) );
#13095 = DIRECTION( '', ( -1.00000000000000, 1.92747052886312E-016, 0.000000000000000 ) );
#13096 = DIRECTION( '', ( -1.00000000000000, 1.92747052886312E-016, 0.000000000000000 ) );
#13097 = DIRECTION( '', ( 1.00000000000000, -1.92747052886312E-016, 0.000000000000000 ) );
#13098 = CARTESIAN_POINT( '', ( -2.35000000000000, -2.35000000000000, 0.000000000000000 ) );
#13099 = DIRECTION( '', ( 0.000000000000000, 0.000000000000000, -1.00000000000000 ) );
#13100 = DIRECTION( '', ( -1.00000000000000, 0.000000000000000, 0.000000000000000 ) );
#13101 = DIRECTION( '', ( 6.72373440301088E-017, -1.00000000000000, 0.000000000000000 ) );
#13102 = DIRECTION( '', ( 0.000000000000000, 1.00000000000000, 0.000000000000000 ) );
#13103 = DIRECTION( '', ( 0.577350269189625, -0.577350269189624, 0.577350269189628 ) );
#13104 = DIRECTION( '', ( 0.000000000000000, 0.196116135138184, 0.980580675690920 ) );
#13105 = DIRECTION( '', ( -1.00000000000000, 0.000000000000000, 0.000000000000000 ) );
#13106 = DIRECTION( '', ( 0.000000000000000, 0.000000000000000, 1.00000000000000 ) );
#13107 = DIRECTION( '', ( -0.577350269189626, -0.577350269189626, -0.577350269189626 ) );
#13108 = DIRECTION( '', ( 8.17756488897768E-016, -0.707106781186548, -0.707106781186548 ) );
#13109 = DIRECTION( '', ( 1.08420217248550E-016, -1.00000000000000, 5.99072536266242E-032 ) );
#13110 = DIRECTION( '', ( -1.00000000000000, 0.000000000000000, -7.22801448323669E-017 ) );
#13111 = CARTESIAN_POINT( '', ( -1.82997459621557, 4.45000000000000, 0.850000000000000 ) );
#13112 = DIRECTION( '', ( -7.22801448323669E-017, 5.20706246211423E-032, 1.00000000000000 ) );
#13113 = DIRECTION( '', ( -1.00000000000000, 0.000000000000000, -7.22801448323669E-017 ) );
#13114 = DIRECTION( '', ( 1.00000000000000, 0.000000000000000, 0.000000000000000 ) );
#13115 = CARTESIAN_POINT( '', ( -2.35000000000000, 2.35000000000000, 0.000000000000000 ) );
#13116 = DIRECTION( '', ( 0.000000000000000, 0.000000000000000, -1.00000000000000 ) );
#13117 = DIRECTION( '', ( -1.00000000000000, 0.000000000000000, 0.000000000000000 ) );
#13118 = DIRECTION( '', ( -1.00000000000000, -2.23747897317619E-017, 0.000000000000000 ) );
#13119 = DIRECTION( '', ( 0.000000000000000, 0.000000000000000, -1.00000000000000 ) );
#13120 = DIRECTION( '', ( 0.000000000000000, 1.00000000000000, 0.000000000000000 ) );
#13121 = DIRECTION( '', ( 1.00000000000000, 3.94255335449275E-016, 0.000000000000000 ) );
#13122 = DIRECTION( '', ( -1.53329341668337E-016, -0.707106781186545, 0.707106781186550 ) );
#13123 = DIRECTION( '', ( -5.48963125309116E-017, 1.00000000000000, 0.000000000000000 ) );
#13124 = DIRECTION( '', ( 0.000000000000000, 0.000000000000000, 1.00000000000000 ) );
#13125 = DIRECTION( '', ( 1.00000000000000, 9.65175349978123E-016, 0.000000000000000 ) );
#13126 = DIRECTION( '', ( 1.00000000000000, 0.000000000000000, 0.000000000000000 ) );
#13127 = CARTESIAN_POINT( '', ( 2.35000000000000, -2.35000000000000, 0.000000000000000 ) );
#13128 = DIRECTION( '', ( 0.000000000000000, 0.000000000000000, -1.00000000000000 ) );
#13129 = DIRECTION( '', ( -1.00000000000000, 0.000000000000000, 0.000000000000000 ) );
#13130 = DIRECTION( '', ( 0.000000000000000, 0.000000000000000, 1.00000000000000 ) );
#13131 = CARTESIAN_POINT( '', ( -3.40000000000000, -3.45000000000000, 0.000000000000000 ) );
#13132 = DIRECTION( '', ( 0.000000000000000, 0.000000000000000, -1.00000000000000 ) );
#13133 = DIRECTION( '', ( -1.00000000000000, 0.000000000000000, 0.000000000000000 ) );
#13134 = CARTESIAN_POINT( '', ( 3.40000000000000, -3.45000000000000, 0.000000000000000 ) );
#13135 = DIRECTION( '', ( 0.000000000000000, 0.000000000000000, -1.00000000000000 ) );
#13136 = DIRECTION( '', ( -1.00000000000000, 0.000000000000000, 0.000000000000000 ) );
#13137 = CARTESIAN_POINT( '', ( 2.35000000000000, 2.35000000000000, 0.000000000000000 ) );
#13138 = DIRECTION( '', ( 0.000000000000000, 0.000000000000000, -1.00000000000000 ) );
#13139 = DIRECTION( '', ( -1.00000000000000, 0.000000000000000, 0.000000000000000 ) );
#13140 = DIRECTION( '', ( 0.000000000000000, 1.00000000000000, 0.000000000000000 ) );
#13141 = DIRECTION( '', ( 1.00000000000000, 2.23747897317619E-017, 0.000000000000000 ) );
#13142 = DIRECTION( '', ( 0.000000000000000, 0.000000000000000, -1.00000000000000 ) );
ENDSEC;
END-ISO-10303-21;
